DataPoint #,Frame Axle Mount Inset,Frame FCC Loading Style,Frame FCC Loading Style - Flush,Frame FCC Loading Style - Hanging,Frame Overbody Height,Frame Shape,Frame Shape - Box,Frame Shape - MUTT,Frame Shape - Protector,Frame Shape - SMSS,Frame Underbody Length,Frame Underbody Width,Offload Generator Present,Offload Generator Height,Offload Generator Length,Offload Generator Width,Running Gear Type,Running Gear Type - Four-Wheeled,Running Gear Type - Six-Wheeled,Running Gear Type - Eight-Wheeled,Running Gear Type - Oval Track,Running Gear Type - Trapazoidal Track,Running Gear Type - Parallelogram Track,Running Gear Type - Mattrack,Running Gear Back Mount Inset,Running Gear Front Mount Inset,Running Gear Drive Gear Radius,Running Gear Drive Gear Radius - 5,Running Gear Drive Gear Radius - 6,Running Gear Drive Gear Radius - 7,Running Gear Drive Gear Width,Running Gear Track Thickness,Running Gear Track Width,Running Gear Mattrack Ground Contract Length,Running Gear Mattrack Inset Length,Running Gear Mattrack Length,Running Gear Mattrack Track Width,Running Gear Road Wheel Radius,Running Gear Road Wheel Radius - 3.5,Running Gear Road Wheel Radius - 4,Running Gear Road Wheel Radius - 5,Running Gear Road Wheel Radius - 6,Running Gear Road Wheel Radius - 7,Running Gear Road Wheel Width,Running Gear Wheel Contact Patch Arc,Running Gear Wheel Radius,Running Gear Wheel Width,Steering Type Name,Steering Type Name - Pivot,Steering Type Name - Skid,Steering Type Name - Single Ackerman,Steering Type Name - Dual Ackerman,Winch Present,Winch Stowed Width
1,5,1,1,0,0,1,1,0,0,0,44,19,1,24.86,28.323,22.441,6,0,0,0,0,0,1,0,12.5,9,3,0,0,1,13,2,14,0,0,0,0,1,1,0,0,0,0,0,0,16,1,3,0,0,1,0,0,0
2,4,2,0,1,6,4,0,0,0,1,92,37,1,26.229,35.977,13.617,2,0,1,0,0,0,0,0,14,14,0,0,0,0,0,0,0,0,0,0,0,0,0,0,0,0,0,1,69.99,14,1,3,0,0,1,0,0,0
3,4,1,1,0,14,2,0,1,0,0,131,47,1,31.244,34.925,25.688,6,0,0,0,0,0,1,0,16,7,2,0,1,0,13,1,15,0,0,0,0,3,0,0,1,0,0,0,0,13,1,1,1,0,0,0,1,4.524
4,13,1,1,0,31,3,0,0,1,0,47,22,1,15.03,36.587,16.419,7,0,0,0,0,0,0,1,33,33,0,0,0,0,0,0,0,46,33,55,13,0,0,0,0,0,0,0,0,11,1,4,0,0,0,1,1,5.61
5,11,1,1,0,8,3,0,0,1,0,68,44,1,32.248,30.962,14.461,7,0,0,0,0,0,0,1,33,33,0,0,0,0,0,0,0,46,33,55,13,0,0,0,0,0,0,0,0,15,1,3,0,0,1,0,0,0
6,14,1,1,0,7,3,0,0,1,0,127,21,1,32.323,29.824,24.357,6,0,0,0,0,0,1,0,16,7,2,0,1,0,13,1,14,0,0,0,0,3,0,0,1,0,0,0,0,12,1,4,0,0,0,1,1,3.675
7,4,2,0,1,30,3,0,0,1,0,59,31,1,20.709,23.528,28.888,5,0,0,0,0,1,0,0,6,6,1,1,0,0,13,1,15,0,0,0,0,3,0,0,1,0,0,0,0,15,1,3,0,0,1,0,0,0
8,14,1,1,0,2,4,0,0,0,1,34,19,2,0,0,0,2,0,1,0,0,0,0,0,19,19,0,0,0,0,0,0,0,0,0,0,0,0,0,0,0,0,0,1,69.99,19,1,4,0,0,0,1,0,0
9,15,2,0,1,0,1,1,0,0,0,77,22,1,13.931,25.76,13.667,6,0,0,0,0,0,1,0,22,7,2,0,1,0,13,1,14,0,0,0,0,5,0,0,0,0,1,0,0,11,1,1,1,0,0,0,0,0
10,9,2,0,1,11,3,0,0,1,0,40,44,2,0,0,0,4,0,0,0,1,0,0,0,8,8,3,0,0,1,13,1,14,0,0,0,0,5,0,0,0,0,1,0,0,19,1,1,1,0,0,0,1,8.708
11,10,1,1,0,0,1,1,0,0,0,41,57,2,0,0,0,3,0,0,1,0,0,0,0,11,11,0,0,0,0,0,0,0,0,0,0,0,0,0,0,0,0,0,1,69.99,11,1,4,0,0,0,1,1,5.597
12,8,1,1,0,0,1,1,0,0,0,92,49,2,0,0,0,1,1,0,0,0,0,0,0,20,20,0,0,0,0,0,0,0,0,0,0,0,0,0,0,0,0,0,1,69.99,20,1,2,0,1,0,0,0,0
13,0,1,1,0,32,4,0,0,0,1,122,29,1,21.843,28.973,18.561,5,0,0,0,0,1,0,0,6,7,2,0,1,0,13,1,15,0,0,0,0,3,0,0,1,0,0,0,0,13,1,4,0,0,0,1,1,2.846
14,9,2,0,1,0,1,1,0,0,0,55,28,2,0,0,0,3,0,0,1,0,0,0,0,17,17,0,0,0,0,0,0,0,0,0,0,0,0,0,0,0,0,0,1,69.99,17,1,1,1,0,0,0,1,6.306
15,9,1,1,0,0,4,0,0,0,1,52,39,2,0,0,0,4,0,0,0,1,0,0,0,6,6,1,1,0,0,13,1,14,0,0,0,0,3,0,0,1,0,0,0,0,20,1,1,1,0,0,0,1,6.392
16,5,1,1,0,22,3,0,0,1,0,85,35,1,33.476,33.765,28.733,4,0,0,0,1,0,0,0,9,8,2,0,1,0,13,2,15,0,0,0,0,5,0,0,0,0,1,0,0,16,1,2,0,1,0,0,0,0
17,12,2,0,1,16,4,0,0,0,1,43,21,2,0,0,0,3,0,0,1,0,0,0,0,16,16,0,0,0,0,0,0,0,0,0,0,0,0,0,0,0,0,0,1,69.99,16,1,3,0,0,1,0,0,0
18,12,1,1,0,33,4,0,0,0,1,39,37,2,0,0,0,6,0,0,0,0,0,1,0,23,9,3,0,0,1,13,2,15,0,0,0,0,5,0,0,0,0,1,0,0,17,1,1,1,0,0,0,0,0
19,9,1,1,0,20,2,0,1,0,0,51,20,1,30.09,30.719,20.64,4,0,0,0,1,0,0,0,5.5,9,3,0,0,1,13,2,15,0,0,0,0,1,1,0,0,0,0,0,0,20,1,2,0,1,0,0,0,0
20,8,1,1,0,23,4,0,0,0,1,85,49,1,38.102,25.221,27.789,7,0,0,0,0,0,0,1,33,33,0,0,0,0,0,0,0,45,33,55,13,0,0,0,0,0,0,0,0,16,1,1,1,0,0,0,0,0
21,1,2,0,1,19,4,0,0,0,1,129,18,2,0,0,0,1,1,0,0,0,0,0,0,15,15,0,0,0,0,0,0,0,0,0,0,0,0,0,0,0,0,0,1,69.99,15,1,3,0,0,1,0,1,7.165
22,14,2,0,1,29,4,0,0,0,1,90,22,1,33.357,33.551,14.473,2,0,1,0,0,0,0,0,18,18,0,0,0,0,0,0,0,0,0,0,0,0,0,0,0,0,0,1,69.99,18,1,1,1,0,0,0,1,2.163
23,12,2,0,1,0,1,1,0,0,0,56,45,2,0,0,0,6,0,0,0,0,0,1,0,11.5,6,1,1,0,0,13,1,15,0,0,0,0,1,1,0,0,0,0,0,0,13,1,1,1,0,0,0,1,2.166
24,15,2,0,1,10,3,0,0,1,0,52,23,1,28.876,31.805,14.621,4,0,0,0,1,0,0,0,6,8,2,0,1,0,13,2,14,0,0,0,0,2,0,1,0,0,0,0,0,15,1,4,0,0,0,1,1,3.944
25,7,1,1,0,6,2,0,1,0,0,46,38,2,0,0,0,1,1,0,0,0,0,0,0,12,12,0,0,0,0,0,0,0,0,0,0,0,0,0,0,0,0,0,1,69.99,12,1,4,0,0,0,1,1,3.322
26,1,1,1,0,28,2,0,1,0,0,122,26,2,0,0,0,1,1,0,0,0,0,0,0,11,11,0,0,0,0,0,0,0,0,0,0,0,0,0,0,0,0,0,1,69.99,11,1,4,0,0,0,1,0,0
27,13,2,0,1,29,3,0,0,1,0,93,17,2,0,0,0,2,0,1,0,0,0,0,0,12,12,0,0,0,0,0,0,0,0,0,0,0,0,0,0,0,0,0,1,69.99,12,1,3,0,0,1,0,1,7.334
28,4,2,0,1,24,3,0,0,1,0,91,32,2,0,0,0,5,0,0,0,0,1,0,0,5.5,9,3,0,0,1,13,2,15,0,0,0,0,1,1,0,0,0,0,0,0,16,1,3,0,0,1,0,0,0
29,13,2,0,1,8,2,0,1,0,0,120,32,2,0,0,0,3,0,0,1,0,0,0,0,17,17,0,0,0,0,0,0,0,0,0,0,0,0,0,0,0,0,0,1,69.99,17,1,3,0,0,1,0,1,8.092
30,12,1,1,0,5,4,0,0,0,1,59,43,2,0,0,0,2,0,1,0,0,0,0,0,16,16,0,0,0,0,0,0,0,0,0,0,0,0,0,0,0,0,0,1,69.99,16,1,1,1,0,0,0,0,0
31,0,1,1,0,27,2,0,1,0,0,48,53,2,0,0,0,1,1,0,0,0,0,0,0,18,18,0,0,0,0,0,0,0,0,0,0,0,0,0,0,0,0,0,1,69.99,18,1,3,0,0,1,0,1,8.044
32,15,1,1,0,11,3,0,0,1,0,49,56,2,0,0,0,2,0,1,0,0,0,0,0,18,18,0,0,0,0,0,0,0,0,0,0,0,0,0,0,0,0,0,1,69.99,18,1,4,0,0,0,1,1,5.467
33,13,1,1,0,0,1,1,0,0,0,113,17,2,0,0,0,6,0,0,0,0,0,1,0,19,8,3,0,0,1,13,1,15,0,0,0,0,4,0,0,0,1,0,0,0,20,1,4,0,0,0,1,0,0
34,11,1,1,0,28,4,0,0,0,1,59,27,2,0,0,0,3,0,0,1,0,0,0,0,18,18,0,0,0,0,0,0,0,0,0,0,0,0,0,0,0,0,0,1,69.99,18,1,4,0,0,0,1,1,3.522
35,1,1,1,0,0,1,1,0,0,0,54,56,2,0,0,0,4,0,0,0,1,0,0,0,5,8,3,0,0,1,13,1,14,0,0,0,0,2,0,1,0,0,0,0,0,19,1,3,0,0,1,0,1,4.815
36,0,1,1,0,33,4,0,0,0,1,65,44,1,19.39,27.948,24.021,3,0,0,1,0,0,0,0,16,16,0,0,0,0,0,0,0,0,0,0,0,0,0,0,0,0,0,1,69.99,16,1,1,1,0,0,0,0,0
37,6,1,1,0,0,1,1,0,0,0,115,56,2,0,0,0,7,0,0,0,0,0,0,1,33,33,0,0,0,0,0,0,0,45,33,55,13,0,0,0,0,0,0,0,0,13,1,4,0,0,0,1,1,6.648
38,8,2,0,1,22,3,0,0,1,0,50,37,1,13.946,28.046,19.826,6,0,0,0,0,0,1,0,14,8,2,0,1,0,13,2,14,0,0,0,0,2,0,1,0,0,0,0,0,13,1,3,0,0,1,0,1,4.227
39,9,1,1,0,0,1,1,0,0,0,124,45,2,0,0,0,4,0,0,0,1,0,0,0,6,7,2,0,1,0,13,1,15,0,0,0,0,3,0,0,1,0,0,0,0,16,1,4,0,0,0,1,0,0
40,5,1,1,0,14,4,0,0,0,1,79,40,2,0,0,0,3,0,0,1,0,0,0,0,11,11,0,0,0,0,0,0,0,0,0,0,0,0,0,0,0,0,0,1,69.99,11,1,2,0,1,0,0,1,2.553
41,3,1,1,0,17,2,0,1,0,0,110,28,1,20.27,32.838,23.231,3,0,0,1,0,0,0,0,17,17,0,0,0,0,0,0,0,0,0,0,0,0,0,0,0,0,0,1,69.99,17,1,2,0,1,0,0,1,4.72
42,8,2,0,1,5,4,0,0,0,1,111,22,1,39.395,24.407,23.537,2,0,1,0,0,0,0,0,15,15,0,0,0,0,0,0,0,0,0,0,0,0,0,0,0,0,0,1,69.99,15,1,2,0,1,0,0,1,7.983
43,15,2,0,1,25,2,0,1,0,0,37,37,2,0,0,0,7,0,0,0,0,0,0,1,33,33,0,0,0,0,0,0,0,48,33,55,13,0,0,0,0,0,0,0,0,16,1,1,1,0,0,0,0,0
44,14,1,1,0,13,2,0,1,0,0,125,19,2,0,0,0,7,0,0,0,0,0,0,1,33,33,0,0,0,0,0,0,0,48,33,55,13,0,0,0,0,0,0,0,0,17,1,4,0,0,0,1,0,0
45,12,2,0,1,20,4,0,0,0,1,65,47,1,28.576,37.676,27.536,3,0,0,1,0,0,0,0,12,12,0,0,0,0,0,0,0,0,0,0,0,0,0,0,0,0,0,1,69.99,12,1,2,0,1,0,0,0,0
46,4,1,1,0,28,3,0,0,1,0,129,47,2,0,0,0,3,0,0,1,0,0,0,0,12,12,0,0,0,0,0,0,0,0,0,0,0,0,0,0,0,0,0,1,69.99,12,1,4,0,0,0,1,0,0
47,9,2,0,1,30,4,0,0,0,1,129,19,2,0,0,0,6,0,0,0,0,0,1,0,13,7,2,0,1,0,13,1,14,0,0,0,0,2,0,1,0,0,0,0,0,20,1,1,1,0,0,0,0,0
48,5,2,0,1,11,4,0,0,0,1,40,44,2,0,0,0,7,0,0,0,0,0,0,1,33,33,0,0,0,0,0,0,0,47,33,55,13,0,0,0,0,0,0,0,0,11,1,3,0,0,1,0,1,6.49
49,1,1,1,0,30,3,0,0,1,0,78,23,2,0,0,0,6,0,0,0,0,0,1,0,22,8,3,0,0,1,13,1,15,0,0,0,0,5,0,0,0,0,1,0,0,14,1,3,0,0,1,0,0,0
50,15,1,1,0,9,3,0,0,1,0,60,55,2,0,0,0,2,0,1,0,0,0,0,0,19,19,0,0,0,0,0,0,0,0,0,0,0,0,0,0,0,0,0,1,69.99,19,1,3,0,0,1,0,0,0
51,3,2,0,1,27,2,0,1,0,0,119,27,2,0,0,0,2,0,1,0,0,0,0,0,18,18,0,0,0,0,0,0,0,0,0,0,0,0,0,0,0,0,0,1,69.99,18,1,2,0,1,0,0,0,0
52,15,2,0,1,19,3,0,0,1,0,70,55,2,0,0,0,7,0,0,0,0,0,0,1,33,33,0,0,0,0,0,0,0,45,33,55,13,0,0,0,0,0,0,0,0,15,1,4,0,0,0,1,0,0
53,13,2,0,1,0,1,1,0,0,0,124,47,1,28.541,35.982,12.381,3,0,0,1,0,0,0,0,14,14,0,0,0,0,0,0,0,0,0,0,0,0,0,0,0,0,0,1,69.99,14,1,2,0,1,0,0,1,5.094
54,0,2,0,1,0,2,0,1,0,0,37,32,1,11.893,23.48,19.158,5,0,0,0,0,1,0,0,4.5,7,2,0,1,0,13,1,14,0,0,0,0,1,1,0,0,0,0,0,0,13,1,1,1,0,0,0,1,6.487
55,14,1,1,0,10,4,0,0,0,1,107,16,2,0,0,0,7,0,0,0,0,0,0,1,33,33,0,0,0,0,0,0,0,46,33,55,13,0,0,0,0,0,0,0,0,13,1,1,1,0,0,0,1,6.49
56,12,1,1,0,33,4,0,0,0,1,52,21,2,0,0,0,1,1,0,0,0,0,0,0,16,16,0,0,0,0,0,0,0,0,0,0,0,0,0,0,0,0,0,1,69.99,16,1,1,1,0,0,0,1,2.72
57,5,1,1,0,17,2,0,1,0,0,106,36,1,17.118,26.793,25.035,3,0,0,1,0,0,0,0,15,15,0,0,0,0,0,0,0,0,0,0,0,0,0,0,0,0,0,1,69.99,15,1,4,0,0,0,1,1,2.589
58,8,1,1,0,0,1,1,0,0,0,54,27,2,0,0,0,4,0,0,0,1,0,0,0,7,9,3,0,0,1,13,2,14,0,0,0,0,3,0,0,1,0,0,0,0,16,1,4,0,0,0,1,1,3.426
59,0,1,1,0,18,2,0,1,0,0,128,47,1,21.853,23.581,12.286,3,0,0,1,0,0,0,0,20,20,0,0,0,0,0,0,0,0,0,0,0,0,0,0,0,0,0,1,69.99,20,1,1,1,0,0,0,1,4.162
60,13,2,0,1,16,2,0,1,0,0,99,31,2,0,0,0,4,0,0,0,1,0,0,0,9,8,2,0,1,0,13,2,14,0,0,0,0,5,0,0,0,0,1,0,0,17,1,1,1,0,0,0,0,0
61,11,2,0,1,6,4,0,0,0,1,67,32,1,27.288,37.393,12.506,1,1,0,0,0,0,0,0,14,14,0,0,0,0,0,0,0,0,0,0,0,0,0,0,0,0,0,1,69.99,14,1,3,0,0,1,0,0,0
62,11,2,0,1,6,3,0,0,1,0,73,52,1,35.574,27.499,16.763,5,0,0,0,0,1,0,0,8,9,3,0,0,1,13,2,15,0,0,0,0,4,0,0,0,1,0,0,0,16,1,3,0,0,1,0,1,4.667
63,0,1,1,0,27,3,0,0,1,0,66,16,1,30.714,29.258,15.171,2,0,1,0,0,0,0,0,13,13,0,0,0,0,0,0,0,0,0,0,0,0,0,0,0,0,0,1,69.99,13,1,1,1,0,0,0,1,8.476
64,8,2,0,1,15,3,0,0,1,0,80,41,1,32.103,27.327,19.654,6,0,0,0,0,0,1,0,22,7,2,0,1,0,13,1,14,0,0,0,0,5,0,0,0,0,1,0,0,17,1,4,0,0,0,1,0,0
65,14,1,1,0,11,2,0,1,0,0,50,23,2,0,0,0,2,0,1,0,0,0,0,0,20,20,0,0,0,0,0,0,0,0,0,0,0,0,0,0,0,0,0,1,69.99,20,1,2,0,1,0,0,0,0
66,11,1,1,0,2,2,0,1,0,0,124,57,1,37.987,30.011,22.985,6,0,0,0,0,0,1,0,22,8,3,0,0,1,13,1,14,0,0,0,0,5,0,0,0,0,1,0,0,19,1,4,0,0,0,1,0,0
67,13,1,1,0,33,2,0,1,0,0,105,25,2,0,0,0,6,0,0,0,0,0,1,0,11.5,6,1,1,0,0,13,1,15,0,0,0,0,1,1,0,0,0,0,0,0,15,1,2,0,1,0,0,1,6.127
68,10,1,1,0,0,1,1,0,0,0,107,19,2,0,0,0,2,0,1,0,0,0,0,0,18,18,0,0,0,0,0,0,0,0,0,0,0,0,0,0,0,0,0,1,69.99,18,1,2,0,1,0,0,0,0
69,7,2,0,1,6,4,0,0,0,1,85,44,2,0,0,0,3,0,0,1,0,0,0,0,11,11,0,0,0,0,0,0,0,0,0,0,0,0,0,0,0,0,0,1,69.99,11,1,4,0,0,0,1,1,3.703
70,1,2,0,1,19,3,0,0,1,0,89,18,2,0,0,0,7,0,0,0,0,0,0,1,33,33,0,0,0,0,0,0,0,47,33,55,13,0,0,0,0,0,0,0,0,17,1,2,0,1,0,0,1,7.544
71,14,2,0,1,0,2,0,1,0,0,39,54,1,16.314,31.805,29.185,4,0,0,0,1,0,0,0,7,6,1,1,0,0,13,1,15,0,0,0,0,4,0,0,0,1,0,0,0,19,1,1,1,0,0,0,0,0
72,7,1,1,0,0,1,1,0,0,0,53,50,2,0,0,0,6,0,0,0,0,0,1,0,16,8,3,0,0,1,13,1,15,0,0,0,0,3,0,0,1,0,0,0,0,19,1,2,0,1,0,0,1,4.897
73,9,1,1,0,6,2,0,1,0,0,56,49,1,32.587,23.094,13.183,2,0,1,0,0,0,0,0,11,11,0,0,0,0,0,0,0,0,0,0,0,0,0,0,0,0,0,1,69.99,11,1,2,0,1,0,0,0,0
74,8,1,1,0,0,1,1,0,0,0,87,24,1,17.113,25.594,16.956,5,0,0,0,0,1,0,0,6,9,3,0,0,1,13,2,15,0,0,0,0,2,0,1,0,0,0,0,0,20,1,4,0,0,0,1,0,0
75,7,1,1,0,5,3,0,0,1,0,38,32,1,12.258,38.45,26.948,1,1,0,0,0,0,0,0,15,15,0,0,0,0,0,0,0,0,0,0,0,0,0,0,0,0,0,1,69.99,15,1,1,1,0,0,0,1,2.875
76,0,1,1,0,2,2,0,1,0,0,74,22,2,0,0,0,4,0,0,0,1,0,0,0,6,8,3,0,0,1,13,1,14,0,0,0,0,3,0,0,1,0,0,0,0,11,1,4,0,0,0,1,0,0
77,11,2,0,1,22,2,0,1,0,0,90,58,2,0,0,0,6,0,0,0,0,0,1,0,13,7,2,0,1,0,13,1,15,0,0,0,0,2,0,1,0,0,0,0,0,18,1,4,0,0,0,1,1,8.628
78,0,2,0,1,0,3,0,0,1,0,40,20,1,25.22,26.632,29.289,5,0,0,0,0,1,0,0,5,6,1,1,0,0,13,1,15,0,0,0,0,2,0,1,0,0,0,0,0,14,1,1,1,0,0,0,0,0
79,7,1,1,0,32,3,0,0,1,0,84,23,2,0,0,0,6,0,0,0,0,0,1,0,19,8,3,0,0,1,13,1,15,0,0,0,0,4,0,0,0,1,0,0,0,18,1,4,0,0,0,1,1,4.183
80,10,2,0,1,13,2,0,1,0,0,86,54,1,25.225,26.534,24.939,6,0,0,0,0,0,1,0,16,6,1,1,0,0,13,1,15,0,0,0,0,3,0,0,1,0,0,0,0,16,1,2,0,1,0,0,1,7.105
81,9,2,0,1,0,1,1,0,0,0,63,57,1,36.633,28.45,13.531,3,0,0,1,0,0,0,0,12,12,0,0,0,0,0,0,0,0,0,0,0,0,0,0,0,0,0,1,69.99,12,1,3,0,0,1,0,0,0
82,15,2,0,1,4,2,0,1,0,0,71,25,1,23.741,25.924,22.179,4,0,0,0,1,0,0,0,5,8,3,0,0,1,13,1,14,0,0,0,0,2,0,1,0,0,0,0,0,12,1,3,0,0,1,0,1,6.653
83,2,2,0,1,2,2,0,1,0,0,42,46,1,28.496,31.29,20.664,3,0,0,1,0,0,0,0,13,13,0,0,0,0,0,0,0,0,0,0,0,0,0,0,0,0,0,1,69.99,13,1,1,1,0,0,0,1,7.741
84,14,2,0,1,0,1,1,0,0,0,71,56,1,12.537,32.418,22.99,4,0,0,0,1,0,0,0,6,9,3,0,0,1,13,2,15,0,0,0,0,2,0,1,0,0,0,0,0,12,1,4,0,0,0,1,1,5.335
85,11,2,0,1,15,2,0,1,0,0,40,37,2,0,0,0,5,0,0,0,0,1,0,0,9,8,2,0,1,0,13,2,14,0,0,0,0,5,0,0,0,0,1,0,0,13,1,4,0,0,0,1,1,3.201
86,14,1,1,0,18,2,0,1,0,0,82,34,2,0,0,0,1,1,0,0,0,0,0,0,16,16,0,0,0,0,0,0,0,0,0,0,0,0,0,0,0,0,0,1,69.99,16,1,3,0,0,1,0,0,0
87,8,1,1,0,9,3,0,0,1,0,103,18,1,33.312,24.009,24.636,1,1,0,0,0,0,0,0,16,16,0,0,0,0,0,0,0,0,0,0,0,0,0,0,0,0,0,1,69.99,16,1,1,1,0,0,0,0,0
88,11,1,1,0,0,1,1,0,0,0,121,48,2,0,0,0,4,0,0,0,1,0,0,0,6,6,1,1,0,0,13,1,15,0,0,0,0,3,0,0,1,0,0,0,0,11,1,3,0,0,1,0,0,0
89,1,1,1,0,0,1,1,0,0,0,106,28,2,0,0,0,5,0,0,0,0,1,0,0,5,8,3,0,0,1,13,1,14,0,0,0,0,2,0,1,0,0,0,0,0,19,1,1,1,0,0,0,1,6.943
90,10,1,1,0,26,2,0,1,0,0,105,25,2,0,0,0,5,0,0,0,0,1,0,0,6,8,3,0,0,1,13,1,14,0,0,0,0,3,0,0,1,0,0,0,0,19,1,3,0,0,1,0,0,0
91,10,1,1,0,22,3,0,0,1,0,113,52,1,14.75,27.604,22.586,5,0,0,0,0,1,0,0,9,9,3,0,0,1,13,2,14,0,0,0,0,5,0,0,0,0,1,0,0,12,1,1,1,0,0,0,0,0
92,15,2,0,1,17,2,0,1,0,0,130,36,1,13.322,31.086,12.443,7,0,0,0,0,0,0,1,33,33,0,0,0,0,0,0,0,48,33,55,13,0,0,0,0,0,0,0,0,11,1,4,0,0,0,1,0,0
93,9,1,1,0,24,3,0,0,1,0,123,53,2,0,0,0,6,0,0,0,0,0,1,0,12.5,8,2,0,1,0,13,2,15,0,0,0,0,1,1,0,0,0,0,0,0,15,1,3,0,0,1,0,0,0
94,13,1,1,0,25,3,0,0,1,0,108,23,1,13.112,34.41,25.486,7,0,0,0,0,0,0,1,33,33,0,0,0,0,0,0,0,48,33,55,13,0,0,0,0,0,0,0,0,19,1,2,0,1,0,0,1,4.561
95,6,2,0,1,0,1,1,0,0,0,118,40,2,0,0,0,7,0,0,0,0,0,0,1,33,33,0,0,0,0,0,0,0,46,33,55,13,0,0,0,0,0,0,0,0,18,1,1,1,0,0,0,1,2.284
96,6,1,1,0,4,2,0,1,0,0,112,21,1,16.863,36.732,26.992,2,0,1,0,0,0,0,0,13,13,0,0,0,0,0,0,0,0,0,0,0,0,0,0,0,0,0,1,69.99,13,1,2,0,1,0,0,1,4.284
97,12,2,0,1,32,4,0,0,0,1,132,22,2,0,0,0,7,0,0,0,0,0,0,1,33,33,0,0,0,0,0,0,0,45,33,55,13,0,0,0,0,0,0,0,0,18,1,2,0,1,0,0,0,0
98,2,1,1,0,6,2,0,1,0,0,95,35,2,0,0,0,7,0,0,0,0,0,0,1,33,33,0,0,0,0,0,0,0,47,33,55,13,0,0,0,0,0,0,0,0,15,1,1,1,0,0,0,1,4.762
99,3,1,1,0,17,2,0,1,0,0,47,45,2,0,0,0,6,0,0,0,0,0,1,0,23,9,3,0,0,1,13,2,15,0,0,0,0,5,0,0,0,0,1,0,0,18,1,3,0,0,1,0,0,0
100,14,2,0,1,17,2,0,1,0,0,100,56,2,0,0,0,7,0,0,0,0,0,0,1,33,33,0,0,0,0,0,0,0,47,33,55,13,0,0,0,0,0,0,0,0,13,1,2,0,1,0,0,1,3.649
101,11,2,0,1,18,3,0,0,1,0,40,34,1,32.363,30.355,26.811,5,0,0,0,0,1,0,0,8,7,2,0,1,0,13,1,14,0,0,0,0,5,0,0,0,0,1,0,0,14,1,1,1,0,0,0,0,0
102,7,2,0,1,21,2,0,1,0,0,63,30,2,0,0,0,6,0,0,0,0,0,1,0,23,8,2,0,1,0,13,2,15,0,0,0,0,5,0,0,0,0,1,0,0,15,1,4,0,0,0,1,0,0
103,13,2,0,1,11,2,0,1,0,0,45,45,1,24.181,31.372,12.304,4,0,0,0,1,0,0,0,6,8,2,0,1,0,13,2,14,0,0,0,0,2,0,1,0,0,0,0,0,16,1,3,0,0,1,0,1,7.876
104,1,1,1,0,25,2,0,1,0,0,70,46,2,0,0,0,7,0,0,0,0,0,0,1,33,33,0,0,0,0,0,0,0,46,33,55,13,0,0,0,0,0,0,0,0,14,1,4,0,0,0,1,1,8.118
105,9,2,0,1,0,1,1,0,0,0,38,46,2,0,0,0,6,0,0,0,0,0,1,0,14,8,2,0,1,0,13,2,14,0,0,0,0,2,0,1,0,0,0,0,0,15,1,1,1,0,0,0,1,2.66
106,7,2,0,1,22,2,0,1,0,0,101,55,2,0,0,0,6,0,0,0,0,0,1,0,22,6,1,1,0,0,13,1,14,0,0,0,0,5,0,0,0,0,1,0,0,12,1,2,0,1,0,0,0,0
107,14,2,0,1,12,4,0,0,0,1,44,54,1,25.859,37.269,25.159,5,0,0,0,0,1,0,0,7,8,3,0,0,1,13,1,15,0,0,0,0,4,0,0,0,1,0,0,0,12,1,4,0,0,0,1,0,0
108,12,2,0,1,0,1,1,0,0,0,70,40,1,39.54,27.356,18.932,7,0,0,0,0,0,0,1,33,33,0,0,0,0,0,0,0,45,33,55,13,0,0,0,0,0,0,0,0,14,1,4,0,0,0,1,0,0
109,15,2,0,1,27,3,0,0,1,0,118,34,2,0,0,0,3,0,0,1,0,0,0,0,14,14,0,0,0,0,0,0,0,0,0,0,0,0,0,0,0,0,0,1,69.99,14,1,3,0,0,1,0,0,0
110,9,1,1,0,0,1,1,0,0,0,69,55,2,0,0,0,3,0,0,1,0,0,0,0,14,14,0,0,0,0,0,0,0,0,0,0,0,0,0,0,0,0,0,1,69.99,14,1,2,0,1,0,0,1,4.482
111,13,1,1,0,0,1,1,0,0,0,66,51,2,0,0,0,5,0,0,0,0,1,0,0,6,6,1,1,0,0,13,1,15,0,0,0,0,3,0,0,1,0,0,0,0,20,1,4,0,0,0,1,0,0
112,3,2,0,1,32,3,0,0,1,0,59,26,1,27.757,37.755,27.411,1,1,0,0,0,0,0,0,14,14,0,0,0,0,0,0,0,0,0,0,0,0,0,0,0,0,0,1,69.99,14,1,3,0,0,1,0,1,5.282
113,15,2,0,1,23,4,0,0,0,1,112,18,2,0,0,0,3,0,0,1,0,0,0,0,19,19,0,0,0,0,0,0,0,0,0,0,0,0,0,0,0,0,0,1,69.99,19,1,4,0,0,0,1,1,6.175
114,5,1,1,0,25,2,0,1,0,0,63,43,1,27.992,35.549,15.094,5,0,0,0,0,1,0,0,7,9,3,0,0,1,13,2,15,0,0,0,0,3,0,0,1,0,0,0,0,13,1,3,0,0,1,0,1,4.988
115,6,1,1,0,8,2,0,1,0,0,47,41,2,0,0,0,7,0,0,0,0,0,0,1,33,33,0,0,0,0,0,0,0,46,33,55,13,0,0,0,0,0,0,0,0,15,1,4,0,0,0,1,0,0
116,3,1,1,0,19,3,0,0,1,0,82,30,2,0,0,0,7,0,0,0,0,0,0,1,33,33,0,0,0,0,0,0,0,48,33,55,13,0,0,0,0,0,0,0,0,11,1,1,1,0,0,0,1,7.441
117,13,1,1,0,23,3,0,0,1,0,128,25,2,0,0,0,5,0,0,0,0,1,0,0,7,8,2,0,1,0,13,2,15,0,0,0,0,3,0,0,1,0,0,0,0,11,1,1,1,0,0,0,1,2.173
118,5,1,1,0,8,2,0,1,0,0,73,37,1,22.837,32.973,22.572,5,0,0,0,0,1,0,0,6,7,1,1,0,0,13,2,15,0,0,0,0,2,0,1,0,0,0,0,0,14,1,4,0,0,0,1,1,7.284
119,9,1,1,0,5,2,0,1,0,0,98,55,2,0,0,0,4,0,0,0,1,0,0,0,8,6,1,1,0,0,13,1,14,0,0,0,0,5,0,0,0,0,1,0,0,15,1,3,0,0,1,0,0,0
120,11,1,1,0,0,1,1,0,0,0,66,39,1,39.76,34.164,19.826,5,0,0,0,0,1,0,0,7,9,3,0,0,1,13,2,14,0,0,0,0,3,0,0,1,0,0,0,0,14,1,2,0,1,0,0,1,3.753
121,2,1,1,0,0,1,1,0,0,0,119,45,2,0,0,0,7,0,0,0,0,0,0,1,33,33,0,0,0,0,0,0,0,48,33,55,13,0,0,0,0,0,0,0,0,20,1,2,0,1,0,0,0,0
122,4,1,1,0,25,2,0,1,0,0,52,54,2,0,0,0,2,0,1,0,0,0,0,0,11,11,0,0,0,0,0,0,0,0,0,0,0,0,0,0,0,0,0,1,69.99,11,1,1,1,0,0,0,0,0
123,4,2,0,1,9,2,0,1,0,0,44,46,2,0,0,0,7,0,0,0,0,0,0,1,33,33,0,0,0,0,0,0,0,46,33,55,13,0,0,0,0,0,0,0,0,18,1,3,0,0,1,0,1,6.827
124,2,1,1,0,7,4,0,0,0,1,112,28,1,16.983,33.039,23.094,2,0,1,0,0,0,0,0,19,19,0,0,0,0,0,0,0,0,0,0,0,0,0,0,0,0,0,1,69.99,19,1,4,0,0,0,1,0,0
125,5,2,0,1,32,2,0,1,0,0,114,23,2,0,0,0,3,0,0,1,0,0,0,0,18,18,0,0,0,0,0,0,0,0,0,0,0,0,0,0,0,0,0,1,69.99,18,1,3,0,0,1,0,0,0
126,6,2,0,1,27,2,0,1,0,0,46,27,2,0,0,0,2,0,1,0,0,0,0,0,17,17,0,0,0,0,0,0,0,0,0,0,0,0,0,0,0,0,0,1,69.99,17,1,3,0,0,1,0,1,8.028
127,10,2,0,1,9,4,0,0,0,1,53,55,2,0,0,0,6,0,0,0,0,0,1,0,17,7,1,1,0,0,13,2,14,0,0,0,0,3,0,0,1,0,0,0,0,15,1,3,0,0,1,0,1,6.055
128,15,1,1,0,1,2,0,1,0,0,106,26,2,0,0,0,1,1,0,0,0,0,0,0,18,18,0,0,0,0,0,0,0,0,0,0,0,0,0,0,0,0,0,1,69.99,18,1,3,0,0,1,0,1,2.768
129,3,1,1,0,0,4,0,0,0,1,78,48,2,0,0,0,7,0,0,0,0,0,0,1,33,33,0,0,0,0,0,0,0,45,33,55,13,0,0,0,0,0,0,0,0,11,1,4,0,0,0,1,1,5.34
130,7,1,1,0,0,1,1,0,0,0,55,38,2,0,0,0,2,0,1,0,0,0,0,0,20,20,0,0,0,0,0,0,0,0,0,0,0,0,0,0,0,0,0,1,69.99,20,1,1,1,0,0,0,1,6.218
131,15,1,1,0,14,4,0,0,0,1,98,55,1,39.62,24.04,28.344,5,0,0,0,0,1,0,0,4.5,7,2,0,1,0,13,1,14,0,0,0,0,1,1,0,0,0,0,0,0,18,1,2,0,1,0,0,1,3.276
132,0,1,1,0,30,3,0,0,1,0,89,51,2,0,0,0,7,0,0,0,0,0,0,1,33,33,0,0,0,0,0,0,0,45,33,55,13,0,0,0,0,0,0,0,0,11,1,3,0,0,1,0,0,0
133,6,2,0,1,0,1,1,0,0,0,89,55,2,0,0,0,7,0,0,0,0,0,0,1,33,33,0,0,0,0,0,0,0,45,33,55,13,0,0,0,0,0,0,0,0,11,1,1,1,0,0,0,0,0
134,10,2,0,1,0,1,1,0,0,0,84,28,1,25.115,37.11,28.736,1,1,0,0,0,0,0,0,14,14,0,0,0,0,0,0,0,0,0,0,0,0,0,0,0,0,0,1,69.99,14,1,1,1,0,0,0,0,0
135,3,1,1,0,0,1,1,0,0,0,126,48,1,34.785,35.438,27.242,3,0,0,1,0,0,0,0,15,15,0,0,0,0,0,0,0,0,0,0,0,0,0,0,0,0,0,1,69.99,15,1,4,0,0,0,1,1,2.699
136,15,2,0,1,5,3,0,0,1,0,37,38,1,26.224,31.221,16.208,6,0,0,0,0,0,1,0,19,7,2,0,1,0,13,1,15,0,0,0,0,4,0,0,0,1,0,0,0,17,1,3,0,0,1,0,0,0
137,1,1,1,0,12,4,0,0,0,1,68,30,1,29.635,35.324,16.353,1,1,0,0,0,0,0,0,17,17,0,0,0,0,0,0,0,0,0,0,0,0,0,0,0,0,0,1,69.99,17,1,3,0,0,1,0,0,0
138,9,2,0,1,15,3,0,0,1,0,76,28,2,0,0,0,2,0,1,0,0,0,0,0,14,14,0,0,0,0,0,0,0,0,0,0,0,0,0,0,0,0,0,1,69.99,14,1,3,0,0,1,0,1,6.441
139,10,1,1,0,1,2,0,1,0,0,81,31,1,32.243,29.007,27.952,7,0,0,0,0,0,0,1,33,33,0,0,0,0,0,0,0,45,33,55,13,0,0,0,0,0,0,0,0,15,1,1,1,0,0,0,1,7.117
140,0,2,0,1,2,4,0,0,0,1,109,43,2,0,0,0,1,1,0,0,0,0,0,0,16,16,0,0,0,0,0,0,0,0,0,0,0,0,0,0,0,0,0,1,69.99,16,1,2,0,1,0,0,1,6.01
141,11,1,1,0,33,3,0,0,1,0,60,42,2,0,0,0,3,0,0,1,0,0,0,0,19,19,0,0,0,0,0,0,0,0,0,0,0,0,0,0,0,0,0,1,69.99,19,1,3,0,0,1,0,1,2.875
142,8,1,1,0,21,4,0,0,0,1,59,55,1,21.628,24.661,18.997,7,0,0,0,0,0,0,1,33,33,0,0,0,0,0,0,0,46,33,55,13,0,0,0,0,0,0,0,0,16,1,1,1,0,0,0,0,0
143,4,1,1,0,2,2,0,1,0,0,81,46,2,0,0,0,2,0,1,0,0,0,0,0,11,11,0,0,0,0,0,0,0,0,0,0,0,0,0,0,0,0,0,1,69.99,11,1,1,1,0,0,0,1,8.589
144,2,2,0,1,0,1,1,0,0,0,65,26,2,0,0,0,2,0,1,0,0,0,0,0,19,19,0,0,0,0,0,0,0,0,0,0,0,0,0,0,0,0,0,1,69.99,19,1,4,0,0,0,1,0,0
145,9,2,0,1,0,4,0,0,0,1,111,28,2,0,0,0,3,0,0,1,0,0,0,0,19,19,0,0,0,0,0,0,0,0,0,0,0,0,0,0,0,0,0,1,69.99,19,1,2,0,1,0,0,1,3.846
146,10,1,1,0,9,2,0,1,0,0,72,56,1,16.164,33.425,13.62,2,0,1,0,0,0,0,0,12,12,0,0,0,0,0,0,0,0,0,0,0,0,0,0,0,0,0,1,69.99,12,1,4,0,0,0,1,1,8.633
147,6,1,1,0,0,1,1,0,0,0,88,24,1,28.591,28.442,24.871,3,0,0,1,0,0,0,0,14,14,0,0,0,0,0,0,0,0,0,0,0,0,0,0,0,0,0,1,69.99,14,1,4,0,0,0,1,1,3.245
148,3,1,1,0,24,2,0,1,0,0,128,50,1,29.59,30.244,18.406,5,0,0,0,0,1,0,0,5,7,2,0,1,0,13,1,14,0,0,0,0,2,0,1,0,0,0,0,0,16,1,1,1,0,0,0,1,2.539
149,13,2,0,1,0,1,1,0,0,0,101,53,1,21.468,29.723,28.766,4,0,0,0,1,0,0,0,9,8,2,0,1,0,13,2,14,0,0,0,0,5,0,0,0,0,1,0,0,13,1,4,0,0,0,1,0,0
150,12,2,0,1,0,1,1,0,0,0,62,42,1,23.102,25.586,21.098,5,0,0,0,0,1,0,0,8,9,3,0,0,1,13,2,15,0,0,0,0,4,0,0,0,1,0,0,0,16,1,1,1,0,0,0,1,2.421
151,2,1,1,0,3,3,0,0,1,0,73,50,2,0,0,0,5,0,0,0,0,1,0,0,6,6,1,1,0,0,13,1,15,0,0,0,0,3,0,0,1,0,0,0,0,17,1,4,0,0,0,1,0,0
152,11,1,1,0,30,2,0,1,0,0,96,54,1,28.516,33.686,24.372,5,0,0,0,0,1,0,0,7,9,3,0,0,1,13,2,15,0,0,0,0,3,0,0,1,0,0,0,0,15,1,3,0,0,1,0,0,0
153,9,1,1,0,0,1,1,0,0,0,42,28,1,26.174,28.437,28.341,7,0,0,0,0,0,0,1,33,33,0,0,0,0,0,0,0,45,33,55,13,0,0,0,0,0,0,0,0,14,1,3,0,0,1,0,1,7.688
154,13,1,1,0,0,1,1,0,0,0,112,28,1,23.671,29.351,18.68,5,0,0,0,0,1,0,0,7,6,1,1,0,0,13,1,14,0,0,0,0,4,0,0,0,1,0,0,0,12,1,4,0,0,0,1,0,0
155,9,1,1,0,31,3,0,0,1,0,80,22,1,18.047,30.13,19.143,7,0,0,0,0,0,0,1,33,33,0,0,0,0,0,0,0,46,33,55,13,0,0,0,0,0,0,0,0,20,1,1,1,0,0,0,1,2.084
156,14,1,1,0,18,2,0,1,0,0,74,45,2,0,0,0,1,1,0,0,0,0,0,0,11,11,0,0,0,0,0,0,0,0,0,0,0,0,0,0,0,0,0,1,69.99,11,1,2,0,1,0,0,0,0
157,9,2,0,1,0,1,1,0,0,0,90,58,2,0,0,0,7,0,0,0,0,0,0,1,33,33,0,0,0,0,0,0,0,48,33,55,13,0,0,0,0,0,0,0,0,13,1,2,0,1,0,0,1,8.672
158,4,1,1,0,11,2,0,1,0,0,69,22,1,17.228,37.979,11.831,1,1,0,0,0,0,0,0,12,12,0,0,0,0,0,0,0,0,0,0,0,0,0,0,0,0,0,1,69.99,12,1,3,0,0,1,0,0,0
159,7,2,0,1,23,4,0,0,0,1,120,47,2,0,0,0,1,1,0,0,0,0,0,0,18,18,0,0,0,0,0,0,0,0,0,0,0,0,0,0,0,0,0,1,69.99,18,1,3,0,0,1,0,0,0
160,13,1,1,0,25,2,0,1,0,0,123,37,2,0,0,0,4,0,0,0,1,0,0,0,8,7,1,1,0,0,13,2,15,0,0,0,0,4,0,0,0,1,0,0,0,12,1,2,0,1,0,0,1,6.457
161,1,2,0,1,12,3,0,0,1,0,68,52,2,0,0,0,7,0,0,0,0,0,0,1,33,33,0,0,0,0,0,0,0,48,33,55,13,0,0,0,0,0,0,0,0,17,1,2,0,1,0,0,0,0
162,1,1,1,0,5,2,0,1,0,0,88,48,1,19.615,29.578,14.369,5,0,0,0,0,1,0,0,8,8,2,0,1,0,13,2,14,0,0,0,0,4,0,0,0,1,0,0,0,11,1,1,1,0,0,0,0,0
163,12,2,0,1,25,2,0,1,0,0,83,41,2,0,0,0,7,0,0,0,0,0,0,1,33,33,0,0,0,0,0,0,0,45,33,55,13,0,0,0,0,0,0,0,0,17,1,3,0,0,1,0,1,2.516
164,11,2,0,1,30,2,0,1,0,0,68,47,2,0,0,0,7,0,0,0,0,0,0,1,33,33,0,0,0,0,0,0,0,45,33,55,13,0,0,0,0,0,0,0,0,13,1,4,0,0,0,1,0,0
165,2,1,1,0,9,3,0,0,1,0,35,53,2,0,0,0,2,0,1,0,0,0,0,0,16,16,0,0,0,0,0,0,0,0,0,0,0,0,0,0,0,0,0,1,69.99,16,1,1,1,0,0,0,0,0
166,1,1,1,0,0,1,1,0,0,0,49,44,2,0,0,0,3,0,0,1,0,0,0,0,20,20,0,0,0,0,0,0,0,0,0,0,0,0,0,0,0,0,0,1,69.99,20,1,1,1,0,0,0,1,4.405
167,11,1,1,0,15,3,0,0,1,0,68,25,1,37.852,35.797,15.952,7,0,0,0,0,0,0,1,33,33,0,0,0,0,0,0,0,47,33,55,13,0,0,0,0,0,0,0,0,13,1,1,1,0,0,0,1,6.829
168,4,1,1,0,8,3,0,0,1,0,34,21,1,9.915,37.903,22.649,5,0,0,0,0,1,0,0,6,8,2,0,1,0,13,2,14,0,0,0,0,2,0,1,0,0,0,0,0,15,1,4,0,0,0,1,0,0
169,8,2,0,1,3,2,0,1,0,0,88,44,2,0,0,0,5,0,0,0,0,1,0,0,6,7,1,1,0,0,13,2,14,0,0,0,0,2,0,1,0,0,0,0,0,14,1,4,0,0,0,1,1,2.725
170,15,1,1,0,19,2,0,1,0,0,76,27,2,0,0,0,4,0,0,0,1,0,0,0,4.5,6,1,1,0,0,13,1,14,0,0,0,0,1,1,0,0,0,0,0,0,14,1,1,1,0,0,0,1,3.898
171,11,2,0,1,3,2,0,1,0,0,61,30,2,0,0,0,5,0,0,0,0,1,0,0,8,6,1,1,0,0,13,1,14,0,0,0,0,5,0,0,0,0,1,0,0,19,1,3,0,0,1,0,1,7.746
172,9,2,0,1,32,2,0,1,0,0,109,21,2,0,0,0,2,0,1,0,0,0,0,0,17,17,0,0,0,0,0,0,0,0,0,0,0,0,0,0,0,0,0,1,69.99,17,1,1,1,0,0,0,0,0
173,4,1,1,0,0,1,1,0,0,0,90,30,2,0,0,0,7,0,0,0,0,0,0,1,33,33,0,0,0,0,0,0,0,45,33,55,13,0,0,0,0,0,0,0,0,11,1,2,0,1,0,0,0,0
174,15,1,1,0,14,2,0,1,0,0,65,44,2,0,0,0,3,0,0,1,0,0,0,0,16,16,0,0,0,0,0,0,0,0,0,0,0,0,0,0,0,0,0,1,69.99,16,1,4,0,0,0,1,1,7.197
175,3,1,1,0,1,3,0,0,1,0,91,37,2,0,0,0,7,0,0,0,0,0,0,1,33,33,0,0,0,0,0,0,0,48,33,55,13,0,0,0,0,0,0,0,0,16,1,3,0,0,1,0,0,0
176,5,2,0,1,12,2,0,1,0,0,108,23,2,0,0,0,2,0,1,0,0,0,0,0,19,19,0,0,0,0,0,0,0,0,0,0,0,0,0,0,0,0,0,1,69.99,19,1,2,0,1,0,0,0,0
177,4,1,1,0,5,4,0,0,0,1,77,40,2,0,0,0,1,1,0,0,0,0,0,0,19,19,0,0,0,0,0,0,0,0,0,0,0,0,0,0,0,0,0,1,69.99,19,1,3,0,0,1,0,1,5.811
178,7,2,0,1,8,3,0,0,1,0,81,50,1,27.527,36.186,14.687,5,0,0,0,0,1,0,0,6,8,2,0,1,0,13,2,15,0,0,0,0,2,0,1,0,0,0,0,0,13,1,4,0,0,0,1,0,0
179,6,1,1,0,21,4,0,0,0,1,123,58,2,0,0,0,3,0,0,1,0,0,0,0,17,17,0,0,0,0,0,0,0,0,0,0,0,0,0,0,0,0,0,1,69.99,17,1,2,0,1,0,0,1,6.267
180,1,1,1,0,11,4,0,0,0,1,36,58,1,32.387,33.578,18.311,3,0,0,1,0,0,0,0,15,15,0,0,0,0,0,0,0,0,0,0,0,0,0,0,0,0,0,1,69.99,15,1,4,0,0,0,1,1,2.159
181,10,1,1,0,11,3,0,0,1,0,91,57,2,0,0,0,3,0,0,1,0,0,0,0,12,12,0,0,0,0,0,0,0,0,0,0,0,0,0,0,0,0,0,1,69.99,12,1,4,0,0,0,1,1,8.591
182,4,2,0,1,23,4,0,0,0,1,76,30,2,0,0,0,4,0,0,0,1,0,0,0,6,7,1,1,0,0,13,2,14,0,0,0,0,2,0,1,0,0,0,0,0,13,1,2,0,1,0,0,0,0
183,0,2,0,1,5,4,0,0,0,1,49,52,1,39.865,29.908,16.609,6,0,0,0,0,0,1,0,22,7,2,0,1,0,13,1,15,0,0,0,0,5,0,0,0,0,1,0,0,20,1,3,0,0,1,0,0,0
184,6,2,0,1,31,4,0,0,0,1,128,34,1,24.91,31.388,11.594,6,0,0,0,0,0,1,0,11.5,8,3,0,0,1,13,1,14,0,0,0,0,1,1,0,0,0,0,0,0,12,1,4,0,0,0,1,1,6.35
185,1,2,0,1,33,3,0,0,1,0,80,52,1,16.209,28.828,28.341,7,0,0,0,0,0,0,1,33,33,0,0,0,0,0,0,0,46,33,55,13,0,0,0,0,0,0,0,0,17,1,1,1,0,0,0,0,0
186,13,1,1,0,23,4,0,0,0,1,90,49,1,21.533,25.419,21.345,1,1,0,0,0,0,0,0,15,15,0,0,0,0,0,0,0,0,0,0,0,0,0,0,0,0,0,1,69.99,15,1,3,0,0,1,0,0,0
187,9,2,0,1,11,4,0,0,0,1,37,44,2,0,0,0,6,0,0,0,0,0,1,0,13,7,2,0,1,0,13,1,15,0,0,0,0,2,0,1,0,0,0,0,0,14,1,4,0,0,0,1,1,7.147
188,8,2,0,1,20,4,0,0,0,1,122,37,1,37.397,26.917,29.126,6,0,0,0,0,0,1,0,11.5,7,2,0,1,0,13,1,14,0,0,0,0,1,1,0,0,0,0,0,0,12,1,4,0,0,0,1,0,0
189,11,2,0,1,29,4,0,0,0,1,103,46,1,10.574,35.089,21.288,1,1,0,0,0,0,0,0,20,20,0,0,0,0,0,0,0,0,0,0,0,0,0,0,0,0,0,1,69.99,20,1,1,1,0,0,0,0,0
190,12,2,0,1,0,1,1,0,0,0,43,21,2,0,0,0,6,0,0,0,0,0,1,0,22,7,2,0,1,0,13,1,15,0,0,0,0,5,0,0,0,0,1,0,0,18,1,1,1,0,0,0,0,0
191,11,1,1,0,27,4,0,0,0,1,54,48,1,29.131,24.875,21.891,4,0,0,0,1,0,0,0,5,7,2,0,1,0,13,1,14,0,0,0,0,2,0,1,0,0,0,0,0,20,1,4,0,0,0,1,0,0
192,11,2,0,1,23,4,0,0,0,1,38,43,2,0,0,0,6,0,0,0,0,0,1,0,16,8,3,0,0,1,13,1,14,0,0,0,0,3,0,0,1,0,0,0,0,20,1,3,0,0,1,0,0,0
193,14,1,1,0,2,4,0,0,0,1,118,29,1,30.529,36.067,28.193,3,0,0,1,0,0,0,0,18,18,0,0,0,0,0,0,0,0,0,0,0,0,0,0,0,0,0,1,69.99,18,1,3,0,0,1,0,0,0
194,15,1,1,0,26,4,0,0,0,1,51,39,2,0,0,0,4,0,0,0,1,0,0,0,5.5,8,2,0,1,0,13,2,14,0,0,0,0,1,1,0,0,0,0,0,0,15,1,3,0,0,1,0,1,5.043
195,0,2,0,1,12,4,0,0,0,1,131,17,1,25.205,23.583,22.687,4,0,0,0,1,0,0,0,7,7,1,1,0,0,13,2,15,0,0,0,0,3,0,0,1,0,0,0,0,11,1,1,1,0,0,0,0,0
196,15,2,0,1,20,3,0,0,1,0,106,48,1,36.164,26.135,24.007,6,0,0,0,0,0,1,0,20,9,3,0,0,1,13,2,15,0,0,0,0,4,0,0,0,1,0,0,0,12,1,3,0,0,1,0,1,3.612
197,0,2,0,1,0,1,1,0,0,0,73,27,2,0,0,0,7,0,0,0,0,0,0,1,33,33,0,0,0,0,0,0,0,47,33,55,13,0,0,0,0,0,0,0,0,16,1,1,1,0,0,0,1,4.785
198,11,2,0,1,11,2,0,1,0,0,51,57,1,33.916,30.201,14.395,6,0,0,0,0,0,1,0,16,6,1,1,0,0,13,1,15,0,0,0,0,3,0,0,1,0,0,0,0,12,1,1,1,0,0,0,1,3.821
199,14,2,0,1,11,4,0,0,0,1,103,48,1,32.827,23.026,16.505,5,0,0,0,0,1,0,0,9,9,3,0,0,1,13,2,14,0,0,0,0,5,0,0,0,0,1,0,0,12,1,2,0,1,0,0,0,0
200,8,1,1,0,0,1,1,0,0,0,66,27,1,16.074,31.324,15.759,3,0,0,1,0,0,0,0,13,13,0,0,0,0,0,0,0,0,0,0,0,0,0,0,0,0,0,1,69.99,13,1,1,1,0,0,0,1,2.878
201,9,2,0,1,0,1,1,0,0,0,123,16,2,0,0,0,4,0,0,0,1,0,0,0,5.5,8,2,0,1,0,13,2,14,0,0,0,0,1,1,0,0,0,0,0,0,12,1,4,0,0,0,1,1,5.396
202,10,2,0,1,0,1,1,0,0,0,94,53,2,0,0,0,6,0,0,0,0,0,1,0,22,8,3,0,0,1,13,1,15,0,0,0,0,5,0,0,0,0,1,0,0,15,1,3,0,0,1,0,0,0
203,7,1,1,0,10,2,0,1,0,0,74,54,1,29.99,24.217,28.799,3,0,0,1,0,0,0,0,18,18,0,0,0,0,0,0,0,0,0,0,0,0,0,0,0,0,0,1,69.99,18,1,1,1,0,0,0,0,0
204,3,1,1,0,19,4,0,0,0,1,40,29,2,0,0,0,5,0,0,0,0,1,0,0,5,7,2,0,1,0,13,1,14,0,0,0,0,2,0,1,0,0,0,0,0,17,1,1,1,0,0,0,1,7.12
205,8,1,1,0,14,4,0,0,0,1,47,22,1,38.202,35.43,16.725,3,0,0,1,0,0,0,0,12,12,0,0,0,0,0,0,0,0,0,0,0,0,0,0,0,0,0,1,69.99,12,1,3,0,0,1,0,0,0
206,6,2,0,1,17,2,0,1,0,0,117,42,2,0,0,0,6,0,0,0,0,0,1,0,19,7,2,0,1,0,13,1,15,0,0,0,0,4,0,0,0,1,0,0,0,16,1,2,0,1,0,0,1,5.498
207,4,1,1,0,4,2,0,1,0,0,112,21,1,34.021,37.567,21.556,1,1,0,0,0,0,0,0,19,19,0,0,0,0,0,0,0,0,0,0,0,0,0,0,0,0,0,1,69.99,19,1,1,1,0,0,0,0,0
208,14,2,0,1,0,1,1,0,0,0,95,28,2,0,0,0,1,1,0,0,0,0,0,0,13,13,0,0,0,0,0,0,0,0,0,0,0,0,0,0,0,0,0,1,69.99,13,1,4,0,0,0,1,0,0
209,1,1,1,0,0,1,1,0,0,0,54,49,2,0,0,0,1,1,0,0,0,0,0,0,17,17,0,0,0,0,0,0,0,0,0,0,0,0,0,0,0,0,0,1,69.99,17,1,2,0,1,0,0,0,0
210,6,1,1,0,13,2,0,1,0,0,62,26,1,37.537,34.857,28.029,7,0,0,0,0,0,0,1,33,33,0,0,0,0,0,0,0,45,33,55,13,0,0,0,0,0,0,0,0,19,1,3,0,0,1,0,0,0
211,8,1,1,0,17,3,0,0,1,0,84,55,1,32.437,24.373,15.673,5,0,0,0,0,1,0,0,9,9,3,0,0,1,13,2,14,0,0,0,0,5,0,0,0,0,1,0,0,14,1,1,1,0,0,0,0,0
212,8,1,1,0,0,2,0,1,0,0,75,47,2,0,0,0,6,0,0,0,0,0,1,0,22,8,3,0,0,1,13,1,14,0,0,0,0,5,0,0,0,0,1,0,0,13,1,1,1,0,0,0,0,0
213,0,1,1,0,18,2,0,1,0,0,122,48,1,32.822,28.178,19.725,6,0,0,0,0,0,1,0,11.5,8,3,0,0,1,13,1,15,0,0,0,0,1,1,0,0,0,0,0,0,15,1,4,0,0,0,1,0,0
214,13,2,0,1,0,3,0,0,1,0,92,16,2,0,0,0,6,0,0,0,0,0,1,0,19,6,1,1,0,0,13,1,15,0,0,0,0,4,0,0,0,1,0,0,0,12,1,3,0,0,1,0,0,0
215,2,1,1,0,0,1,1,0,0,0,107,24,2,0,0,0,1,1,0,0,0,0,0,0,11,11,0,0,0,0,0,0,0,0,0,0,0,0,0,0,0,0,0,1,69.99,11,1,3,0,0,1,0,1,4.604
216,11,1,1,0,7,3,0,0,1,0,120,23,2,0,0,0,4,0,0,0,1,0,0,0,5,8,3,0,0,1,13,1,15,0,0,0,0,2,0,1,0,0,0,0,0,15,1,1,1,0,0,0,1,7.402
217,11,2,0,1,1,2,0,1,0,0,47,17,1,15.794,36.767,19.306,4,0,0,0,1,0,0,0,8,8,3,0,0,1,13,1,14,0,0,0,0,5,0,0,0,0,1,0,0,20,1,1,1,0,0,0,1,6.283
218,1,2,0,1,10,4,0,0,0,1,35,18,1,39.745,25.53,16.998,3,0,0,1,0,0,0,0,15,15,0,0,0,0,0,0,0,0,0,0,0,0,0,0,0,0,0,1,69.99,15,1,1,1,0,0,0,1,5.234
219,10,2,0,1,9,4,0,0,0,1,117,55,2,0,0,0,1,1,0,0,0,0,0,0,18,18,0,0,0,0,0,0,0,0,0,0,0,0,0,0,0,0,0,1,69.99,18,1,2,0,1,0,0,1,8.06
220,5,1,1,0,6,4,0,0,0,1,65,37,2,0,0,0,4,0,0,0,1,0,0,0,7,8,3,0,0,1,13,1,15,0,0,0,0,4,0,0,0,1,0,0,0,16,1,2,0,1,0,0,1,5.551
221,12,1,1,0,0,1,1,0,0,0,103,50,1,31.378,25.676,17.215,4,0,0,0,1,0,0,0,5.5,7,1,1,0,0,13,2,15,0,0,0,0,1,1,0,0,0,0,0,0,13,1,4,0,0,0,1,1,8.08
222,7,1,1,0,27,4,0,0,0,1,109,41,2,0,0,0,6,0,0,0,0,0,1,0,19,7,2,0,1,0,13,1,14,0,0,0,0,4,0,0,0,1,0,0,0,18,1,3,0,0,1,0,1,7.354
223,10,1,1,0,6,4,0,0,0,1,36,32,1,20.195,24.759,18.644,5,0,0,0,0,1,0,0,8,8,2,0,1,0,13,2,15,0,0,0,0,4,0,0,0,1,0,0,0,15,1,2,0,1,0,0,0,0
224,3,2,0,1,0,1,1,0,0,0,73,21,1,32.353,25.528,21.811,7,0,0,0,0,0,0,1,33,33,0,0,0,0,0,0,0,48,33,55,13,0,0,0,0,0,0,0,0,12,1,2,0,1,0,0,1,8.543
225,12,2,0,1,0,4,0,0,0,1,56,27,1,37.952,34.098,19.844,4,0,0,0,1,0,0,0,5,7,2,0,1,0,13,1,15,0,0,0,0,2,0,1,0,0,0,0,0,20,1,2,0,1,0,0,1,3.244
226,13,2,0,1,12,3,0,0,1,0,79,41,1,26.763,24.363,28.796,7,0,0,0,0,0,0,1,33,33,0,0,0,0,0,0,0,47,33,55,13,0,0,0,0,0,0,0,0,17,1,3,0,0,1,0,1,3.338
227,0,1,1,0,0,1,1,0,0,0,60,37,1,39.69,32.077,21.787,2,0,1,0,0,0,0,0,18,18,0,0,0,0,0,0,0,0,0,0,0,0,0,0,0,0,0,1,69.99,18,1,2,0,1,0,0,1,8.715
228,8,1,1,0,0,1,1,0,0,0,92,22,2,0,0,0,3,0,0,1,0,0,0,0,16,16,0,0,0,0,0,0,0,0,0,0,0,0,0,0,0,0,0,1,69.99,16,1,4,0,0,0,1,0,0
229,3,1,1,0,0,1,1,0,0,0,61,21,2,0,0,0,6,0,0,0,0,0,1,0,11.5,6,1,1,0,0,13,1,15,0,0,0,0,1,1,0,0,0,0,0,0,14,1,3,0,0,1,0,1,3.578
230,8,1,1,0,0,2,0,1,0,0,45,16,1,26.903,27.726,23.534,3,0,0,1,0,0,0,0,12,12,0,0,0,0,0,0,0,0,0,0,0,0,0,0,0,0,0,1,69.99,12,1,2,0,1,0,0,1,7.655
231,14,1,1,0,19,4,0,0,0,1,106,32,2,0,0,0,5,0,0,0,0,1,0,0,9,7,1,1,0,0,13,2,15,0,0,0,0,5,0,0,0,0,1,0,0,11,1,1,1,0,0,0,0,0
232,6,2,0,1,14,2,0,1,0,0,84,43,1,23.282,28.511,23.353,3,0,0,1,0,0,0,0,20,20,0,0,0,0,0,0,0,0,0,0,0,0,0,0,0,0,0,1,69.99,20,1,4,0,0,0,1,0,0
233,15,2,0,1,24,3,0,0,1,0,71,44,2,0,0,0,6,0,0,0,0,0,1,0,13,8,3,0,0,1,13,1,14,0,0,0,0,2,0,1,0,0,0,0,0,20,1,4,0,0,0,1,0,0
234,3,2,0,1,9,4,0,0,0,1,71,51,2,0,0,0,5,0,0,0,0,1,0,0,4.5,7,2,0,1,0,13,1,15,0,0,0,0,1,1,0,0,0,0,0,0,20,1,1,1,0,0,0,1,8.16
235,12,2,0,1,7,3,0,0,1,0,34,16,1,17.662,33.462,15.655,6,0,0,0,0,0,1,0,16,8,3,0,0,1,13,1,14,0,0,0,0,3,0,0,1,0,0,0,0,11,1,2,0,1,0,0,0,0
236,12,2,0,1,0,1,1,0,0,0,94,53,1,20.065,23.993,12.351,1,1,0,0,0,0,0,0,19,19,0,0,0,0,0,0,0,0,0,0,0,0,0,0,0,0,0,1,69.99,19,1,1,1,0,0,0,0,0
237,7,2,0,1,0,1,1,0,0,0,38,51,1,27.338,25.813,21.888,2,0,1,0,0,0,0,0,12,12,0,0,0,0,0,0,0,0,0,0,0,0,0,0,0,0,0,1,69.99,12,1,1,1,0,0,0,1,5.159
238,5,1,1,0,1,4,0,0,0,1,80,50,1,23.302,35.443,24.782,7,0,0,0,0,0,0,1,33,33,0,0,0,0,0,0,0,46,33,55,13,0,0,0,0,0,0,0,0,16,1,1,1,0,0,0,0,0
239,11,1,1,0,16,2,0,1,0,0,37,31,2,0,0,0,4,0,0,0,1,0,0,0,4.5,6,1,1,0,0,13,1,14,0,0,0,0,1,1,0,0,0,0,0,0,13,1,3,0,0,1,0,1,7.987
240,12,1,1,0,5,2,0,1,0,0,106,21,2,0,0,0,4,0,0,0,1,0,0,0,4.5,6,1,1,0,0,13,1,14,0,0,0,0,1,1,0,0,0,0,0,0,19,1,2,0,1,0,0,1,4.414
241,10,1,1,0,13,2,0,1,0,0,115,53,2,0,0,0,3,0,0,1,0,0,0,0,16,16,0,0,0,0,0,0,0,0,0,0,0,0,0,0,0,0,0,1,69.99,16,1,4,0,0,0,1,1,8.721
242,4,1,1,0,3,4,0,0,0,1,68,53,2,0,0,0,2,0,1,0,0,0,0,0,12,12,0,0,0,0,0,0,0,0,0,0,0,0,0,0,0,0,0,1,69.99,12,1,2,0,1,0,0,1,4.326
243,9,1,1,0,27,2,0,1,0,0,96,50,2,0,0,0,5,0,0,0,0,1,0,0,9,9,3,0,0,1,13,2,14,0,0,0,0,5,0,0,0,0,1,0,0,19,1,2,0,1,0,0,1,7.439
244,3,2,0,1,14,3,0,0,1,0,102,52,2,0,0,0,6,0,0,0,0,0,1,0,22,7,2,0,1,0,13,1,14,0,0,0,0,5,0,0,0,0,1,0,0,19,1,3,0,0,1,0,0,0
245,0,1,1,0,0,2,0,1,0,0,121,19,1,16.683,34.574,20.29,6,0,0,0,0,0,1,0,14,8,2,0,1,0,13,2,14,0,0,0,0,2,0,1,0,0,0,0,0,20,1,1,1,0,0,0,1,5.607
246,12,2,0,1,0,1,1,0,0,0,102,46,1,32.457,24.172,18.873,4,0,0,0,1,0,0,0,9,9,3,0,0,1,13,2,14,0,0,0,0,5,0,0,0,0,1,0,0,15,1,1,1,0,0,0,0,0
247,3,1,1,0,8,3,0,0,1,0,117,42,1,22.228,22.883,14.621,6,0,0,0,0,0,1,0,12.5,9,3,0,0,1,13,2,15,0,0,0,0,1,1,0,0,0,0,0,0,19,1,1,1,0,0,0,0,0
248,10,1,1,0,13,2,0,1,0,0,76,44,2,0,0,0,1,1,0,0,0,0,0,0,13,13,0,0,0,0,0,0,0,0,0,0,0,0,0,0,0,0,0,1,69.99,13,1,2,0,1,0,0,0,0
249,8,1,1,0,0,1,1,0,0,0,90,45,1,37.333,35.258,24.532,6,0,0,0,0,0,1,0,14,8,2,0,1,0,13,2,15,0,0,0,0,2,0,1,0,0,0,0,0,18,1,4,0,0,0,1,0,0
250,12,1,1,0,1,3,0,0,1,0,113,35,2,0,0,0,1,1,0,0,0,0,0,0,13,13,0,0,0,0,0,0,0,0,0,0,0,0,0,0,0,0,0,1,69.99,13,1,3,0,0,1,0,1,2.383
251,13,1,1,0,0,1,1,0,0,0,36,21,2,0,0,0,4,0,0,0,1,0,0,0,6,7,2,0,1,0,13,1,14,0,0,0,0,3,0,0,1,0,0,0,0,19,1,2,0,1,0,0,0,0
252,1,2,0,1,0,1,1,0,0,0,48,57,1,11.034,27.316,28.704,7,0,0,0,0,0,0,1,33,33,0,0,0,0,0,0,0,47,33,55,13,0,0,0,0,0,0,0,0,11,1,1,1,0,0,0,1,5.821
253,2,2,0,1,23,3,0,0,1,0,68,51,1,16.249,38.323,22.756,5,0,0,0,0,1,0,0,5,7,2,0,1,0,13,1,15,0,0,0,0,2,0,1,0,0,0,0,0,13,1,2,0,1,0,0,0,0
254,13,2,0,1,0,2,0,1,0,0,92,52,1,27.882,33.636,19.229,6,0,0,0,0,0,1,0,13,8,3,0,0,1,13,1,14,0,0,0,0,2,0,1,0,0,0,0,0,15,1,4,0,0,0,1,1,5.425
255,13,1,1,0,33,3,0,0,1,0,71,46,2,0,0,0,1,1,0,0,0,0,0,0,19,19,0,0,0,0,0,0,0,0,0,0,0,0,0,0,0,0,0,1,69.99,19,1,1,1,0,0,0,0,0
256,6,1,1,0,16,4,0,0,0,1,130,28,2,0,0,0,4,0,0,0,1,0,0,0,6,9,3,0,0,1,13,2,14,0,0,0,0,2,0,1,0,0,0,0,0,11,1,4,0,0,0,1,0,0
257,5,1,1,0,0,1,1,0,0,0,101,25,1,11.863,32.849,25.771,5,0,0,0,0,1,0,0,8,7,1,1,0,0,13,2,15,0,0,0,0,4,0,0,0,1,0,0,0,16,1,1,1,0,0,0,0,0
258,13,1,1,0,20,4,0,0,0,1,45,25,1,20.075,33.602,13.13,2,0,1,0,0,0,0,0,19,19,0,0,0,0,0,0,0,0,0,0,0,0,0,0,0,0,0,1,69.99,19,1,3,0,0,1,0,0,0
259,13,1,1,0,3,2,0,1,0,0,50,20,2,0,0,0,6,0,0,0,0,0,1,0,16,8,3,0,0,1,13,1,15,0,0,0,0,3,0,0,1,0,0,0,0,19,1,3,0,0,1,0,1,8.686
260,2,1,1,0,0,1,1,0,0,0,61,27,1,19.331,29.824,26.098,5,0,0,0,0,1,0,0,9,9,3,0,0,1,13,2,15,0,0,0,0,5,0,0,0,0,1,0,0,11,1,2,0,1,0,0,0,0
261,7,1,1,0,24,2,0,1,0,0,54,58,1,13.611,24.376,24.931,7,0,0,0,0,0,0,1,33,33,0,0,0,0,0,0,0,48,33,55,13,0,0,0,0,0,0,0,0,13,1,1,1,0,0,0,1,2.601
262,8,2,0,1,0,1,1,0,0,0,73,55,2,0,0,0,6,0,0,0,0,0,1,0,14,9,3,0,0,1,13,2,15,0,0,0,0,2,0,1,0,0,0,0,0,14,1,3,0,0,1,0,1,5.645
263,0,1,1,0,0,1,1,0,0,0,36,25,1,31.369,33.322,26.166,2,0,1,0,0,0,0,0,18,18,0,0,0,0,0,0,0,0,0,0,0,0,0,0,0,0,0,1,69.99,18,1,1,1,0,0,0,1,7.188
264,14,2,0,1,0,1,1,0,0,0,48,30,1,15.494,30.23,13.65,3,0,0,1,0,0,0,0,14,14,0,0,0,0,0,0,0,0,0,0,0,0,0,0,0,0,0,1,69.99,14,1,2,0,1,0,0,1,4.212
265,1,2,0,1,25,3,0,0,1,0,104,36,2,0,0,0,1,1,0,0,0,0,0,0,15,15,0,0,0,0,0,0,0,0,0,0,0,0,0,0,0,0,0,1,69.99,15,1,1,1,0,0,0,1,3.933
266,10,1,1,0,0,1,1,0,0,0,112,52,2,0,0,0,1,1,0,0,0,0,0,0,17,17,0,0,0,0,0,0,0,0,0,0,0,0,0,0,0,0,0,1,69.99,17,1,4,0,0,0,1,0,0
267,8,1,1,0,0,1,1,0,0,0,109,31,1,21.843,37.945,13.92,4,0,0,0,1,0,0,0,5,6,1,1,0,0,13,1,14,0,0,0,0,2,0,1,0,0,0,0,0,19,1,4,0,0,0,1,1,8.347
268,1,1,1,0,28,2,0,1,0,0,102,19,2,0,0,0,2,0,1,0,0,0,0,0,20,20,0,0,0,0,0,0,0,0,0,0,0,0,0,0,0,0,0,1,69.99,20,1,3,0,0,1,0,0,0
269,5,2,0,1,7,3,0,0,1,0,84,45,1,31.159,32.542,13.005,6,0,0,0,0,0,1,0,22,6,1,1,0,0,13,1,15,0,0,0,0,5,0,0,0,0,1,0,0,16,1,3,0,0,1,0,0,0
270,15,1,1,0,23,4,0,0,0,1,55,27,1,12.063,38.41,20.192,3,0,0,1,0,0,0,0,15,15,0,0,0,0,0,0,0,0,0,0,0,0,0,0,0,0,0,1,69.99,15,1,1,1,0,0,0,0,0
271,0,1,1,0,32,2,0,1,0,0,40,18,1,11.229,23.744,23.579,2,0,1,0,0,0,0,0,12,12,0,0,0,0,0,0,0,0,0,0,0,0,0,0,0,0,0,1,69.99,12,1,4,0,0,0,1,0,0
272,3,2,0,1,23,3,0,0,1,0,130,46,2,0,0,0,6,0,0,0,0,0,1,0,16,7,2,0,1,0,13,1,14,0,0,0,0,3,0,0,1,0,0,0,0,14,1,3,0,0,1,0,1,8.015
273,13,2,0,1,0,1,1,0,0,0,125,35,2,0,0,0,1,1,0,0,0,0,0,0,11,11,0,0,0,0,0,0,0,0,0,0,0,0,0,0,0,0,0,1,69.99,11,1,1,1,0,0,0,1,4.598
274,10,1,1,0,4,3,0,0,1,0,78,38,1,16.309,37.433,20.349,7,0,0,0,0,0,0,1,33,33,0,0,0,0,0,0,0,45,33,55,13,0,0,0,0,0,0,0,0,12,1,4,0,0,0,1,1,6.831
275,10,2,0,1,1,4,0,0,0,1,71,56,2,0,0,0,3,0,0,1,0,0,0,0,17,17,0,0,0,0,0,0,0,0,0,0,0,0,0,0,0,0,0,1,69.99,17,1,3,0,0,1,0,1,4.045
276,1,1,1,0,0,1,1,0,0,0,35,26,1,34.415,34.64,24.55,3,0,0,1,0,0,0,0,20,20,0,0,0,0,0,0,0,0,0,0,0,0,0,0,0,0,0,1,69.99,20,1,4,0,0,0,1,0,0
277,13,1,1,0,0,1,1,0,0,0,132,36,1,28.631,37.509,17.013,2,0,1,0,0,0,0,0,13,13,0,0,0,0,0,0,0,0,0,0,0,0,0,0,0,0,0,1,69.99,13,1,1,1,0,0,0,0,0
278,5,1,1,0,15,3,0,0,1,0,69,54,2,0,0,0,3,0,0,1,0,0,0,0,11,11,0,0,0,0,0,0,0,0,0,0,0,0,0,0,0,0,0,1,69.99,11,1,4,0,0,0,1,1,3.508
279,12,1,1,0,0,1,1,0,0,0,67,38,1,27.972,25.742,25.147,5,0,0,0,0,1,0,0,6,7,1,1,0,0,13,2,15,0,0,0,0,2,0,1,0,0,0,0,0,15,1,4,0,0,0,1,0,0
280,10,2,0,1,6,2,0,1,0,0,82,57,1,20.569,34.474,26.092,2,0,1,0,0,0,0,0,11,11,0,0,0,0,0,0,0,0,0,0,0,0,0,0,0,0,0,1,69.99,11,1,2,0,1,0,0,1,6.032
281,11,1,1,0,7,4,0,0,0,1,73,37,1,28.571,26.444,19.17,6,0,0,0,0,0,1,0,19,6,1,1,0,0,13,1,14,0,0,0,0,4,0,0,0,1,0,0,0,20,1,1,1,0,0,0,0,0
282,3,1,1,0,6,2,0,1,0,0,108,53,2,0,0,0,6,0,0,0,0,0,1,0,13,8,3,0,0,1,13,1,15,0,0,0,0,2,0,1,0,0,0,0,0,16,1,3,0,0,1,0,0,0
283,11,1,1,0,12,2,0,1,0,0,58,52,1,17.452,25.802,18.4,4,0,0,0,1,0,0,0,4.5,6,1,1,0,0,13,1,15,0,0,0,0,1,1,0,0,0,0,0,0,18,1,3,0,0,1,0,1,6.634
284,4,1,1,0,4,4,0,0,0,1,109,35,2,0,0,0,6,0,0,0,0,0,1,0,17,9,3,0,0,1,13,2,14,0,0,0,0,3,0,0,1,0,0,0,0,12,1,2,0,1,0,0,0,0
285,2,1,1,0,16,2,0,1,0,0,119,49,2,0,0,0,3,0,0,1,0,0,0,0,20,20,0,0,0,0,0,0,0,0,0,0,0,0,0,0,0,0,0,1,69.99,20,1,2,0,1,0,0,0,0
286,0,1,1,0,0,1,1,0,0,0,59,39,2,0,0,0,1,1,0,0,0,0,0,0,14,14,0,0,0,0,0,0,0,0,0,0,0,0,0,0,0,0,0,1,69.99,14,1,1,1,0,0,0,0,0
287,3,2,0,1,29,4,0,0,0,1,128,24,2,0,0,0,4,0,0,0,1,0,0,0,9,9,3,0,0,1,13,2,15,0,0,0,0,5,0,0,0,0,1,0,0,15,1,1,1,0,0,0,0,0
288,15,2,0,1,1,4,0,0,0,1,112,19,2,0,0,0,6,0,0,0,0,0,1,0,23,7,1,1,0,0,13,2,14,0,0,0,0,5,0,0,0,0,1,0,0,19,1,2,0,1,0,0,1,7.816
289,0,1,1,0,9,3,0,0,1,0,34,48,2,0,0,0,1,1,0,0,0,0,0,0,20,20,0,0,0,0,0,0,0,0,0,0,0,0,0,0,0,0,0,1,69.99,20,1,2,0,1,0,0,0,0
290,12,1,1,0,0,1,1,0,0,0,111,55,2,0,0,0,5,0,0,0,0,1,0,0,7,7,2,0,1,0,13,1,14,0,0,0,0,4,0,0,0,1,0,0,0,18,1,1,1,0,0,0,1,8.277
291,14,2,0,1,0,1,1,0,0,0,61,20,1,16.408,26.352,16.08,5,0,0,0,0,1,0,0,7,7,2,0,1,0,13,1,15,0,0,0,0,4,0,0,0,1,0,0,0,18,1,2,0,1,0,0,1,2.074
292,15,1,1,0,6,2,0,1,0,0,80,50,1,33.581,23.337,19.473,7,0,0,0,0,0,0,1,33,33,0,0,0,0,0,0,0,46,33,55,13,0,0,0,0,0,0,0,0,19,1,1,1,0,0,0,0,0
293,13,1,1,0,0,2,0,1,0,0,70,55,1,17.148,24.344,26.963,7,0,0,0,0,0,0,1,33,33,0,0,0,0,0,0,0,48,33,55,13,0,0,0,0,0,0,0,0,18,1,4,0,0,0,1,1,2.116
294,3,1,1,0,17,2,0,1,0,0,92,50,1,10.155,30.384,13.032,2,0,1,0,0,0,0,0,12,12,0,0,0,0,0,0,0,0,0,0,0,0,0,0,0,0,0,1,69.99,12,1,3,0,0,1,0,0,0
295,2,2,0,1,0,1,1,0,0,0,107,50,1,10.404,36.714,17.438,7,0,0,0,0,0,0,1,33,33,0,0,0,0,0,0,0,48,33,55,13,0,0,0,0,0,0,0,0,17,1,4,0,0,0,1,0,0
296,9,2,0,1,0,1,1,0,0,0,74,31,2,0,0,0,6,0,0,0,0,0,1,0,17,8,2,0,1,0,13,2,14,0,0,0,0,3,0,0,1,0,0,0,0,17,1,3,0,0,1,0,0,0
297,7,2,0,1,22,4,0,0,0,1,120,39,1,37.183,23.245,12.443,1,1,0,0,0,0,0,0,16,16,0,0,0,0,0,0,0,0,0,0,0,0,0,0,0,0,0,1,69.99,16,1,4,0,0,0,1,0,0
298,13,2,0,1,0,1,1,0,0,0,55,27,1,12.328,24.82,29.221,6,0,0,0,0,0,1,0,17,7,1,1,0,0,13,2,15,0,0,0,0,3,0,0,1,0,0,0,0,16,1,4,0,0,0,1,0,0
299,11,1,1,0,9,2,0,1,0,0,121,21,1,29.071,36.857,17.286,7,0,0,0,0,0,0,1,33,33,0,0,0,0,0,0,0,48,33,55,13,0,0,0,0,0,0,0,0,17,1,4,0,0,0,1,1,6
300,8,1,1,0,17,4,0,0,0,1,124,37,2,0,0,0,4,0,0,0,1,0,0,0,4.5,7,2,0,1,0,13,1,15,0,0,0,0,1,1,0,0,0,0,0,0,17,1,4,0,0,0,1,1,7.127
301,2,2,0,1,1,2,0,1,0,0,131,56,1,31.603,23.858,20.213,5,0,0,0,0,1,0,0,5.5,9,3,0,0,1,13,2,15,0,0,0,0,1,1,0,0,0,0,0,0,20,1,3,0,0,1,0,0,0
302,13,1,1,0,6,3,0,0,1,0,63,36,2,0,0,0,5,0,0,0,0,1,0,0,7,6,1,1,0,0,13,1,15,0,0,0,0,4,0,0,0,1,0,0,0,20,1,4,0,0,0,1,1,6.132
303,1,1,1,0,10,2,0,1,0,0,58,29,1,27.862,38.289,21.33,1,1,0,0,0,0,0,0,15,15,0,0,0,0,0,0,0,0,0,0,0,0,0,0,0,0,0,1,69.99,15,1,1,1,0,0,0,0,0
304,3,2,0,1,20,4,0,0,0,1,91,54,2,0,0,0,5,0,0,0,0,1,0,0,5,6,1,1,0,0,13,1,14,0,0,0,0,2,0,1,0,0,0,0,0,18,1,2,0,1,0,0,0,0
305,15,1,1,0,21,2,0,1,0,0,106,57,2,0,0,0,2,0,1,0,0,0,0,0,19,19,0,0,0,0,0,0,0,0,0,0,0,0,0,0,0,0,0,1,69.99,19,1,4,0,0,0,1,1,7.995
306,4,2,0,1,0,1,1,0,0,0,97,28,1,26.448,32.474,12.238,2,0,1,0,0,0,0,0,16,16,0,0,0,0,0,0,0,0,0,0,0,0,0,0,0,0,0,1,69.99,16,1,4,0,0,0,1,1,5.253
307,3,2,0,1,0,1,1,0,0,0,39,52,1,29.425,28.968,24.298,7,0,0,0,0,0,0,1,33,33,0,0,0,0,0,0,0,45,33,55,13,0,0,0,0,0,0,0,0,15,1,3,0,0,1,0,0,0
308,10,1,1,0,5,2,0,1,0,0,42,47,1,22.422,28.872,23.846,6,0,0,0,0,0,1,0,13,6,1,1,0,0,13,1,15,0,0,0,0,2,0,1,0,0,0,0,0,12,1,1,1,0,0,0,0,0
309,11,2,0,1,16,3,0,0,1,0,110,38,2,0,0,0,6,0,0,0,0,0,1,0,22,6,1,1,0,0,13,1,14,0,0,0,0,5,0,0,0,0,1,0,0,13,1,2,0,1,0,0,1,4.355
310,6,1,1,0,0,1,1,0,0,0,92,53,1,36.009,37.237,19.749,6,0,0,0,0,0,1,0,16,7,2,0,1,0,13,1,14,0,0,0,0,3,0,0,1,0,0,0,0,13,1,3,0,0,1,0,0,0
311,14,2,0,1,12,2,0,1,0,0,84,55,2,0,0,0,4,0,0,0,1,0,0,0,7,7,2,0,1,0,13,1,14,0,0,0,0,4,0,0,0,1,0,0,0,18,1,4,0,0,0,1,1,8.256
312,15,2,0,1,27,3,0,0,1,0,91,41,1,17.258,27.697,26.44,1,1,0,0,0,0,0,0,13,13,0,0,0,0,0,0,0,0,0,0,0,0,0,0,0,0,0,1,69.99,13,1,1,1,0,0,0,0,0
313,12,1,1,0,7,2,0,1,0,0,128,24,2,0,0,0,1,1,0,0,0,0,0,0,13,13,0,0,0,0,0,0,0,0,0,0,0,0,0,0,0,0,0,1,69.99,13,1,2,0,1,0,0,1,5.321
314,10,2,0,1,0,1,1,0,0,0,60,44,2,0,0,0,3,0,0,1,0,0,0,0,12,12,0,0,0,0,0,0,0,0,0,0,0,0,0,0,0,0,0,1,69.99,12,1,2,0,1,0,0,0,0
315,9,2,0,1,14,2,0,1,0,0,56,42,2,0,0,0,3,0,0,1,0,0,0,0,15,15,0,0,0,0,0,0,0,0,0,0,0,0,0,0,0,0,0,1,69.99,15,1,2,0,1,0,0,1,5.88
316,13,1,1,0,0,1,1,0,0,0,66,58,1,22.822,32.046,17.827,7,0,0,0,0,0,0,1,33,33,0,0,0,0,0,0,0,46,33,55,13,0,0,0,0,0,0,0,0,19,1,2,0,1,0,0,1,3.429
317,2,2,0,1,0,1,1,0,0,0,116,32,2,0,0,0,7,0,0,0,0,0,0,1,33,33,0,0,0,0,0,0,0,46,33,55,13,0,0,0,0,0,0,0,0,19,1,1,1,0,0,0,1,7.718
318,11,1,1,0,24,2,0,1,0,0,46,28,1,12.857,36.872,12.963,7,0,0,0,0,0,0,1,33,33,0,0,0,0,0,0,0,46,33,55,13,0,0,0,0,0,0,0,0,12,1,4,0,0,0,1,1,5.13
319,11,2,0,1,26,4,0,0,0,1,57,16,2,0,0,0,1,1,0,0,0,0,0,0,20,20,0,0,0,0,0,0,0,0,0,0,0,0,0,0,0,0,0,1,69.99,20,1,2,0,1,0,0,1,3.489
320,14,1,1,0,22,3,0,0,1,0,80,42,2,0,0,0,3,0,0,1,0,0,0,0,20,20,0,0,0,0,0,0,0,0,0,0,0,0,0,0,0,0,0,1,69.99,20,1,2,0,1,0,0,1,3.185
321,13,2,0,1,28,4,0,0,0,1,114,31,1,26.074,27.332,20.929,2,0,1,0,0,0,0,0,15,15,0,0,0,0,0,0,0,0,0,0,0,0,0,0,0,0,0,1,69.99,15,1,2,0,1,0,0,1,7.58
322,12,1,1,0,15,4,0,0,0,1,104,48,2,0,0,0,6,0,0,0,0,0,1,0,12.5,8,2,0,1,0,13,2,14,0,0,0,0,1,1,0,0,0,0,0,0,13,1,1,1,0,0,0,1,7.999
323,15,1,1,0,0,1,1,0,0,0,72,22,2,0,0,0,7,0,0,0,0,0,0,1,33,33,0,0,0,0,0,0,0,45,33,55,13,0,0,0,0,0,0,0,0,16,1,1,1,0,0,0,1,8.505
324,7,1,1,0,0,1,1,0,0,0,91,40,2,0,0,0,6,0,0,0,0,0,1,0,20,9,3,0,0,1,13,2,15,0,0,0,0,4,0,0,0,1,0,0,0,12,1,1,1,0,0,0,1,7.038
325,15,1,1,0,11,3,0,0,1,0,61,43,2,0,0,0,3,0,0,1,0,0,0,0,19,19,0,0,0,0,0,0,0,0,0,0,0,0,0,0,0,0,0,1,69.99,19,1,4,0,0,0,1,0,0
326,12,2,0,1,20,2,0,1,0,0,55,42,1,18.736,29.546,23.867,7,0,0,0,0,0,0,1,33,33,0,0,0,0,0,0,0,46,33,55,13,0,0,0,0,0,0,0,0,18,1,3,0,0,1,0,1,5.572
327,8,2,0,1,15,4,0,0,0,1,74,22,2,0,0,0,4,0,0,0,1,0,0,0,6,7,1,1,0,0,13,2,14,0,0,0,0,2,0,1,0,0,0,0,0,14,1,2,0,1,0,0,0,0
328,0,1,1,0,29,2,0,1,0,0,104,20,1,26.978,32.254,21.668,1,1,0,0,0,0,0,0,14,14,0,0,0,0,0,0,0,0,0,0,0,0,0,0,0,0,0,1,69.99,14,1,3,0,0,1,0,1,3.426
329,5,2,0,1,14,3,0,0,1,0,93,18,2,0,0,0,6,0,0,0,0,0,1,0,19,8,3,0,0,1,13,1,14,0,0,0,0,4,0,0,0,1,0,0,0,13,1,2,0,1,0,0,0,0
330,13,1,1,0,29,4,0,0,0,1,65,23,1,30.774,25.374,25.774,5,0,0,0,0,1,0,0,8,8,3,0,0,1,13,1,15,0,0,0,0,5,0,0,0,0,1,0,0,13,1,4,0,0,0,1,0,0
331,9,1,1,0,13,2,0,1,0,0,59,27,2,0,0,0,5,0,0,0,0,1,0,0,9,9,3,0,0,1,13,2,14,0,0,0,0,5,0,0,0,0,1,0,0,16,1,2,0,1,0,0,0,0
332,5,1,1,0,25,3,0,0,1,0,108,46,2,0,0,0,2,0,1,0,0,0,0,0,12,12,0,0,0,0,0,0,0,0,0,0,0,0,0,0,0,0,0,1,69.99,12,1,2,0,1,0,0,1,2.997
333,7,2,0,1,32,4,0,0,0,1,75,47,2,0,0,0,2,0,1,0,0,0,0,0,16,16,0,0,0,0,0,0,0,0,0,0,0,0,0,0,0,0,0,1,69.99,16,1,4,0,0,0,1,1,6.914
334,12,1,1,0,5,4,0,0,0,1,59,16,1,19.191,34.13,17.69,6,0,0,0,0,0,1,0,14,8,2,0,1,0,13,2,14,0,0,0,0,2,0,1,0,0,0,0,0,16,1,1,1,0,0,0,1,2.348
335,14,2,0,1,9,3,0,0,1,0,109,54,2,0,0,0,1,1,0,0,0,0,0,0,11,11,0,0,0,0,0,0,0,0,0,0,0,0,0,0,0,0,0,1,69.99,11,1,2,0,1,0,0,1,7.851
336,7,1,1,0,4,3,0,0,1,0,110,46,2,0,0,0,3,0,0,1,0,0,0,0,20,20,0,0,0,0,0,0,0,0,0,0,0,0,0,0,0,0,0,1,69.99,20,1,1,1,0,0,0,0,0
337,13,1,1,0,5,2,0,1,0,0,92,44,2,0,0,0,5,0,0,0,0,1,0,0,6,6,1,1,0,0,13,1,14,0,0,0,0,3,0,0,1,0,0,0,0,18,1,4,0,0,0,1,1,3.033
338,14,2,0,1,0,1,1,0,0,0,37,58,2,0,0,0,3,0,0,1,0,0,0,0,11,11,0,0,0,0,0,0,0,0,0,0,0,0,0,0,0,0,0,1,69.99,11,1,4,0,0,0,1,0,0
339,15,1,1,0,0,1,1,0,0,0,84,53,2,0,0,0,7,0,0,0,0,0,0,1,33,33,0,0,0,0,0,0,0,45,33,55,13,0,0,0,0,0,0,0,0,18,1,2,0,1,0,0,1,2.475
340,6,1,1,0,0,1,1,0,0,0,46,27,2,0,0,0,2,0,1,0,0,0,0,0,13,13,0,0,0,0,0,0,0,0,0,0,0,0,0,0,0,0,0,1,69.99,13,1,2,0,1,0,0,0,0
341,2,1,1,0,11,3,0,0,1,0,46,29,1,25.025,25.847,23.195,5,0,0,0,0,1,0,0,9,7,1,1,0,0,13,2,15,0,0,0,0,5,0,0,0,0,1,0,0,18,1,4,0,0,0,1,0,0
342,5,1,1,0,0,1,1,0,0,0,118,30,1,13.726,32.302,29.078,4,0,0,0,1,0,0,0,4.5,6,1,1,0,0,13,1,14,0,0,0,0,1,1,0,0,0,0,0,0,19,1,1,1,0,0,0,1,2.94
343,6,1,1,0,16,2,0,1,0,0,89,51,1,28.292,35.633,18.561,4,0,0,0,1,0,0,0,7,6,1,1,0,0,13,1,15,0,0,0,0,4,0,0,0,1,0,0,0,15,1,1,1,0,0,0,0,0
344,5,2,0,1,4,2,0,1,0,0,92,16,2,0,0,0,3,0,0,1,0,0,0,0,14,14,0,0,0,0,0,0,0,0,0,0,0,0,0,0,0,0,0,1,69.99,14,1,1,1,0,0,0,0,0
345,4,2,0,1,8,4,0,0,0,1,65,57,1,36.234,35.234,14.975,6,0,0,0,0,0,1,0,13,6,1,1,0,0,13,1,15,0,0,0,0,2,0,1,0,0,0,0,0,17,1,2,0,1,0,0,1,4.327
346,10,1,1,0,11,4,0,0,0,1,100,46,2,0,0,0,1,1,0,0,0,0,0,0,13,13,0,0,0,0,0,0,0,0,0,0,0,0,0,0,0,0,0,1,69.99,13,1,1,1,0,0,0,1,6.417
347,11,1,1,0,0,1,1,0,0,0,107,38,2,0,0,0,7,0,0,0,0,0,0,1,33,33,0,0,0,0,0,0,0,45,33,55,13,0,0,0,0,0,0,0,0,11,1,3,0,0,1,0,1,7.567
348,4,1,1,0,14,2,0,1,0,0,84,55,2,0,0,0,5,0,0,0,0,1,0,0,6,8,3,0,0,1,13,1,14,0,0,0,0,3,0,0,1,0,0,0,0,19,1,3,0,0,1,0,1,5.705
349,7,2,0,1,32,4,0,0,0,1,67,45,2,0,0,0,2,0,1,0,0,0,0,0,12,12,0,0,0,0,0,0,0,0,0,0,0,0,0,0,0,0,0,1,69.99,12,1,3,0,0,1,0,1,5.86
350,5,2,0,1,12,4,0,0,0,1,45,28,1,17.877,33.269,21.235,2,0,1,0,0,0,0,0,13,13,0,0,0,0,0,0,0,0,0,0,0,0,0,0,0,0,0,1,69.99,13,1,2,0,1,0,0,0,0
351,0,2,0,1,0,4,0,0,0,1,66,23,2,0,0,0,5,0,0,0,0,1,0,0,6,8,3,0,0,1,13,1,15,0,0,0,0,3,0,0,1,0,0,0,0,19,1,3,0,0,1,0,0,0
352,7,1,1,0,0,1,1,0,0,0,64,36,1,32.163,29.755,20.07,5,0,0,0,0,1,0,0,6,8,3,0,0,1,13,1,15,0,0,0,0,3,0,0,1,0,0,0,0,19,1,3,0,0,1,0,1,5.913
353,2,2,0,1,7,2,0,1,0,0,131,17,1,21.818,38.225,14.018,4,0,0,0,1,0,0,0,4.5,7,2,0,1,0,13,1,15,0,0,0,0,1,1,0,0,0,0,0,0,17,1,4,0,0,0,1,0,0
354,9,2,0,1,0,1,1,0,0,0,73,26,1,28.082,24.053,12.048,1,1,0,0,0,0,0,0,17,17,0,0,0,0,0,0,0,0,0,0,0,0,0,0,0,0,0,1,69.99,17,1,2,0,1,0,0,1,2.179
355,8,2,0,1,20,2,0,1,0,0,110,47,2,0,0,0,3,0,0,1,0,0,0,0,20,20,0,0,0,0,0,0,0,0,0,0,0,0,0,0,0,0,0,1,69.99,20,1,2,0,1,0,0,1,2.734
356,5,2,0,1,25,2,0,1,0,0,39,33,2,0,0,0,1,1,0,0,0,0,0,0,19,19,0,0,0,0,0,0,0,0,0,0,0,0,0,0,0,0,0,1,69.99,19,1,3,0,0,1,0,0,0
357,15,2,0,1,11,3,0,0,1,0,40,55,1,25.434,27.39,27.916,1,1,0,0,0,0,0,0,13,13,0,0,0,0,0,0,0,0,0,0,0,0,0,0,0,0,0,1,69.99,13,1,1,1,0,0,0,1,8.262
358,1,1,1,0,0,1,1,0,0,0,99,31,1,19.136,36.521,25.043,7,0,0,0,0,0,0,1,33,33,0,0,0,0,0,0,0,47,33,55,13,0,0,0,0,0,0,0,0,18,1,4,0,0,0,1,0,0
359,13,1,1,0,0,1,1,0,0,0,95,40,2,0,0,0,4,0,0,0,1,0,0,0,4.5,7,2,0,1,0,13,1,15,0,0,0,0,1,1,0,0,0,0,0,0,15,1,3,0,0,1,0,0,0
360,13,2,0,1,0,1,1,0,0,0,44,44,1,13.801,35.768,19.295,5,0,0,0,0,1,0,0,8,6,1,1,0,0,13,1,14,0,0,0,0,5,0,0,0,0,1,0,0,12,1,1,1,0,0,0,1,7.134
361,5,2,0,1,8,3,0,0,1,0,66,48,1,14.161,31.256,27.414,6,0,0,0,0,0,1,0,13,6,1,1,0,0,13,1,15,0,0,0,0,2,0,1,0,0,0,0,0,13,1,4,0,0,0,1,0,0
362,13,1,1,0,15,4,0,0,0,1,91,36,1,37.787,32.643,17.967,6,0,0,0,0,0,1,0,16,8,3,0,0,1,13,1,14,0,0,0,0,3,0,0,1,0,0,0,0,15,1,4,0,0,0,1,1,8.542
363,13,1,1,0,0,4,0,0,0,1,84,58,2,0,0,0,1,1,0,0,0,0,0,0,16,16,0,0,0,0,0,0,0,0,0,0,0,0,0,0,0,0,0,1,69.99,16,1,1,1,0,0,0,1,3.286
364,14,1,1,0,0,1,1,0,0,0,65,33,2,0,0,0,3,0,0,1,0,0,0,0,16,16,0,0,0,0,0,0,0,0,0,0,0,0,0,0,0,0,0,1,69.99,16,1,2,0,1,0,0,0,0
365,0,1,1,0,0,1,1,0,0,0,70,17,2,0,0,0,1,1,0,0,0,0,0,0,13,13,0,0,0,0,0,0,0,0,0,0,0,0,0,0,0,0,0,1,69.99,13,1,2,0,1,0,0,0,0
366,15,1,1,0,6,4,0,0,0,1,75,49,2,0,0,0,4,0,0,0,1,0,0,0,7,9,3,0,0,1,13,2,14,0,0,0,0,3,0,0,1,0,0,0,0,11,1,3,0,0,1,0,1,5.382
367,4,2,0,1,17,4,0,0,0,1,97,36,2,0,0,0,3,0,0,1,0,0,0,0,16,16,0,0,0,0,0,0,0,0,0,0,0,0,0,0,0,0,0,1,69.99,16,1,2,0,1,0,0,1,8.035
368,0,1,1,0,0,1,1,0,0,0,83,18,2,0,0,0,7,0,0,0,0,0,0,1,33,33,0,0,0,0,0,0,0,46,33,55,13,0,0,0,0,0,0,0,0,16,1,1,1,0,0,0,1,3.849
369,5,1,1,0,10,4,0,0,0,1,71,47,2,0,0,0,5,0,0,0,0,1,0,0,9,9,3,0,0,1,13,2,15,0,0,0,0,5,0,0,0,0,1,0,0,20,1,1,1,0,0,0,1,7.481
370,12,2,0,1,26,3,0,0,1,0,46,22,1,25.255,29.47,24.981,4,0,0,0,1,0,0,0,5,8,3,0,0,1,13,1,14,0,0,0,0,2,0,1,0,0,0,0,0,16,1,2,0,1,0,0,0,0
371,5,1,1,0,13,3,0,0,1,0,34,41,2,0,0,0,3,0,0,1,0,0,0,0,13,13,0,0,0,0,0,0,0,0,0,0,0,0,0,0,0,0,0,1,69.99,13,1,3,0,0,1,0,1,3.978
372,10,2,0,1,27,3,0,0,1,0,91,18,2,0,0,0,5,0,0,0,0,1,0,0,4.5,7,2,0,1,0,13,1,15,0,0,0,0,1,1,0,0,0,0,0,0,20,1,4,0,0,0,1,1,4.797
373,1,1,1,0,0,1,1,0,0,0,116,57,2,0,0,0,1,1,0,0,0,0,0,0,19,19,0,0,0,0,0,0,0,0,0,0,0,0,0,0,0,0,0,1,69.99,19,1,4,0,0,0,1,1,4.402
374,13,1,1,0,0,1,1,0,0,0,47,22,2,0,0,0,2,0,1,0,0,0,0,0,18,18,0,0,0,0,0,0,0,0,0,0,0,0,0,0,0,0,0,1,69.99,18,1,2,0,1,0,0,1,6.797
375,15,2,0,1,31,3,0,0,1,0,101,38,2,0,0,0,3,0,0,1,0,0,0,0,11,11,0,0,0,0,0,0,0,0,0,0,0,0,0,0,0,0,0,1,69.99,11,1,1,1,0,0,0,0,0
376,5,2,0,1,0,1,1,0,0,0,82,16,1,34.68,27.631,12.604,4,0,0,0,1,0,0,0,6,7,1,1,0,0,13,2,15,0,0,0,0,2,0,1,0,0,0,0,0,15,1,3,0,0,1,0,1,6.257
377,12,1,1,0,32,3,0,0,1,0,115,36,1,10.03,30.204,20.441,5,0,0,0,0,1,0,0,6,8,2,0,1,0,13,2,15,0,0,0,0,2,0,1,0,0,0,0,0,12,1,3,0,0,1,0,1,4.919
378,13,1,1,0,20,2,0,1,0,0,50,26,1,37.258,35.631,20.584,3,0,0,1,0,0,0,0,16,16,0,0,0,0,0,0,0,0,0,0,0,0,0,0,0,0,0,1,69.99,16,1,1,1,0,0,0,0,0
379,8,2,0,1,15,2,0,1,0,0,85,45,1,14.915,27.744,26.036,6,0,0,0,0,0,1,0,13,7,2,0,1,0,13,1,15,0,0,0,0,2,0,1,0,0,0,0,0,19,1,3,0,0,1,0,0,0
380,8,1,1,0,9,4,0,0,0,1,67,56,1,15.584,23.591,27.328,3,0,0,1,0,0,0,0,14,14,0,0,0,0,0,0,0,0,0,0,0,0,0,0,0,0,0,1,69.99,14,1,3,0,0,1,0,1,8.628
381,7,1,1,0,28,4,0,0,0,1,125,32,1,20.025,30.592,28.992,6,0,0,0,0,0,1,0,13,8,3,0,0,1,13,1,14,0,0,0,0,2,0,1,0,0,0,0,0,13,1,3,0,0,1,0,0,0
382,5,2,0,1,16,2,0,1,0,0,91,57,2,0,0,0,4,0,0,0,1,0,0,0,7,7,1,1,0,0,13,2,14,0,0,0,0,3,0,0,1,0,0,0,0,15,1,2,0,1,0,0,1,5.635
383,8,1,1,0,0,1,1,0,0,0,36,17,1,35.3,29.9,14.44,5,0,0,0,0,1,0,0,6,6,1,1,0,0,13,1,15,0,0,0,0,3,0,0,1,0,0,0,0,18,1,4,0,0,0,1,1,2.031
384,0,1,1,0,0,1,1,0,0,0,90,23,2,0,0,0,5,0,0,0,0,1,0,0,5.5,9,3,0,0,1,13,2,15,0,0,0,0,1,1,0,0,0,0,0,0,17,1,2,0,1,0,0,1,4.977
385,2,2,0,1,29,4,0,0,0,1,53,25,1,17.173,38.434,21.312,1,1,0,0,0,0,0,0,18,18,0,0,0,0,0,0,0,0,0,0,0,0,0,0,0,0,0,1,69.99,18,1,2,0,1,0,0,1,4.72
386,4,1,1,0,0,1,1,0,0,0,88,52,2,0,0,0,2,0,1,0,0,0,0,0,13,13,0,0,0,0,0,0,0,0,0,0,0,0,0,0,0,0,0,1,69.99,13,1,1,1,0,0,0,1,4.445
387,11,1,1,0,23,3,0,0,1,0,86,36,1,19.386,32.23,15.331,2,0,1,0,0,0,0,0,17,17,0,0,0,0,0,0,0,0,0,0,0,0,0,0,0,0,0,1,69.99,17,1,1,1,0,0,0,0,0
388,6,2,0,1,25,3,0,0,1,0,64,39,1,19.136,35.713,28.142,1,1,0,0,0,0,0,0,18,18,0,0,0,0,0,0,0,0,0,0,0,0,0,0,0,0,0,1,69.99,18,1,1,1,0,0,0,1,2.86
389,14,2,0,1,0,1,1,0,0,0,60,45,1,28.476,31.52,23.561,1,1,0,0,0,0,0,0,19,19,0,0,0,0,0,0,0,0,0,0,0,0,0,0,0,0,0,1,69.99,19,1,2,0,1,0,0,0,0
390,4,1,1,0,0,1,1,0,0,0,66,22,2,0,0,0,4,0,0,0,1,0,0,0,8,6,1,1,0,0,13,1,14,0,0,0,0,5,0,0,0,0,1,0,0,12,1,4,0,0,0,1,0,0
391,11,2,0,1,2,2,0,1,0,0,90,47,1,18.382,27.29,19.042,1,1,0,0,0,0,0,0,14,14,0,0,0,0,0,0,0,0,0,0,0,0,0,0,0,0,0,1,69.99,14,1,2,0,1,0,0,1,4.874
392,0,1,1,0,0,1,1,0,0,0,103,50,1,18.162,24.843,11.811,1,1,0,0,0,0,0,0,17,17,0,0,0,0,0,0,0,0,0,0,0,0,0,0,0,0,0,1,69.99,17,1,4,0,0,0,1,0,0
393,5,2,0,1,10,3,0,0,1,0,95,18,2,0,0,0,7,0,0,0,0,0,0,1,33,33,0,0,0,0,0,0,0,46,33,55,13,0,0,0,0,0,0,0,0,18,1,1,1,0,0,0,1,4.05
394,0,2,0,1,13,4,0,0,0,1,54,42,1,32.368,24.117,13.465,1,1,0,0,0,0,0,0,19,19,0,0,0,0,0,0,0,0,0,0,0,0,0,0,0,0,0,1,69.99,19,1,3,0,0,1,0,0,0
395,3,2,0,1,0,1,1,0,0,0,126,56,1,22.697,27.921,22.444,3,0,0,1,0,0,0,0,19,19,0,0,0,0,0,0,0,0,0,0,0,0,0,0,0,0,0,1,69.99,19,1,2,0,1,0,0,0,0
396,12,1,1,0,0,1,1,0,0,0,76,22,2,0,0,0,6,0,0,0,0,0,1,0,19,6,1,1,0,0,13,1,15,0,0,0,0,4,0,0,0,1,0,0,0,15,1,1,1,0,0,0,0,0
397,6,1,1,0,9,2,0,1,0,0,99,58,2,0,0,0,6,0,0,0,0,0,1,0,19,8,3,0,0,1,13,1,14,0,0,0,0,4,0,0,0,1,0,0,0,18,1,1,1,0,0,0,1,5.558
398,12,1,1,0,9,4,0,0,0,1,37,56,2,0,0,0,5,0,0,0,0,1,0,0,5.5,8,2,0,1,0,13,2,15,0,0,0,0,1,1,0,0,0,0,0,0,18,1,1,1,0,0,0,1,6.621
399,7,2,0,1,0,1,1,0,0,0,93,40,2,0,0,0,4,0,0,0,1,0,0,0,6,7,2,0,1,0,13,1,14,0,0,0,0,3,0,0,1,0,0,0,0,15,1,4,0,0,0,1,1,5.102
400,0,2,0,1,8,2,0,1,0,0,61,39,2,0,0,0,4,0,0,0,1,0,0,0,6,9,3,0,0,1,13,2,14,0,0,0,0,2,0,1,0,0,0,0,0,19,1,2,0,1,0,0,1,2.896
401,14,2,0,1,0,1,1,0,0,0,104,36,1,14.495,32.727,26.603,6,0,0,0,0,0,1,0,11.5,6,1,1,0,0,13,1,15,0,0,0,0,1,1,0,0,0,0,0,0,17,1,4,0,0,0,1,1,6.295
402,3,1,1,0,0,1,1,0,0,0,121,48,1,23.386,28.027,12.131,7,0,0,0,0,0,0,1,33,33,0,0,0,0,0,0,0,45,33,55,13,0,0,0,0,0,0,0,0,12,1,2,0,1,0,0,0,0
403,8,1,1,0,10,4,0,0,0,1,84,23,2,0,0,0,5,0,0,0,0,1,0,0,8,7,1,1,0,0,13,2,14,0,0,0,0,4,0,0,0,1,0,0,0,20,1,1,1,0,0,0,1,8.725
404,14,1,1,0,0,1,1,0,0,0,61,38,2,0,0,0,6,0,0,0,0,0,1,0,17,7,1,1,0,0,13,2,14,0,0,0,0,3,0,0,1,0,0,0,0,17,1,1,1,0,0,0,1,2.302
405,6,2,0,1,30,4,0,0,0,1,101,23,2,0,0,0,7,0,0,0,0,0,0,1,33,33,0,0,0,0,0,0,0,47,33,55,13,0,0,0,0,0,0,0,0,15,1,2,0,1,0,0,0,0
406,1,1,1,0,30,3,0,0,1,0,63,19,1,23.781,28.291,20.536,5,0,0,0,0,1,0,0,6,8,2,0,1,0,13,2,15,0,0,0,0,2,0,1,0,0,0,0,0,12,1,3,0,0,1,0,0,0
407,2,2,0,1,26,2,0,1,0,0,112,45,1,26.149,22.936,15.53,1,1,0,0,0,0,0,0,18,18,0,0,0,0,0,0,0,0,0,0,0,0,0,0,0,0,0,1,69.99,18,1,3,0,0,1,0,0,0
408,12,2,0,1,0,1,1,0,0,0,101,54,1,26.004,38.611,20.866,6,0,0,0,0,0,1,0,22,7,2,0,1,0,13,1,15,0,0,0,0,5,0,0,0,0,1,0,0,20,1,2,0,1,0,0,0,0
409,2,2,0,1,30,3,0,0,1,0,79,45,2,0,0,0,6,0,0,0,0,0,1,0,20,7,1,1,0,0,13,2,15,0,0,0,0,4,0,0,0,1,0,0,0,11,1,4,0,0,0,1,1,5.135
410,10,2,0,1,4,4,0,0,0,1,65,30,1,10.814,26.077,24.105,3,0,0,1,0,0,0,0,19,19,0,0,0,0,0,0,0,0,0,0,0,0,0,0,0,0,0,1,69.99,19,1,4,0,0,0,1,0,0
411,4,2,0,1,0,1,1,0,0,0,55,37,2,0,0,0,5,0,0,0,0,1,0,0,6,9,3,0,0,1,13,2,15,0,0,0,0,2,0,1,0,0,0,0,0,15,1,2,0,1,0,0,0,0
412,15,2,0,1,0,1,1,0,0,0,126,53,1,29.72,30.701,26.704,4,0,0,0,1,0,0,0,6,8,2,0,1,0,13,2,15,0,0,0,0,2,0,1,0,0,0,0,0,20,1,1,1,0,0,0,0,0
413,3,1,1,0,2,2,0,1,0,0,48,22,1,27.068,33.451,26.054,3,0,0,1,0,0,0,0,13,13,0,0,0,0,0,0,0,0,0,0,0,0,0,0,0,0,0,1,69.99,13,1,2,0,1,0,0,1,6.574
414,13,1,1,0,14,2,0,1,0,0,79,40,2,0,0,0,7,0,0,0,0,0,0,1,33,33,0,0,0,0,0,0,0,47,33,55,13,0,0,0,0,0,0,0,0,17,1,1,1,0,0,0,0,0
415,4,2,0,1,31,4,0,0,0,1,102,21,2,0,0,0,2,0,1,0,0,0,0,0,11,11,0,0,0,0,0,0,0,0,0,0,0,0,0,0,0,0,0,1,69.99,11,1,2,0,1,0,0,0,0
416,13,1,1,0,23,3,0,0,1,0,125,48,2,0,0,0,5,0,0,0,0,1,0,0,6,8,2,0,1,0,13,2,14,0,0,0,0,2,0,1,0,0,0,0,0,16,1,2,0,1,0,0,1,6.839
417,14,2,0,1,5,2,0,1,0,0,59,22,1,26.468,38.286,28.332,4,0,0,0,1,0,0,0,5,8,3,0,0,1,13,1,14,0,0,0,0,2,0,1,0,0,0,0,0,17,1,2,0,1,0,0,1,5.403
418,2,2,0,1,15,3,0,0,1,0,96,19,2,0,0,0,2,0,1,0,0,0,0,0,17,17,0,0,0,0,0,0,0,0,0,0,0,0,0,0,0,0,0,1,69.99,17,1,4,0,0,0,1,1,4.442
419,4,1,1,0,0,1,1,0,0,0,96,53,2,0,0,0,3,0,0,1,0,0,0,0,14,14,0,0,0,0,0,0,0,0,0,0,0,0,0,0,0,0,0,1,69.99,14,1,1,1,0,0,0,1,2.644
420,3,1,1,0,10,4,0,0,0,1,63,23,2,0,0,0,5,0,0,0,0,1,0,0,9,7,1,1,0,0,13,2,15,0,0,0,0,5,0,0,0,0,1,0,0,15,1,3,0,0,1,0,1,7.55
421,10,1,1,0,13,3,0,0,1,0,114,20,1,28.916,33.514,13.106,3,0,0,1,0,0,0,0,14,14,0,0,0,0,0,0,0,0,0,0,0,0,0,0,0,0,0,1,69.99,14,1,4,0,0,0,1,1,7.105
422,8,1,1,0,19,4,0,0,0,1,113,19,1,27.412,35.11,13.246,4,0,0,0,1,0,0,0,6,6,1,1,0,0,13,1,15,0,0,0,0,3,0,0,1,0,0,0,0,16,1,2,0,1,0,0,1,4.169
423,2,1,1,0,14,4,0,0,0,1,116,36,1,29.975,33.876,21.811,6,0,0,0,0,0,1,0,22,8,3,0,0,1,13,1,15,0,0,0,0,5,0,0,0,0,1,0,0,19,1,3,0,0,1,0,1,4.961
424,13,1,1,0,17,3,0,0,1,0,34,36,1,12.547,37.306,27.872,4,0,0,0,1,0,0,0,6,8,2,0,1,0,13,2,14,0,0,0,0,2,0,1,0,0,0,0,0,11,1,4,0,0,0,1,1,3.541
425,2,2,0,1,31,3,0,0,1,0,76,22,1,15.3,29.192,14.446,7,0,0,0,0,0,0,1,33,33,0,0,0,0,0,0,0,46,33,55,13,0,0,0,0,0,0,0,0,19,1,3,0,0,1,0,0,0
426,14,1,1,0,5,3,0,0,1,0,101,52,2,0,0,0,5,0,0,0,0,1,0,0,4.5,6,1,1,0,0,13,1,14,0,0,0,0,1,1,0,0,0,0,0,0,15,1,4,0,0,0,1,0,0
427,10,1,1,0,0,1,1,0,0,0,108,33,2,0,0,0,7,0,0,0,0,0,0,1,33,33,0,0,0,0,0,0,0,47,33,55,13,0,0,0,0,0,0,0,0,14,1,4,0,0,0,1,1,6.436
428,7,2,0,1,24,3,0,0,1,0,101,19,1,17.652,35.884,23.219,1,1,0,0,0,0,0,0,15,15,0,0,0,0,0,0,0,0,0,0,0,0,0,0,0,0,0,1,69.99,15,1,1,1,0,0,0,1,2.462
429,12,1,1,0,0,1,1,0,0,0,118,58,2,0,0,0,3,0,0,1,0,0,0,0,15,15,0,0,0,0,0,0,0,0,0,0,0,0,0,0,0,0,0,1,69.99,15,1,2,0,1,0,0,1,6.913
430,8,1,1,0,0,1,1,0,0,0,73,38,2,0,0,0,7,0,0,0,0,0,0,1,33,33,0,0,0,0,0,0,0,48,33,55,13,0,0,0,0,0,0,0,0,20,1,4,0,0,0,1,0,0
431,12,1,1,0,14,2,0,1,0,0,75,39,1,11.418,33.625,17.791,4,0,0,0,1,0,0,0,9,9,3,0,0,1,13,2,14,0,0,0,0,5,0,0,0,0,1,0,0,12,1,1,1,0,0,0,1,2.69
432,7,2,0,1,8,2,0,1,0,0,73,49,1,18.382,33.882,22.56,6,0,0,0,0,0,1,0,11.5,6,1,1,0,0,13,1,14,0,0,0,0,1,1,0,0,0,0,0,0,13,1,1,1,0,0,0,1,7.727
433,4,1,1,0,32,2,0,1,0,0,41,21,1,13.451,36.347,28.014,7,0,0,0,0,0,0,1,33,33,0,0,0,0,0,0,0,47,33,55,13,0,0,0,0,0,0,0,0,17,1,1,1,0,0,0,0,0
434,12,1,1,0,17,4,0,0,0,1,55,30,1,12.937,34.582,28.214,7,0,0,0,0,0,0,1,33,33,0,0,0,0,0,0,0,45,33,55,13,0,0,0,0,0,0,0,0,12,1,3,0,0,1,0,0,0
435,3,2,0,1,0,1,1,0,0,0,126,51,2,0,0,0,3,0,0,1,0,0,0,0,13,13,0,0,0,0,0,0,0,0,0,0,0,0,0,0,0,0,0,1,69.99,13,1,1,1,0,0,0,0,0
436,15,1,1,0,25,3,0,0,1,0,58,16,2,0,0,0,3,0,0,1,0,0,0,0,14,14,0,0,0,0,0,0,0,0,0,0,0,0,0,0,0,0,0,1,69.99,14,1,2,0,1,0,0,0,0
437,13,2,0,1,0,1,1,0,0,0,101,17,2,0,0,0,2,0,1,0,0,0,0,0,15,15,0,0,0,0,0,0,0,0,0,0,0,0,0,0,0,0,0,1,69.99,15,1,1,1,0,0,0,0,0
438,0,2,0,1,31,2,0,1,0,0,82,56,2,0,0,0,2,0,1,0,0,0,0,0,11,11,0,0,0,0,0,0,0,0,0,0,0,0,0,0,0,0,0,1,69.99,11,1,2,0,1,0,0,1,8.205
439,1,2,0,1,24,3,0,0,1,0,61,35,1,10.31,28.162,14.996,4,0,0,0,1,0,0,0,6,6,1,1,0,0,13,1,14,0,0,0,0,3,0,0,1,0,0,0,0,18,1,4,0,0,0,1,1,8.244
440,13,2,0,1,12,3,0,0,1,0,129,48,1,25.07,36.627,24.289,2,0,1,0,0,0,0,0,12,12,0,0,0,0,0,0,0,0,0,0,0,0,0,0,0,0,0,1,69.99,12,1,3,0,0,1,0,0,0
441,11,1,1,0,10,2,0,1,0,0,104,37,2,0,0,0,7,0,0,0,0,0,0,1,33,33,0,0,0,0,0,0,0,48,33,55,13,0,0,0,0,0,0,0,0,14,1,4,0,0,0,1,1,4.852
442,9,1,1,0,32,4,0,0,0,1,53,45,2,0,0,0,3,0,0,1,0,0,0,0,20,20,0,0,0,0,0,0,0,0,0,0,0,0,0,0,0,0,0,1,69.99,20,1,1,1,0,0,0,1,7.501
443,11,2,0,1,0,1,1,0,0,0,117,24,1,36.793,23.385,19.651,7,0,0,0,0,0,0,1,33,33,0,0,0,0,0,0,0,48,33,55,13,0,0,0,0,0,0,0,0,11,1,3,0,0,1,0,0,0
444,4,2,0,1,0,1,1,0,0,0,63,40,2,0,0,0,5,0,0,0,0,1,0,0,8,8,3,0,0,1,13,1,14,0,0,0,0,5,0,0,0,0,1,0,0,14,1,2,0,1,0,0,0,0
445,2,2,0,1,0,1,1,0,0,0,116,48,1,39.75,25.987,20.712,4,0,0,0,1,0,0,0,9,9,3,0,0,1,13,2,14,0,0,0,0,5,0,0,0,0,1,0,0,12,1,4,0,0,0,1,0,0
446,13,2,0,1,22,3,0,0,1,0,115,56,2,0,0,0,5,0,0,0,0,1,0,0,6,8,2,0,1,0,13,2,15,0,0,0,0,2,0,1,0,0,0,0,0,13,1,3,0,0,1,0,1,4.433
447,3,2,0,1,0,1,1,0,0,0,93,58,2,0,0,0,3,0,0,1,0,0,0,0,14,14,0,0,0,0,0,0,0,0,0,0,0,0,0,0,0,0,0,1,69.99,14,1,3,0,0,1,0,1,5.13
448,8,2,0,1,0,1,1,0,0,0,96,55,2,0,0,0,2,0,1,0,0,0,0,0,17,17,0,0,0,0,0,0,0,0,0,0,0,0,0,0,0,0,0,1,69.99,17,1,3,0,0,1,0,0,0
449,7,1,1,0,33,3,0,0,1,0,116,56,1,14.925,26.262,20.528,6,0,0,0,0,0,1,0,12.5,8,2,0,1,0,13,2,15,0,0,0,0,1,1,0,0,0,0,0,0,18,1,1,1,0,0,0,1,7.528
450,14,1,1,0,5,3,0,0,1,0,38,55,1,38.192,28.32,14.493,5,0,0,0,0,1,0,0,8,6,1,1,0,0,13,1,15,0,0,0,0,5,0,0,0,0,1,0,0,13,1,2,0,1,0,0,0,0
451,10,2,0,1,0,1,1,0,0,0,55,25,2,0,0,0,3,0,0,1,0,0,0,0,13,13,0,0,0,0,0,0,0,0,0,0,0,0,0,0,0,0,0,1,69.99,13,1,1,1,0,0,0,1,5.688
452,10,1,1,0,14,3,0,0,1,0,47,27,1,19.291,23.898,21.897,4,0,0,0,1,0,0,0,7,7,1,1,0,0,13,2,15,0,0,0,0,3,0,0,1,0,0,0,0,19,1,1,1,0,0,0,0,0
453,11,2,0,1,8,4,0,0,0,1,39,37,2,0,0,0,5,0,0,0,0,1,0,0,6,7,1,1,0,0,13,2,15,0,0,0,0,2,0,1,0,0,0,0,0,19,1,2,0,1,0,0,0,0
454,12,1,1,0,26,2,0,1,0,0,47,43,2,0,0,0,1,1,0,0,0,0,0,0,19,19,0,0,0,0,0,0,0,0,0,0,0,0,0,0,0,0,0,1,69.99,19,1,3,0,0,1,0,0,0
455,7,1,1,0,10,2,0,1,0,0,120,32,2,0,0,0,6,0,0,0,0,0,1,0,14,8,2,0,1,0,13,2,14,0,0,0,0,2,0,1,0,0,0,0,0,12,1,1,1,0,0,0,1,8.012
456,0,1,1,0,13,2,0,1,0,0,72,23,1,18.871,33.269,24.922,1,1,0,0,0,0,0,0,12,12,0,0,0,0,0,0,0,0,0,0,0,0,0,0,0,0,0,1,69.99,12,1,1,1,0,0,0,0,0
457,11,2,0,1,0,1,1,0,0,0,70,39,1,10.02,24.561,19.96,2,0,1,0,0,0,0,0,18,18,0,0,0,0,0,0,0,0,0,0,0,0,0,0,0,0,0,1,69.99,18,1,2,0,1,0,0,0,0
458,3,2,0,1,0,1,1,0,0,0,108,45,1,13.636,28.828,26.324,3,0,0,1,0,0,0,0,11,11,0,0,0,0,0,0,0,0,0,0,0,0,0,0,0,0,0,1,69.99,11,1,2,0,1,0,0,1,6.17
459,8,2,0,1,7,2,0,1,0,0,120,42,2,0,0,0,7,0,0,0,0,0,0,1,33,33,0,0,0,0,0,0,0,45,33,55,13,0,0,0,0,0,0,0,0,19,1,2,0,1,0,0,0,0
460,4,2,0,1,29,4,0,0,0,1,49,24,1,9.895,23.089,23.08,5,0,0,0,0,1,0,0,5.5,7,1,1,0,0,13,2,14,0,0,0,0,1,1,0,0,0,0,0,0,15,1,2,0,1,0,0,1,2.245
461,7,2,0,1,4,3,0,0,1,0,85,53,2,0,0,0,6,0,0,0,0,0,1,0,14,9,3,0,0,1,13,2,15,0,0,0,0,2,0,1,0,0,0,0,0,19,1,1,1,0,0,0,1,7.111
462,12,2,0,1,9,4,0,0,0,1,92,41,2,0,0,0,5,0,0,0,0,1,0,0,8,8,2,0,1,0,13,2,14,0,0,0,0,4,0,0,0,1,0,0,0,19,1,3,0,0,1,0,1,5.006
463,4,1,1,0,28,2,0,1,0,0,84,44,2,0,0,0,3,0,0,1,0,0,0,0,20,20,0,0,0,0,0,0,0,0,0,0,0,0,0,0,0,0,0,1,69.99,20,1,1,1,0,0,0,0,0
464,7,1,1,0,28,3,0,0,1,0,56,35,1,34.665,37.694,16.555,1,1,0,0,0,0,0,0,19,19,0,0,0,0,0,0,0,0,0,0,0,0,0,0,0,0,0,1,69.99,19,1,2,0,1,0,0,1,4.155
465,12,2,0,1,0,1,1,0,0,0,43,21,1,27.912,25.094,15.824,7,0,0,0,0,0,0,1,33,33,0,0,0,0,0,0,0,45,33,55,13,0,0,0,0,0,0,0,0,15,1,2,0,1,0,0,0,0
466,13,2,0,1,18,3,0,0,1,0,56,47,1,28.202,26.621,19.39,6,0,0,0,0,0,1,0,16,7,2,0,1,0,13,1,15,0,0,0,0,3,0,0,1,0,0,0,0,13,1,4,0,0,0,1,1,8.074
467,13,1,1,0,29,4,0,0,0,1,116,44,2,0,0,0,2,0,1,0,0,0,0,0,17,17,0,0,0,0,0,0,0,0,0,0,0,0,0,0,0,0,0,1,69.99,17,1,3,0,0,1,0,0,0
468,4,1,1,0,2,3,0,0,1,0,102,31,1,18.956,32.989,13.902,4,0,0,0,1,0,0,0,6,8,3,0,0,1,13,1,15,0,0,0,0,3,0,0,1,0,0,0,0,19,1,3,0,0,1,0,0,0
469,14,1,1,0,24,4,0,0,0,1,123,37,2,0,0,0,5,0,0,0,0,1,0,0,4.5,6,1,1,0,0,13,1,15,0,0,0,0,1,1,0,0,0,0,0,0,16,1,3,0,0,1,0,0,0
470,10,2,0,1,12,2,0,1,0,0,79,58,2,0,0,0,6,0,0,0,0,0,1,0,23,8,2,0,1,0,13,2,15,0,0,0,0,5,0,0,0,0,1,0,0,11,1,4,0,0,0,1,0,0
471,14,1,1,0,3,4,0,0,0,1,116,50,1,20.025,27.079,22.652,5,0,0,0,0,1,0,0,8,8,3,0,0,1,13,1,15,0,0,0,0,5,0,0,0,0,1,0,0,17,1,4,0,0,0,1,0,0
472,0,2,0,1,30,2,0,1,0,0,101,47,2,0,0,0,1,1,0,0,0,0,0,0,13,13,0,0,0,0,0,0,0,0,0,0,0,0,0,0,0,0,0,1,69.99,13,1,1,1,0,0,0,1,6.304
473,2,2,0,1,24,3,0,0,1,0,62,46,1,34.565,31.913,14.086,2,0,1,0,0,0,0,0,18,18,0,0,0,0,0,0,0,0,0,0,0,0,0,0,0,0,0,1,69.99,18,1,1,1,0,0,0,0,0
474,7,2,0,1,0,1,1,0,0,0,34,44,1,27.038,29.073,21.582,6,0,0,0,0,0,1,0,19,7,2,0,1,0,13,1,14,0,0,0,0,4,0,0,0,1,0,0,0,12,1,3,0,0,1,0,1,6.051
475,15,1,1,0,28,2,0,1,0,0,68,31,1,18.416,34.616,19.425,7,0,0,0,0,0,0,1,33,33,0,0,0,0,0,0,0,45,33,55,13,0,0,0,0,0,0,0,0,20,1,2,0,1,0,0,0,0
476,6,1,1,0,32,2,0,1,0,0,90,47,2,0,0,0,1,1,0,0,0,0,0,0,18,18,0,0,0,0,0,0,0,0,0,0,0,0,0,0,0,0,0,1,69.99,18,1,2,0,1,0,0,1,2.877
477,2,1,1,0,0,1,1,0,0,0,46,23,1,39.161,38.299,13.257,3,0,0,1,0,0,0,0,20,20,0,0,0,0,0,0,0,0,0,0,0,0,0,0,0,0,0,1,69.99,20,1,3,0,0,1,0,0,0
478,10,1,1,0,2,3,0,0,1,0,100,28,2,0,0,0,6,0,0,0,0,0,1,0,23,8,2,0,1,0,13,2,14,0,0,0,0,5,0,0,0,0,1,0,0,18,1,4,0,0,0,1,0,0
479,15,1,1,0,9,3,0,0,1,0,130,22,2,0,0,0,7,0,0,0,0,0,0,1,33,33,0,0,0,0,0,0,0,47,33,55,13,0,0,0,0,0,0,0,0,16,1,4,0,0,0,1,0,0
480,8,2,0,1,25,2,0,1,0,0,117,49,2,0,0,0,1,1,0,0,0,0,0,0,12,12,0,0,0,0,0,0,0,0,0,0,0,0,0,0,0,0,0,1,69.99,12,1,4,0,0,0,1,1,5.259
481,14,1,1,0,11,3,0,0,1,0,89,20,1,10.999,23.515,18.002,4,0,0,0,1,0,0,0,6,8,2,0,1,0,13,2,15,0,0,0,0,2,0,1,0,0,0,0,0,20,1,4,0,0,0,1,0,0
482,9,2,0,1,2,3,0,0,1,0,111,30,1,21.349,31.554,25.002,3,0,0,1,0,0,0,0,15,15,0,0,0,0,0,0,0,0,0,0,0,0,0,0,0,0,0,1,69.99,15,1,3,0,0,1,0,1,6.838
483,14,2,0,1,28,3,0,0,1,0,57,36,2,0,0,0,4,0,0,0,1,0,0,0,7,8,2,0,1,0,13,2,15,0,0,0,0,3,0,0,1,0,0,0,0,13,1,2,0,1,0,0,0,0
484,10,1,1,0,33,2,0,1,0,0,124,45,1,29.236,34.87,16.745,4,0,0,0,1,0,0,0,4.5,6,1,1,0,0,13,1,14,0,0,0,0,1,1,0,0,0,0,0,0,11,1,1,1,0,0,0,0,0
485,13,2,0,1,0,1,1,0,0,0,84,28,2,0,0,0,7,0,0,0,0,0,0,1,33,33,0,0,0,0,0,0,0,47,33,55,13,0,0,0,0,0,0,0,0,18,1,3,0,0,1,0,0,0
486,15,1,1,0,16,3,0,0,1,0,63,18,1,16.933,25.335,20.4,1,1,0,0,0,0,0,0,12,12,0,0,0,0,0,0,0,0,0,0,0,0,0,0,0,0,0,1,69.99,12,1,4,0,0,0,1,0,0
487,1,1,1,0,25,4,0,0,0,1,61,51,2,0,0,0,7,0,0,0,0,0,0,1,33,33,0,0,0,0,0,0,0,47,33,55,13,0,0,0,0,0,0,0,0,12,1,4,0,0,0,1,0,0
488,12,2,0,1,6,3,0,0,1,0,56,18,2,0,0,0,4,0,0,0,1,0,0,0,8,7,1,1,0,0,13,2,15,0,0,0,0,4,0,0,0,1,0,0,0,12,1,1,1,0,0,0,0,0
489,1,2,0,1,0,1,1,0,0,0,49,22,2,0,0,0,4,0,0,0,1,0,0,0,5.5,8,2,0,1,0,13,2,14,0,0,0,0,1,1,0,0,0,0,0,0,13,1,3,0,0,1,0,0,0
490,12,1,1,0,17,2,0,1,0,0,107,23,2,0,0,0,4,0,0,0,1,0,0,0,7,8,3,0,0,1,13,1,15,0,0,0,0,4,0,0,0,1,0,0,0,19,1,3,0,0,1,0,1,7.649
491,3,1,1,0,17,3,0,0,1,0,81,30,2,0,0,0,4,0,0,0,1,0,0,0,9,7,1,1,0,0,13,2,15,0,0,0,0,5,0,0,0,0,1,0,0,18,1,3,0,0,1,0,1,8.419
492,11,2,0,1,0,2,0,1,0,0,84,22,1,23.831,32.524,21.761,5,0,0,0,0,1,0,0,8,9,3,0,0,1,13,2,14,0,0,0,0,4,0,0,0,1,0,0,0,17,1,2,0,1,0,0,1,5.784
493,13,1,1,0,15,3,0,0,1,0,49,58,1,35.569,29.969,12.723,1,1,0,0,0,0,0,0,19,19,0,0,0,0,0,0,0,0,0,0,0,0,0,0,0,0,0,1,69.99,19,1,3,0,0,1,0,1,8.169
494,0,1,1,0,0,1,1,0,0,0,110,58,1,19.475,30.175,21.478,1,1,0,0,0,0,0,0,12,12,0,0,0,0,0,0,0,0,0,0,0,0,0,0,0,0,0,1,69.99,12,1,4,0,0,0,1,1,6.333
495,7,1,1,0,26,4,0,0,0,1,71,26,1,24.111,36.315,25.97,7,0,0,0,0,0,0,1,33,33,0,0,0,0,0,0,0,48,33,55,13,0,0,0,0,0,0,0,0,14,1,2,0,1,0,0,1,5.425
496,11,1,1,0,2,2,0,1,0,0,39,57,2,0,0,0,5,0,0,0,0,1,0,0,9,7,1,1,0,0,13,2,15,0,0,0,0,5,0,0,0,0,1,0,0,17,1,4,0,0,0,1,1,7.88
497,7,2,0,1,15,3,0,0,1,0,89,44,2,0,0,0,3,0,0,1,0,0,0,0,11,11,0,0,0,0,0,0,0,0,0,0,0,0,0,0,0,0,0,1,69.99,11,1,3,0,0,1,0,0,0
498,14,2,0,1,0,1,1,0,0,0,70,20,2,0,0,0,6,0,0,0,0,0,1,0,12.5,7,1,1,0,0,13,2,15,0,0,0,0,1,1,0,0,0,0,0,0,19,1,2,0,1,0,0,1,5.619
499,12,1,1,0,0,1,1,0,0,0,130,32,2,0,0,0,5,0,0,0,0,1,0,0,6,7,2,0,1,0,13,1,15,0,0,0,0,3,0,0,1,0,0,0,0,20,1,2,0,1,0,0,1,6.999
500,12,1,1,0,14,3,0,0,1,0,113,23,2,0,0,0,3,0,0,1,0,0,0,0,14,14,0,0,0,0,0,0,0,0,0,0,0,0,0,0,0,0,0,1,69.99,14,1,3,0,0,1,0,1,5.923
501,0,2,0,1,0,1,1,0,0,0,36,33,1,17.677,36.423,28.338,7,0,0,0,0,0,0,1,33,33,0,0,0,0,0,0,0,48,33,55,13,0,0,0,0,0,0,0,0,14,1,4,0,0,0,1,0,0
502,5,2,0,1,19,3,0,0,1,0,74,32,1,15.924,37.055,24.898,1,1,0,0,0,0,0,0,16,16,0,0,0,0,0,0,0,0,0,0,0,0,0,0,0,0,0,1,69.99,16,1,1,1,0,0,0,0,0
503,8,1,1,0,31,3,0,0,1,0,71,57,2,0,0,0,6,0,0,0,0,0,1,0,11.5,7,2,0,1,0,13,1,15,0,0,0,0,1,1,0,0,0,0,0,0,14,1,4,0,0,0,1,1,6.264
504,3,2,0,1,7,2,0,1,0,0,102,40,2,0,0,0,1,1,0,0,0,0,0,0,13,13,0,0,0,0,0,0,0,0,0,0,0,0,0,0,0,0,0,1,69.99,13,1,4,0,0,0,1,0,0
505,13,1,1,0,23,4,0,0,0,1,131,54,2,0,0,0,5,0,0,0,0,1,0,0,8,9,3,0,0,1,13,2,14,0,0,0,0,4,0,0,0,1,0,0,0,18,1,3,0,0,1,0,1,5.914
506,9,2,0,1,5,3,0,0,1,0,126,57,1,19.231,28.722,18.908,3,0,0,1,0,0,0,0,19,19,0,0,0,0,0,0,0,0,0,0,0,0,0,0,0,0,0,1,69.99,19,1,3,0,0,1,0,0,0
507,4,1,1,0,31,4,0,0,0,1,77,52,2,0,0,0,4,0,0,0,1,0,0,0,6,7,1,1,0,0,13,2,15,0,0,0,0,2,0,1,0,0,0,0,0,13,1,3,0,0,1,0,0,0
508,9,1,1,0,20,3,0,0,1,0,45,35,1,33.332,24.191,13.89,4,0,0,0,1,0,0,0,5,8,3,0,0,1,13,1,15,0,0,0,0,2,0,1,0,0,0,0,0,16,1,1,1,0,0,0,1,3.397
509,15,1,1,0,3,3,0,0,1,0,102,51,1,22.477,38.278,14.886,6,0,0,0,0,0,1,0,11.5,7,2,0,1,0,13,1,14,0,0,0,0,1,1,0,0,0,0,0,0,18,1,4,0,0,0,1,0,0
510,3,1,1,0,10,4,0,0,0,1,121,22,1,16.648,33.792,12.654,3,0,0,1,0,0,0,0,17,17,0,0,0,0,0,0,0,0,0,0,0,0,0,0,0,0,0,1,69.99,17,1,4,0,0,0,1,1,4.253
511,8,1,1,0,8,2,0,1,0,0,60,16,2,0,0,0,1,1,0,0,0,0,0,0,13,13,0,0,0,0,0,0,0,0,0,0,0,0,0,0,0,0,0,1,69.99,13,1,3,0,0,1,0,0,0
512,11,1,1,0,0,1,1,0,0,0,85,36,2,0,0,0,3,0,0,1,0,0,0,0,19,19,0,0,0,0,0,0,0,0,0,0,0,0,0,0,0,0,0,1,69.99,19,1,3,0,0,1,0,1,8.026
513,13,2,0,1,32,4,0,0,0,1,81,35,1,17.692,31.295,23.689,1,1,0,0,0,0,0,0,12,12,0,0,0,0,0,0,0,0,0,0,0,0,0,0,0,0,0,1,69.99,12,1,3,0,0,1,0,1,3.484
514,9,2,0,1,26,2,0,1,0,0,97,58,1,20.07,24.88,20.064,7,0,0,0,0,0,0,1,33,33,0,0,0,0,0,0,0,47,33,55,13,0,0,0,0,0,0,0,0,19,1,3,0,0,1,0,0,0
515,9,1,1,0,7,4,0,0,0,1,43,34,2,0,0,0,1,1,0,0,0,0,0,0,17,17,0,0,0,0,0,0,0,0,0,0,0,0,0,0,0,0,0,1,69.99,17,1,3,0,0,1,0,0,0
516,3,1,1,0,3,4,0,0,0,1,53,22,1,34.725,33.95,28.157,7,0,0,0,0,0,0,1,33,33,0,0,0,0,0,0,0,46,33,55,13,0,0,0,0,0,0,0,0,18,1,1,1,0,0,0,1,7.631
517,14,2,0,1,18,3,0,0,1,0,130,30,1,35.469,35.832,13.786,2,0,1,0,0,0,0,0,19,19,0,0,0,0,0,0,0,0,0,0,0,0,0,0,0,0,0,1,69.99,19,1,1,1,0,0,0,1,2.643
518,14,1,1,0,4,4,0,0,0,1,87,42,1,29.091,37.25,27.682,1,1,0,0,0,0,0,0,19,19,0,0,0,0,0,0,0,0,0,0,0,0,0,0,0,0,0,1,69.99,19,1,4,0,0,0,1,1,2.865
519,8,1,1,0,0,1,1,0,0,0,107,47,1,10.759,37.628,16.802,6,0,0,0,0,0,1,0,20,7,1,1,0,0,13,2,14,0,0,0,0,4,0,0,0,1,0,0,0,11,1,4,0,0,0,1,1,3.992
520,1,2,0,1,0,1,1,0,0,0,78,52,1,23.851,27.993,20.483,5,0,0,0,0,1,0,0,5.5,9,3,0,0,1,13,2,14,0,0,0,0,1,1,0,0,0,0,0,0,19,1,2,0,1,0,0,1,6.658
521,11,2,0,1,33,2,0,1,0,0,59,40,1,17.577,35.24,25.257,6,0,0,0,0,0,1,0,13,8,3,0,0,1,13,1,14,0,0,0,0,2,0,1,0,0,0,0,0,11,1,2,0,1,0,0,0,0
522,9,1,1,0,0,1,1,0,0,0,92,35,2,0,0,0,3,0,0,1,0,0,0,0,13,13,0,0,0,0,0,0,0,0,0,0,0,0,0,0,0,0,0,1,69.99,13,1,2,0,1,0,0,0,0
523,5,1,1,0,2,2,0,1,0,0,39,26,1,38.796,29.308,26.686,1,1,0,0,0,0,0,0,20,20,0,0,0,0,0,0,0,0,0,0,0,0,0,0,0,0,0,1,69.99,20,1,1,1,0,0,0,0,0
524,11,1,1,0,14,2,0,1,0,0,43,57,1,23.616,28.141,26.262,7,0,0,0,0,0,0,1,33,33,0,0,0,0,0,0,0,47,33,55,13,0,0,0,0,0,0,0,0,20,1,3,0,0,1,0,0,0
525,1,1,1,0,15,2,0,1,0,0,73,33,1,17.937,27.404,25.192,7,0,0,0,0,0,0,1,33,33,0,0,0,0,0,0,0,48,33,55,13,0,0,0,0,0,0,0,0,12,1,1,1,0,0,0,1,8.501
526,7,2,0,1,17,3,0,0,1,0,72,25,2,0,0,0,6,0,0,0,0,0,1,0,14,9,3,0,0,1,13,2,14,0,0,0,0,2,0,1,0,0,0,0,0,17,1,2,0,1,0,0,0,0
527,5,2,0,1,4,3,0,0,1,0,120,44,2,0,0,0,3,0,0,1,0,0,0,0,14,14,0,0,0,0,0,0,0,0,0,0,0,0,0,0,0,0,0,1,69.99,14,1,2,0,1,0,0,1,6.748
528,1,1,1,0,0,3,0,0,1,0,110,17,2,0,0,0,3,0,0,1,0,0,0,0,20,20,0,0,0,0,0,0,0,0,0,0,0,0,0,0,0,0,0,1,69.99,20,1,2,0,1,0,0,0,0
529,3,2,0,1,12,4,0,0,0,1,56,57,1,36.538,24.204,24.788,5,0,0,0,0,1,0,0,5.5,7,1,1,0,0,13,2,15,0,0,0,0,1,1,0,0,0,0,0,0,19,1,3,0,0,1,0,1,6.576
530,11,1,1,0,0,1,1,0,0,0,86,42,2,0,0,0,1,1,0,0,0,0,0,0,11,11,0,0,0,0,0,0,0,0,0,0,0,0,0,0,0,0,0,1,69.99,11,1,2,0,1,0,0,1,4.083
531,3,2,0,1,0,1,1,0,0,0,73,44,1,15.125,34.125,19.91,5,0,0,0,0,1,0,0,5.5,8,2,0,1,0,13,2,15,0,0,0,0,1,1,0,0,0,0,0,0,11,1,1,1,0,0,0,1,4.347
532,9,1,1,0,14,2,0,1,0,0,95,24,2,0,0,0,1,1,0,0,0,0,0,0,12,12,0,0,0,0,0,0,0,0,0,0,0,0,0,0,0,0,0,1,69.99,12,1,3,0,0,1,0,0,0
533,3,2,0,1,7,2,0,1,0,0,35,36,1,18.352,32.275,27.812,5,0,0,0,0,1,0,0,6,8,3,0,0,1,13,1,15,0,0,0,0,3,0,0,1,0,0,0,0,17,1,1,1,0,0,0,1,4.958
534,13,1,1,0,24,4,0,0,0,1,39,38,2,0,0,0,5,0,0,0,0,1,0,0,7,7,1,1,0,0,13,2,14,0,0,0,0,3,0,0,1,0,0,0,0,14,1,1,1,0,0,0,0,0
535,12,2,0,1,32,4,0,0,0,1,106,57,2,0,0,0,2,0,1,0,0,0,0,0,13,13,0,0,0,0,0,0,0,0,0,0,0,0,0,0,0,0,0,1,69.99,13,1,2,0,1,0,0,0,0
536,2,1,1,0,0,4,0,0,0,1,95,36,1,32.373,24.297,28.133,5,0,0,0,0,1,0,0,7,9,3,0,0,1,13,2,14,0,0,0,0,3,0,0,1,0,0,0,0,17,1,4,0,0,0,1,0,0
537,2,1,1,0,16,3,0,0,1,0,46,25,1,24.915,29.374,24.182,5,0,0,0,0,1,0,0,8,9,3,0,0,1,13,2,14,0,0,0,0,4,0,0,0,1,0,0,0,11,1,4,0,0,0,1,1,7.249
538,0,1,1,0,0,1,1,0,0,0,79,50,2,0,0,0,6,0,0,0,0,0,1,0,13,6,1,1,0,0,13,1,15,0,0,0,0,2,0,1,0,0,0,0,0,13,1,1,1,0,0,0,0,0
539,9,2,0,1,33,3,0,0,1,0,60,47,2,0,0,0,4,0,0,0,1,0,0,0,9,7,1,1,0,0,13,2,14,0,0,0,0,5,0,0,0,0,1,0,0,19,1,3,0,0,1,0,0,0
540,11,2,0,1,0,1,1,0,0,0,115,25,2,0,0,0,5,0,0,0,0,1,0,0,9,8,2,0,1,0,13,2,14,0,0,0,0,5,0,0,0,0,1,0,0,11,1,1,1,0,0,0,0,0
541,6,1,1,0,28,3,0,0,1,0,59,39,1,12.942,24.991,27.768,5,0,0,0,0,1,0,0,5.5,8,2,0,1,0,13,2,15,0,0,0,0,1,1,0,0,0,0,0,0,11,1,3,0,0,1,0,1,8.193
542,15,2,0,1,0,1,1,0,0,0,87,22,2,0,0,0,1,1,0,0,0,0,0,0,13,13,0,0,0,0,0,0,0,0,0,0,0,0,0,0,0,0,0,1,69.99,13,1,3,0,0,1,0,1,2.041
543,5,1,1,0,0,1,1,0,0,0,130,23,1,28.696,28.651,15.851,7,0,0,0,0,0,0,1,33,33,0,0,0,0,0,0,0,46,33,55,13,0,0,0,0,0,0,0,0,12,1,4,0,0,0,1,1,2.653
544,1,2,0,1,5,3,0,0,1,0,112,25,2,0,0,0,6,0,0,0,0,0,1,0,23,7,1,1,0,0,13,2,15,0,0,0,0,5,0,0,0,0,1,0,0,11,1,1,1,0,0,0,1,7.169
545,4,2,0,1,13,3,0,0,1,0,80,47,1,28.701,29.842,17.363,5,0,0,0,0,1,0,0,7,9,3,0,0,1,13,2,15,0,0,0,0,3,0,0,1,0,0,0,0,19,1,1,1,0,0,0,0,0
546,9,1,1,0,30,3,0,0,1,0,107,44,2,0,0,0,4,0,0,0,1,0,0,0,5.5,9,3,0,0,1,13,2,14,0,0,0,0,1,1,0,0,0,0,0,0,18,1,4,0,0,0,1,0,0
547,14,2,0,1,25,2,0,1,0,0,89,42,1,37.293,35.171,22.857,7,0,0,0,0,0,0,1,33,33,0,0,0,0,0,0,0,45,33,55,13,0,0,0,0,0,0,0,0,18,1,3,0,0,1,0,1,2.246
548,0,1,1,0,0,1,1,0,0,0,64,54,1,11.718,30.397,19.116,7,0,0,0,0,0,0,1,33,33,0,0,0,0,0,0,0,48,33,55,13,0,0,0,0,0,0,0,0,15,1,2,0,1,0,0,0,0
549,10,2,0,1,33,3,0,0,1,0,99,41,1,28.541,32.114,19.482,3,0,0,1,0,0,0,0,20,20,0,0,0,0,0,0,0,0,0,0,0,0,0,0,0,0,0,1,69.99,20,1,2,0,1,0,0,0,0
550,0,2,0,1,29,4,0,0,0,1,51,42,2,0,0,0,1,1,0,0,0,0,0,0,18,18,0,0,0,0,0,0,0,0,0,0,0,0,0,0,0,0,0,1,69.99,18,1,1,1,0,0,0,1,5.269
551,15,1,1,0,0,1,1,0,0,0,60,40,1,31.913,28.835,22.985,3,0,0,1,0,0,0,0,20,20,0,0,0,0,0,0,0,0,0,0,0,0,0,0,0,0,0,1,69.99,20,1,2,0,1,0,0,0,0
552,3,2,0,1,0,1,1,0,0,0,81,33,1,38.012,36.209,25.299,1,1,0,0,0,0,0,0,19,19,0,0,0,0,0,0,0,0,0,0,0,0,0,0,0,0,0,1,69.99,19,1,2,0,1,0,0,0,0
553,15,2,0,1,20,3,0,0,1,0,84,55,1,21.354,37.411,20.86,2,0,1,0,0,0,0,0,14,14,0,0,0,0,0,0,0,0,0,0,0,0,0,0,0,0,0,1,69.99,14,1,1,1,0,0,0,1,5.22
554,2,1,1,0,10,3,0,0,1,0,83,25,1,34.435,30.96,29.078,1,1,0,0,0,0,0,0,14,14,0,0,0,0,0,0,0,0,0,0,0,0,0,0,0,0,0,1,69.99,14,1,2,0,1,0,0,1,8.333
555,5,1,1,0,27,2,0,1,0,0,103,23,1,14.181,31.417,11.576,7,0,0,0,0,0,0,1,33,33,0,0,0,0,0,0,0,46,33,55,13,0,0,0,0,0,0,0,0,17,1,1,1,0,0,0,0,0
556,2,1,1,0,0,1,1,0,0,0,74,42,2,0,0,0,2,0,1,0,0,0,0,0,13,13,0,0,0,0,0,0,0,0,0,0,0,0,0,0,0,0,0,1,69.99,13,1,4,0,0,0,1,0,0
557,12,1,1,0,31,3,0,0,1,0,39,49,1,23.042,27.422,12.435,2,0,1,0,0,0,0,0,12,12,0,0,0,0,0,0,0,0,0,0,0,0,0,0,0,0,0,1,69.99,12,1,4,0,0,0,1,1,3.481
558,8,1,1,0,0,1,1,0,0,0,89,33,1,21.853,36.344,28.588,6,0,0,0,0,0,1,0,20,8,2,0,1,0,13,2,15,0,0,0,0,4,0,0,0,1,0,0,0,15,1,4,0,0,0,1,1,5.993
559,0,1,1,0,1,2,0,1,0,0,79,34,2,0,0,0,2,0,1,0,0,0,0,0,11,11,0,0,0,0,0,0,0,0,0,0,0,0,0,0,0,0,0,1,69.99,11,1,3,0,0,1,0,0,0
560,7,2,0,1,15,3,0,0,1,0,105,19,1,34.301,27.715,17.557,6,0,0,0,0,0,1,0,17,7,1,1,0,0,13,2,14,0,0,0,0,3,0,0,1,0,0,0,0,14,1,3,0,0,1,0,1,3.794
561,8,2,0,1,0,1,1,0,0,0,108,53,1,35.799,26.458,15.1,1,1,0,0,0,0,0,0,15,15,0,0,0,0,0,0,0,0,0,0,0,0,0,0,0,0,0,1,69.99,15,1,1,1,0,0,0,0,0
562,4,1,1,0,24,4,0,0,0,1,57,19,1,14.191,34.368,23.475,7,0,0,0,0,0,0,1,33,33,0,0,0,0,0,0,0,48,33,55,13,0,0,0,0,0,0,0,0,16,1,2,0,1,0,0,0,0
563,10,2,0,1,0,1,1,0,0,0,61,25,1,29.311,28.54,19.612,1,1,0,0,0,0,0,0,14,14,0,0,0,0,0,0,0,0,0,0,0,0,0,0,0,0,0,1,69.99,14,1,4,0,0,0,1,0,0
564,2,1,1,0,22,3,0,0,1,0,53,51,2,0,0,0,4,0,0,0,1,0,0,0,8,8,2,0,1,0,13,2,14,0,0,0,0,4,0,0,0,1,0,0,0,13,1,2,0,1,0,0,1,5.154
565,15,1,1,0,6,4,0,0,0,1,59,42,1,14.415,35.44,21.74,1,1,0,0,0,0,0,0,20,20,0,0,0,0,0,0,0,0,0,0,0,0,0,0,0,0,0,1,69.99,20,1,4,0,0,0,1,0,0
566,11,1,1,0,19,2,0,1,0,0,98,21,2,0,0,0,4,0,0,0,1,0,0,0,8,8,2,0,1,0,13,2,14,0,0,0,0,4,0,0,0,1,0,0,0,18,1,4,0,0,0,1,1,2.052
567,11,1,1,0,24,4,0,0,0,1,81,19,2,0,0,0,7,0,0,0,0,0,0,1,33,33,0,0,0,0,0,0,0,47,33,55,13,0,0,0,0,0,0,0,0,18,1,4,0,0,0,1,0,0
568,12,2,0,1,31,2,0,1,0,0,93,58,1,27.922,31.771,16.95,2,0,1,0,0,0,0,0,12,12,0,0,0,0,0,0,0,0,0,0,0,0,0,0,0,0,0,1,69.99,12,1,4,0,0,0,1,1,5.074
569,15,1,1,0,33,2,0,1,0,0,117,45,2,0,0,0,5,0,0,0,0,1,0,0,6,8,3,0,0,1,13,1,14,0,0,0,0,3,0,0,1,0,0,0,0,18,1,1,1,0,0,0,0,0
570,13,2,0,1,12,4,0,0,0,1,121,19,2,0,0,0,4,0,0,0,1,0,0,0,9,9,3,0,0,1,13,2,15,0,0,0,0,5,0,0,0,0,1,0,0,12,1,1,1,0,0,0,0,0
571,5,1,1,0,0,1,1,0,0,0,77,49,2,0,0,0,3,0,0,1,0,0,0,0,20,20,0,0,0,0,0,0,0,0,0,0,0,0,0,0,0,0,0,1,69.99,20,1,2,0,1,0,0,0,0
572,10,1,1,0,22,2,0,1,0,0,122,55,2,0,0,0,7,0,0,0,0,0,0,1,33,33,0,0,0,0,0,0,0,47,33,55,13,0,0,0,0,0,0,0,0,15,1,1,1,0,0,0,1,2.717
573,14,2,0,1,16,3,0,0,1,0,51,29,2,0,0,0,4,0,0,0,1,0,0,0,6,8,3,0,0,1,13,1,14,0,0,0,0,3,0,0,1,0,0,0,0,16,1,3,0,0,1,0,1,5.122
574,13,1,1,0,9,3,0,0,1,0,93,37,1,28.501,28.738,17.043,2,0,1,0,0,0,0,0,13,13,0,0,0,0,0,0,0,0,0,0,0,0,0,0,0,0,0,1,69.99,13,1,3,0,0,1,0,0,0
575,7,2,0,1,1,4,0,0,0,1,123,44,2,0,0,0,7,0,0,0,0,0,0,1,33,33,0,0,0,0,0,0,0,48,33,55,13,0,0,0,0,0,0,0,0,16,1,4,0,0,0,1,1,5.864
576,9,1,1,0,16,2,0,1,0,0,64,23,1,10.539,36.902,25.412,3,0,0,1,0,0,0,0,16,16,0,0,0,0,0,0,0,0,0,0,0,0,0,0,0,0,0,1,69.99,16,1,1,1,0,0,0,1,3.212
577,3,2,0,1,0,2,0,1,0,0,35,40,2,0,0,0,7,0,0,0,0,0,0,1,33,33,0,0,0,0,0,0,0,45,33,55,13,0,0,0,0,0,0,0,0,13,1,3,0,0,1,0,0,0
578,12,1,1,0,18,3,0,0,1,0,132,47,1,35.619,38.146,11.727,7,0,0,0,0,0,0,1,33,33,0,0,0,0,0,0,0,48,33,55,13,0,0,0,0,0,0,0,0,16,1,1,1,0,0,0,1,7.682
579,13,1,1,0,5,4,0,0,0,1,89,27,1,17.997,38.466,27.982,7,0,0,0,0,0,0,1,33,33,0,0,0,0,0,0,0,46,33,55,13,0,0,0,0,0,0,0,0,11,1,2,0,1,0,0,1,4.657
580,7,1,1,0,0,1,1,0,0,0,42,27,2,0,0,0,1,1,0,0,0,0,0,0,12,12,0,0,0,0,0,0,0,0,0,0,0,0,0,0,0,0,0,1,69.99,12,1,3,0,0,1,0,1,5.667
581,10,2,0,1,0,2,0,1,0,0,88,50,1,32.183,25.39,16.178,7,0,0,0,0,0,0,1,33,33,0,0,0,0,0,0,0,45,33,55,13,0,0,0,0,0,0,0,0,11,1,2,0,1,0,0,1,3.363
582,1,1,1,0,29,2,0,1,0,0,41,31,1,38.242,29.184,28.27,4,0,0,0,1,0,0,0,4.5,6,1,1,0,0,13,1,15,0,0,0,0,1,1,0,0,0,0,0,0,16,1,1,1,0,0,0,1,3.337
583,7,1,1,0,0,1,1,0,0,0,59,50,2,0,0,0,7,0,0,0,0,0,0,1,33,33,0,0,0,0,0,0,0,47,33,55,13,0,0,0,0,0,0,0,0,19,1,2,0,1,0,0,1,3.196
584,8,1,1,0,28,3,0,0,1,0,129,26,2,0,0,0,1,1,0,0,0,0,0,0,20,20,0,0,0,0,0,0,0,0,0,0,0,0,0,0,0,0,0,1,69.99,20,1,2,0,1,0,0,0,0
585,13,2,0,1,17,4,0,0,0,1,54,36,2,0,0,0,3,0,0,1,0,0,0,0,17,17,0,0,0,0,0,0,0,0,0,0,0,0,0,0,0,0,0,1,69.99,17,1,1,1,0,0,0,1,7.543
586,15,1,1,0,20,2,0,1,0,0,39,50,2,0,0,0,7,0,0,0,0,0,0,1,33,33,0,0,0,0,0,0,0,45,33,55,13,0,0,0,0,0,0,0,0,11,1,4,0,0,0,1,1,4.639
587,0,2,0,1,0,1,1,0,0,0,68,44,2,0,0,0,7,0,0,0,0,0,0,1,33,33,0,0,0,0,0,0,0,45,33,55,13,0,0,0,0,0,0,0,0,18,1,4,0,0,0,1,1,2.327
588,12,2,0,1,16,3,0,0,1,0,35,36,2,0,0,0,5,0,0,0,0,1,0,0,7,7,2,0,1,0,13,1,14,0,0,0,0,4,0,0,0,1,0,0,0,19,1,2,0,1,0,0,0,0
589,9,2,0,1,24,4,0,0,0,1,131,38,2,0,0,0,1,1,0,0,0,0,0,0,14,14,0,0,0,0,0,0,0,0,0,0,0,0,0,0,0,0,0,1,69.99,14,1,1,1,0,0,0,0,0
590,14,2,0,1,9,4,0,0,0,1,90,24,1,21.229,24.542,14.556,2,0,1,0,0,0,0,0,13,13,0,0,0,0,0,0,0,0,0,0,0,0,0,0,0,0,0,1,69.99,13,1,4,0,0,0,1,0,0
591,10,1,1,0,3,3,0,0,1,0,68,23,1,37.987,31.834,23.79,4,0,0,0,1,0,0,0,5.5,8,2,0,1,0,13,2,14,0,0,0,0,1,1,0,0,0,0,0,0,17,1,2,0,1,0,0,0,0
592,10,2,0,1,0,1,1,0,0,0,105,56,2,0,0,0,3,0,0,1,0,0,0,0,14,14,0,0,0,0,0,0,0,0,0,0,0,0,0,0,0,0,0,1,69.99,14,1,2,0,1,0,0,1,7.42
593,14,1,1,0,9,2,0,1,0,0,95,29,2,0,0,0,4,0,0,0,1,0,0,0,5,8,3,0,0,1,13,1,15,0,0,0,0,2,0,1,0,0,0,0,0,19,1,4,0,0,0,1,0,0
594,10,1,1,0,4,4,0,0,0,1,62,34,1,29.221,29.34,26.969,2,0,1,0,0,0,0,0,15,15,0,0,0,0,0,0,0,0,0,0,0,0,0,0,0,0,0,1,69.99,15,1,3,0,0,1,0,0,0
595,11,1,1,0,0,1,1,0,0,0,65,35,1,14.795,35.618,20.251,1,1,0,0,0,0,0,0,12,12,0,0,0,0,0,0,0,0,0,0,0,0,0,0,0,0,0,1,69.99,12,1,4,0,0,0,1,1,7.563
596,13,1,1,0,25,2,0,1,0,0,110,30,1,16.214,36.545,11.968,5,0,0,0,0,1,0,0,6,9,3,0,0,1,13,2,15,0,0,0,0,2,0,1,0,0,0,0,0,12,1,3,0,0,1,0,0,0
597,11,1,1,0,11,4,0,0,0,1,72,38,1,36.708,33.086,12.845,3,0,0,1,0,0,0,0,20,20,0,0,0,0,0,0,0,0,0,0,0,0,0,0,0,0,0,1,69.99,20,1,3,0,0,1,0,0,0
598,1,1,1,0,9,3,0,0,1,0,43,54,2,0,0,0,4,0,0,0,1,0,0,0,7,6,1,1,0,0,13,1,14,0,0,0,0,4,0,0,0,1,0,0,0,12,1,1,1,0,0,0,0,0
599,13,2,0,1,5,4,0,0,0,1,87,50,1,20.215,31.71,17.705,3,0,0,1,0,0,0,0,14,14,0,0,0,0,0,0,0,0,0,0,0,0,0,0,0,0,0,1,69.99,14,1,2,0,1,0,0,0,0
600,13,2,0,1,10,3,0,0,1,0,71,21,2,0,0,0,1,1,0,0,0,0,0,0,14,14,0,0,0,0,0,0,0,0,0,0,0,0,0,0,0,0,0,1,69.99,14,1,4,0,0,0,1,0,0
601,1,1,1,0,21,4,0,0,0,1,66,17,2,0,0,0,1,1,0,0,0,0,0,0,11,11,0,0,0,0,0,0,0,0,0,0,0,0,0,0,0,0,0,1,69.99,11,1,1,1,0,0,0,0,0
602,11,2,0,1,0,1,1,0,0,0,50,50,2,0,0,0,3,0,0,1,0,0,0,0,18,18,0,0,0,0,0,0,0,0,0,0,0,0,0,0,0,0,0,1,69.99,18,1,1,1,0,0,0,1,8.248
603,0,1,1,0,4,3,0,0,1,0,105,22,2,0,0,0,6,0,0,0,0,0,1,0,12.5,7,1,1,0,0,13,2,14,0,0,0,0,1,1,0,0,0,0,0,0,14,1,4,0,0,0,1,0,0
604,12,2,0,1,22,4,0,0,0,1,91,45,1,37.632,28.64,22.165,3,0,0,1,0,0,0,0,17,17,0,0,0,0,0,0,0,0,0,0,0,0,0,0,0,0,0,1,69.99,17,1,3,0,0,1,0,0,0
605,8,2,0,1,0,1,1,0,0,0,69,25,2,0,0,0,6,0,0,0,0,0,1,0,11.5,8,3,0,0,1,13,1,14,0,0,0,0,1,1,0,0,0,0,0,0,19,1,2,0,1,0,0,1,7.241
606,6,2,0,1,18,3,0,0,1,0,95,26,2,0,0,0,5,0,0,0,0,1,0,0,7,7,1,1,0,0,13,2,15,0,0,0,0,3,0,0,1,0,0,0,0,13,1,4,0,0,0,1,1,8.533
607,0,1,1,0,4,2,0,1,0,0,127,56,2,0,0,0,4,0,0,0,1,0,0,0,7,6,1,1,0,0,13,1,14,0,0,0,0,4,0,0,0,1,0,0,0,18,1,2,0,1,0,0,0,0
608,7,2,0,1,0,4,0,0,0,1,124,27,1,20.584,35.306,13.513,2,0,1,0,0,0,0,0,17,17,0,0,0,0,0,0,0,0,0,0,0,0,0,0,0,0,0,1,69.99,17,1,4,0,0,0,1,0,0
609,1,2,0,1,16,2,0,1,0,0,55,55,1,26.438,32.669,15.587,7,0,0,0,0,0,0,1,33,33,0,0,0,0,0,0,0,48,33,55,13,0,0,0,0,0,0,0,0,12,1,3,0,0,1,0,1,6.409
610,5,1,1,0,23,3,0,0,1,0,112,45,2,0,0,0,5,0,0,0,0,1,0,0,6,8,2,0,1,0,13,2,15,0,0,0,0,2,0,1,0,0,0,0,0,19,1,4,0,0,0,1,0,0
611,11,2,0,1,24,3,0,0,1,0,122,30,2,0,0,0,2,0,1,0,0,0,0,0,16,16,0,0,0,0,0,0,0,0,0,0,0,0,0,0,0,0,0,1,69.99,16,1,1,1,0,0,0,1,2.337
612,5,1,1,0,0,1,1,0,0,0,132,33,2,0,0,0,4,0,0,0,1,0,0,0,4.5,7,2,0,1,0,13,1,14,0,0,0,0,1,1,0,0,0,0,0,0,13,1,3,0,0,1,0,1,6.357
613,2,2,0,1,31,3,0,0,1,0,47,28,1,20.225,30.595,23.383,6,0,0,0,0,0,1,0,22,7,2,0,1,0,13,1,15,0,0,0,0,5,0,0,0,0,1,0,0,19,1,4,0,0,0,1,1,7.799
614,7,1,1,0,16,2,0,1,0,0,129,32,1,11.883,36.156,19.773,4,0,0,0,1,0,0,0,9,8,2,0,1,0,13,2,14,0,0,0,0,5,0,0,0,0,1,0,0,13,1,3,0,0,1,0,1,6.733
615,2,2,0,1,2,4,0,0,0,1,109,29,1,11.349,30.796,20.326,1,1,0,0,0,0,0,0,14,14,0,0,0,0,0,0,0,0,0,0,0,0,0,0,0,0,0,1,69.99,14,1,2,0,1,0,0,0,0
616,0,1,1,0,30,4,0,0,0,1,41,35,1,20.3,38.344,16.57,6,0,0,0,0,0,1,0,13,6,1,1,0,0,13,1,14,0,0,0,0,2,0,1,0,0,0,0,0,16,1,3,0,0,1,0,1,3.92
617,10,1,1,0,31,4,0,0,0,1,60,38,2,0,0,0,5,0,0,0,0,1,0,0,8,8,3,0,0,1,13,1,15,0,0,0,0,5,0,0,0,0,1,0,0,18,1,4,0,0,0,1,1,8.541
618,13,2,0,1,3,3,0,0,1,0,70,22,1,34.655,27.324,18.51,6,0,0,0,0,0,1,0,20,8,2,0,1,0,13,2,15,0,0,0,0,4,0,0,0,1,0,0,0,17,1,3,0,0,1,0,0,0
619,0,1,1,0,15,2,0,1,0,0,48,43,2,0,0,0,4,0,0,0,1,0,0,0,7,9,3,0,0,1,13,2,15,0,0,0,0,3,0,0,1,0,0,0,0,12,1,4,0,0,0,1,0,0
620,15,1,1,0,4,3,0,0,1,0,91,52,2,0,0,0,5,0,0,0,0,1,0,0,4.5,6,1,1,0,0,13,1,15,0,0,0,0,1,1,0,0,0,0,0,0,16,1,3,0,0,1,0,1,4.465
621,2,2,0,1,27,3,0,0,1,0,116,40,1,24.815,24.254,28.104,1,1,0,0,0,0,0,0,11,11,0,0,0,0,0,0,0,0,0,0,0,0,0,0,0,0,0,1,69.99,11,1,3,0,0,1,0,0,0
622,13,1,1,0,26,2,0,1,0,0,97,24,2,0,0,0,1,1,0,0,0,0,0,0,13,13,0,0,0,0,0,0,0,0,0,0,0,0,0,0,0,0,0,1,69.99,13,1,2,0,1,0,0,1,3.825
623,14,2,0,1,0,1,1,0,0,0,35,42,2,0,0,0,2,0,1,0,0,0,0,0,19,19,0,0,0,0,0,0,0,0,0,0,0,0,0,0,0,0,0,1,69.99,19,1,2,0,1,0,0,1,8.103
624,3,2,0,1,0,1,1,0,0,0,84,42,2,0,0,0,7,0,0,0,0,0,0,1,33,33,0,0,0,0,0,0,0,47,33,55,13,0,0,0,0,0,0,0,0,14,1,4,0,0,0,1,1,4.548
625,15,2,0,1,21,2,0,1,0,0,93,46,2,0,0,0,6,0,0,0,0,0,1,0,16,7,2,0,1,0,13,1,15,0,0,0,0,3,0,0,1,0,0,0,0,14,1,4,0,0,0,1,1,7.825
626,15,2,0,1,8,3,0,0,1,0,56,35,2,0,0,0,7,0,0,0,0,0,0,1,33,33,0,0,0,0,0,0,0,45,33,55,13,0,0,0,0,0,0,0,0,16,1,3,0,0,1,0,0,0
627,8,2,0,1,7,4,0,0,0,1,84,35,1,29.256,34.949,22.23,6,0,0,0,0,0,1,0,14,9,3,0,0,1,13,2,14,0,0,0,0,2,0,1,0,0,0,0,0,16,1,2,0,1,0,0,0,0
628,14,1,1,0,0,1,1,0,0,0,130,33,1,27.298,23.723,24.901,6,0,0,0,0,0,1,0,20,7,1,1,0,0,13,2,15,0,0,0,0,4,0,0,0,1,0,0,0,11,1,2,0,1,0,0,1,5.954
629,4,2,0,1,26,3,0,0,1,0,98,46,2,0,0,0,3,0,0,1,0,0,0,0,16,16,0,0,0,0,0,0,0,0,0,0,0,0,0,0,0,0,0,1,69.99,16,1,3,0,0,1,0,1,5.646
630,8,1,1,0,4,4,0,0,0,1,65,20,1,27.492,24.241,21.407,3,0,0,1,0,0,0,0,12,12,0,0,0,0,0,0,0,0,0,0,0,0,0,0,0,0,0,1,69.99,12,1,3,0,0,1,0,0,0
631,12,1,1,0,0,1,1,0,0,0,90,57,2,0,0,0,1,1,0,0,0,0,0,0,18,18,0,0,0,0,0,0,0,0,0,0,0,0,0,0,0,0,0,1,69.99,18,1,4,0,0,0,1,0,0
632,4,2,0,1,12,3,0,0,1,0,124,50,1,29.196,34.566,24.149,7,0,0,0,0,0,0,1,33,33,0,0,0,0,0,0,0,48,33,55,13,0,0,0,0,0,0,0,0,16,1,4,0,0,0,1,0,0
633,13,2,0,1,22,4,0,0,0,1,87,39,1,16.379,35.176,20.159,7,0,0,0,0,0,0,1,33,33,0,0,0,0,0,0,0,47,33,55,13,0,0,0,0,0,0,0,0,19,1,2,0,1,0,0,1,5.191
634,6,1,1,0,9,3,0,0,1,0,123,45,1,22.732,30.854,16.49,5,0,0,0,0,1,0,0,5.5,9,3,0,0,1,13,2,15,0,0,0,0,1,1,0,0,0,0,0,0,13,1,2,0,1,0,0,1,2.541
635,2,2,0,1,24,4,0,0,0,1,38,28,2,0,0,0,5,0,0,0,0,1,0,0,6,7,2,0,1,0,13,1,15,0,0,0,0,3,0,0,1,0,0,0,0,15,1,4,0,0,0,1,1,2.79
636,13,2,0,1,0,1,1,0,0,0,76,42,1,37.328,33.647,24.648,2,0,1,0,0,0,0,0,12,12,0,0,0,0,0,0,0,0,0,0,0,0,0,0,0,0,0,1,69.99,12,1,2,0,1,0,0,1,8.213
637,13,1,1,0,0,1,1,0,0,0,125,51,1,27.168,24.167,15.162,7,0,0,0,0,0,0,1,33,33,0,0,0,0,0,0,0,46,33,55,13,0,0,0,0,0,0,0,0,18,1,4,0,0,0,1,1,2.478
638,7,2,0,1,0,1,1,0,0,0,104,34,2,0,0,0,1,1,0,0,0,0,0,0,11,11,0,0,0,0,0,0,0,0,0,0,0,0,0,0,0,0,0,1,69.99,11,1,1,1,0,0,0,0,0
639,14,1,1,0,4,2,0,1,0,0,35,20,1,25.375,26.328,22.572,3,0,0,1,0,0,0,0,13,13,0,0,0,0,0,0,0,0,0,0,0,0,0,0,0,0,0,1,69.99,13,1,2,0,1,0,0,0,0
640,11,2,0,1,23,2,0,1,0,0,46,17,1,11.064,33.691,27.934,3,0,0,1,0,0,0,0,17,17,0,0,0,0,0,0,0,0,0,0,0,0,0,0,0,0,0,1,69.99,17,1,4,0,0,0,1,0,0
641,10,1,1,0,17,3,0,0,1,0,66,58,2,0,0,0,6,0,0,0,0,0,1,0,19,6,1,1,0,0,13,1,14,0,0,0,0,4,0,0,0,1,0,0,0,19,1,1,1,0,0,0,0,0
642,11,1,1,0,0,1,1,0,0,0,50,25,2,0,0,0,5,0,0,0,0,1,0,0,4.5,8,3,0,0,1,13,1,15,0,0,0,0,1,1,0,0,0,0,0,0,11,1,3,0,0,1,0,1,7.406
643,13,1,1,0,18,3,0,0,1,0,59,36,2,0,0,0,6,0,0,0,0,0,1,0,22,8,3,0,0,1,13,1,14,0,0,0,0,5,0,0,0,0,1,0,0,13,1,1,1,0,0,0,1,4.227
644,8,2,0,1,10,3,0,0,1,0,126,33,2,0,0,0,6,0,0,0,0,0,1,0,17,7,1,1,0,0,13,2,15,0,0,0,0,3,0,0,1,0,0,0,0,15,1,4,0,0,0,1,1,6.774
645,6,2,0,1,25,4,0,0,0,1,79,58,1,33.781,33.499,27.536,6,0,0,0,0,0,1,0,11.5,7,2,0,1,0,13,1,14,0,0,0,0,1,1,0,0,0,0,0,0,12,1,3,0,0,1,0,1,6.356
646,7,1,1,0,17,2,0,1,0,0,98,20,2,0,0,0,6,0,0,0,0,0,1,0,20,7,1,1,0,0,13,2,15,0,0,0,0,4,0,0,0,1,0,0,0,11,1,3,0,0,1,0,0,0
647,4,1,1,0,0,1,1,0,0,0,75,21,2,0,0,0,3,0,0,1,0,0,0,0,18,18,0,0,0,0,0,0,0,0,0,0,0,0,0,0,0,0,0,1,69.99,18,1,4,0,0,0,1,0,0
648,2,2,0,1,12,2,0,1,0,0,34,35,2,0,0,0,5,0,0,0,0,1,0,0,6,9,3,0,0,1,13,2,14,0,0,0,0,2,0,1,0,0,0,0,0,11,1,3,0,0,1,0,1,3.402
649,3,2,0,1,0,1,1,0,0,0,105,50,2,0,0,0,5,0,0,0,0,1,0,0,4.5,6,1,1,0,0,13,1,14,0,0,0,0,1,1,0,0,0,0,0,0,17,1,3,0,0,1,0,1,6.097
650,9,1,1,0,0,1,1,0,0,0,108,28,1,34.79,34.331,25.991,3,0,0,1,0,0,0,0,19,19,0,0,0,0,0,0,0,0,0,0,0,0,0,0,0,0,0,1,69.99,19,1,4,0,0,0,1,0,0
651,9,2,0,1,0,1,1,0,0,0,89,49,1,28.696,25.155,18.944,5,0,0,0,0,1,0,0,5,7,2,0,1,0,13,1,15,0,0,0,0,2,0,1,0,0,0,0,0,11,1,1,1,0,0,0,0,0
652,11,1,1,0,26,4,0,0,0,1,80,52,1,21.563,32.244,24.847,4,0,0,0,1,0,0,0,5,6,1,1,0,0,13,1,14,0,0,0,0,2,0,1,0,0,0,0,0,12,1,1,1,0,0,0,1,8.723
653,6,1,1,0,14,3,0,0,1,0,93,26,1,20.045,31.972,12.212,1,1,0,0,0,0,0,0,20,20,0,0,0,0,0,0,0,0,0,0,0,0,0,0,0,0,0,1,69.99,20,1,4,0,0,0,1,1,5.149
654,2,1,1,0,0,1,1,0,0,0,129,42,1,16.139,28.894,22.215,2,0,1,0,0,0,0,0,20,20,0,0,0,0,0,0,0,0,0,0,0,0,0,0,0,0,0,1,69.99,20,1,4,0,0,0,1,0,0
655,4,1,1,0,3,2,0,1,0,0,82,19,2,0,0,0,6,0,0,0,0,0,1,0,17,7,1,1,0,0,13,2,15,0,0,0,0,3,0,0,1,0,0,0,0,11,1,4,0,0,0,1,1,4.004
656,9,1,1,0,0,1,1,0,0,0,107,47,1,18.092,23.343,22.988,2,0,1,0,0,0,0,0,20,20,0,0,0,0,0,0,0,0,0,0,0,0,0,0,0,0,0,1,69.99,20,1,2,0,1,0,0,0,0
657,12,1,1,0,0,1,1,0,0,0,76,45,2,0,0,0,5,0,0,0,0,1,0,0,6,6,1,1,0,0,13,1,14,0,0,0,0,3,0,0,1,0,0,0,0,18,1,3,0,0,1,0,1,3.917
658,13,1,1,0,26,4,0,0,0,1,104,25,2,0,0,0,2,0,1,0,0,0,0,0,13,13,0,0,0,0,0,0,0,0,0,0,0,0,0,0,0,0,0,1,69.99,13,1,1,1,0,0,0,0,0
659,3,2,0,1,13,3,0,0,1,0,95,32,1,16.818,26.55,18.394,4,0,0,0,1,0,0,0,7,6,1,1,0,0,13,1,15,0,0,0,0,4,0,0,0,1,0,0,0,15,1,4,0,0,0,1,0,0
660,1,2,0,1,0,1,1,0,0,0,107,30,2,0,0,0,6,0,0,0,0,0,1,0,12.5,9,3,0,0,1,13,2,14,0,0,0,0,1,1,0,0,0,0,0,0,15,1,4,0,0,0,1,1,5.692
661,8,2,0,1,26,4,0,0,0,1,37,51,2,0,0,0,3,0,0,1,0,0,0,0,13,13,0,0,0,0,0,0,0,0,0,0,0,0,0,0,0,0,0,1,69.99,13,1,1,1,0,0,0,0,0
662,10,1,1,0,19,2,0,1,0,0,100,37,2,0,0,0,4,0,0,0,1,0,0,0,9,9,3,0,0,1,13,2,14,0,0,0,0,5,0,0,0,0,1,0,0,11,1,4,0,0,0,1,1,6.013
663,4,2,0,1,0,1,1,0,0,0,85,40,1,24.186,27.216,14.485,5,0,0,0,0,1,0,0,9,9,3,0,0,1,13,2,15,0,0,0,0,5,0,0,0,0,1,0,0,13,1,4,0,0,0,1,1,8.15
664,11,2,0,1,18,2,0,1,0,0,84,38,2,0,0,0,1,1,0,0,0,0,0,0,20,20,0,0,0,0,0,0,0,0,0,0,0,0,0,0,0,0,0,1,69.99,20,1,4,0,0,0,1,0,0
665,4,1,1,0,31,2,0,1,0,0,124,52,1,24.016,26.431,18.056,2,0,1,0,0,0,0,0,18,18,0,0,0,0,0,0,0,0,0,0,0,0,0,0,0,0,0,1,69.99,18,1,2,0,1,0,0,1,3.078
666,10,2,0,1,16,4,0,0,0,1,58,31,1,34.311,32.267,24.357,7,0,0,0,0,0,0,1,33,33,0,0,0,0,0,0,0,47,33,55,13,0,0,0,0,0,0,0,0,13,1,4,0,0,0,1,0,0
667,13,1,1,0,23,4,0,0,0,1,57,17,1,11.933,27.443,24.149,3,0,0,1,0,0,0,0,17,17,0,0,0,0,0,0,0,0,0,0,0,0,0,0,0,0,0,1,69.99,17,1,1,1,0,0,0,0,0
668,13,2,0,1,0,1,1,0,0,0,75,43,1,29.86,25.404,23.962,2,0,1,0,0,0,0,0,20,20,0,0,0,0,0,0,0,0,0,0,0,0,0,0,0,0,0,1,69.99,20,1,2,0,1,0,0,0,0
669,10,1,1,0,0,1,1,0,0,0,109,34,2,0,0,0,4,0,0,0,1,0,0,0,8,6,1,1,0,0,13,1,14,0,0,0,0,5,0,0,0,0,1,0,0,20,1,4,0,0,0,1,1,8.169
670,1,2,0,1,17,4,0,0,0,1,86,29,2,0,0,0,7,0,0,0,0,0,0,1,33,33,0,0,0,0,0,0,0,46,33,55,13,0,0,0,0,0,0,0,0,18,1,3,0,0,1,0,0,0
671,4,2,0,1,7,2,0,1,0,0,56,25,2,0,0,0,1,1,0,0,0,0,0,0,17,17,0,0,0,0,0,0,0,0,0,0,0,0,0,0,0,0,0,1,69.99,17,1,4,0,0,0,1,0,0
672,14,2,0,1,32,3,0,0,1,0,131,35,2,0,0,0,5,0,0,0,0,1,0,0,7,7,2,0,1,0,13,1,15,0,0,0,0,4,0,0,0,1,0,0,0,16,1,1,1,0,0,0,0,0
673,3,2,0,1,20,3,0,0,1,0,132,31,2,0,0,0,3,0,0,1,0,0,0,0,16,16,0,0,0,0,0,0,0,0,0,0,0,0,0,0,0,0,0,1,69.99,16,1,1,1,0,0,0,0,0
674,0,2,0,1,15,4,0,0,0,1,78,56,2,0,0,0,3,0,0,1,0,0,0,0,20,20,0,0,0,0,0,0,0,0,0,0,0,0,0,0,0,0,0,1,69.99,20,1,3,0,0,1,0,0,0
675,4,2,0,1,15,3,0,0,1,0,123,23,2,0,0,0,3,0,0,1,0,0,0,0,12,12,0,0,0,0,0,0,0,0,0,0,0,0,0,0,0,0,0,1,69.99,12,1,4,0,0,0,1,1,3.769
676,2,2,0,1,11,3,0,0,1,0,105,22,2,0,0,0,6,0,0,0,0,0,1,0,13,7,2,0,1,0,13,1,14,0,0,0,0,2,0,1,0,0,0,0,0,20,1,4,0,0,0,1,1,7.575
677,14,2,0,1,15,3,0,0,1,0,82,42,1,13.401,30.772,27.117,3,0,0,1,0,0,0,0,11,11,0,0,0,0,0,0,0,0,0,0,0,0,0,0,0,0,0,1,69.99,11,1,4,0,0,0,1,0,0
678,4,2,0,1,6,2,0,1,0,0,81,16,2,0,0,0,4,0,0,0,1,0,0,0,8,7,1,1,0,0,13,2,15,0,0,0,0,4,0,0,0,1,0,0,0,12,1,2,0,1,0,0,1,4.77
679,0,1,1,0,5,4,0,0,0,1,131,29,1,12.592,27.248,12.345,7,0,0,0,0,0,0,1,33,33,0,0,0,0,0,0,0,47,33,55,13,0,0,0,0,0,0,0,0,15,1,3,0,0,1,0,1,7.67
680,6,1,1,0,15,3,0,0,1,0,118,17,2,0,0,0,2,0,1,0,0,0,0,0,18,18,0,0,0,0,0,0,0,0,0,0,0,0,0,0,0,0,0,1,69.99,18,1,2,0,1,0,0,1,7.448
681,13,2,0,1,20,3,0,0,1,0,83,46,1,32.158,23.853,25.391,3,0,0,1,0,0,0,0,13,13,0,0,0,0,0,0,0,0,0,0,0,0,0,0,0,0,0,1,69.99,13,1,3,0,0,1,0,1,7.491
682,11,1,1,0,32,2,0,1,0,0,56,48,1,35.045,33.686,16.19,3,0,0,1,0,0,0,0,13,13,0,0,0,0,0,0,0,0,0,0,0,0,0,0,0,0,0,1,69.99,13,1,4,0,0,0,1,0,0
683,14,1,1,0,4,3,0,0,1,0,131,42,1,11.448,28.204,26.452,1,1,0,0,0,0,0,0,11,11,0,0,0,0,0,0,0,0,0,0,0,0,0,0,0,0,0,1,69.99,11,1,2,0,1,0,0,1,5.646
684,7,1,1,0,18,4,0,0,0,1,41,57,1,16.359,31.306,23.819,5,0,0,0,0,1,0,0,8,8,3,0,0,1,13,1,14,0,0,0,0,5,0,0,0,0,1,0,0,18,1,3,0,0,1,0,1,5.679
685,12,2,0,1,0,1,1,0,0,0,44,45,2,0,0,0,4,0,0,0,1,0,0,0,8,7,2,0,1,0,13,1,14,0,0,0,0,5,0,0,0,0,1,0,0,18,1,4,0,0,0,1,0,0
686,12,2,0,1,17,2,0,1,0,0,82,34,2,0,0,0,3,0,0,1,0,0,0,0,13,13,0,0,0,0,0,0,0,0,0,0,0,0,0,0,0,0,0,1,69.99,13,1,3,0,0,1,0,1,4.664
687,5,1,1,0,0,1,1,0,0,0,101,51,1,31.064,36.402,23.929,6,0,0,0,0,0,1,0,17,8,2,0,1,0,13,2,14,0,0,0,0,3,0,0,1,0,0,0,0,15,1,2,0,1,0,0,1,7.894
688,14,2,0,1,7,3,0,0,1,0,47,27,1,30.974,29.514,26.82,5,0,0,0,0,1,0,0,5,8,3,0,0,1,13,1,15,0,0,0,0,2,0,1,0,0,0,0,0,18,1,4,0,0,0,1,0,0
689,3,2,0,1,31,3,0,0,1,0,62,21,1,23.142,34.843,17.77,7,0,0,0,0,0,0,1,33,33,0,0,0,0,0,0,0,47,33,55,13,0,0,0,0,0,0,0,0,12,1,1,1,0,0,0,1,4.828
690,2,2,0,1,14,4,0,0,0,1,68,38,1,14.58,27.023,24.342,4,0,0,0,1,0,0,0,7,7,2,0,1,0,13,1,15,0,0,0,0,4,0,0,0,1,0,0,0,17,1,3,0,0,1,0,0,0
691,4,1,1,0,18,4,0,0,0,1,78,43,1,35.604,30.154,27.42,5,0,0,0,0,1,0,0,8,9,3,0,0,1,13,2,14,0,0,0,0,4,0,0,0,1,0,0,0,18,1,1,1,0,0,0,0,0
692,3,1,1,0,13,4,0,0,0,1,58,58,2,0,0,0,5,0,0,0,0,1,0,0,6,7,1,1,0,0,13,2,15,0,0,0,0,2,0,1,0,0,0,0,0,14,1,4,0,0,0,1,1,8.296
693,11,1,1,0,25,3,0,0,1,0,89,28,1,9.985,33.293,15.801,2,0,1,0,0,0,0,0,17,17,0,0,0,0,0,0,0,0,0,0,0,0,0,0,0,0,0,1,69.99,17,1,1,1,0,0,0,0,0
694,8,2,0,1,0,1,1,0,0,0,42,35,1,23.716,32.03,12.678,3,0,0,1,0,0,0,0,17,17,0,0,0,0,0,0,0,0,0,0,0,0,0,0,0,0,0,1,69.99,17,1,1,1,0,0,0,0,0
695,15,1,1,0,9,2,0,1,0,0,35,27,2,0,0,0,2,0,1,0,0,0,0,0,12,12,0,0,0,0,0,0,0,0,0,0,0,0,0,0,0,0,0,1,69.99,12,1,1,1,0,0,0,1,6.089
696,11,1,1,0,0,1,1,0,0,0,88,32,1,39.221,30.109,23.154,2,0,1,0,0,0,0,0,20,20,0,0,0,0,0,0,0,0,0,0,0,0,0,0,0,0,0,1,69.99,20,1,4,0,0,0,1,0,0
697,12,1,1,0,0,1,1,0,0,0,43,34,2,0,0,0,6,0,0,0,0,0,1,0,23,8,2,0,1,0,13,2,15,0,0,0,0,5,0,0,0,0,1,0,0,16,1,2,0,1,0,0,1,4.166
698,11,1,1,0,33,3,0,0,1,0,107,32,1,16.633,36.014,24.527,3,0,0,1,0,0,0,0,11,11,0,0,0,0,0,0,0,0,0,0,0,0,0,0,0,0,0,1,69.99,11,1,2,0,1,0,0,0,0
699,3,1,1,0,0,1,1,0,0,0,70,18,1,37.477,36.516,15.409,5,0,0,0,0,1,0,0,5,6,1,1,0,0,13,1,15,0,0,0,0,2,0,1,0,0,0,0,0,17,1,4,0,0,0,1,1,2.93
700,10,1,1,0,21,2,0,1,0,0,99,34,1,31.029,38.281,13.347,5,0,0,0,0,1,0,0,7,7,1,1,0,0,13,2,14,0,0,0,0,3,0,0,1,0,0,0,0,16,1,2,0,1,0,0,1,5.134
701,1,1,1,0,17,4,0,0,0,1,107,52,2,0,0,0,1,1,0,0,0,0,0,0,19,19,0,0,0,0,0,0,0,0,0,0,0,0,0,0,0,0,0,1,69.99,19,1,3,0,0,1,0,1,2.27
702,7,1,1,0,7,4,0,0,0,1,66,34,1,19.321,27.636,16.407,6,0,0,0,0,0,1,0,13,7,2,0,1,0,13,1,15,0,0,0,0,2,0,1,0,0,0,0,0,17,1,1,1,0,0,0,1,6.095
703,3,1,1,0,0,1,1,0,0,0,114,30,2,0,0,0,6,0,0,0,0,0,1,0,13,7,2,0,1,0,13,1,14,0,0,0,0,2,0,1,0,0,0,0,0,13,1,2,0,1,0,0,1,2.527
704,0,1,1,0,15,2,0,1,0,0,55,54,1,17.258,30.038,18.926,5,0,0,0,0,1,0,0,4.5,8,3,0,0,1,13,1,14,0,0,0,0,1,1,0,0,0,0,0,0,20,1,4,0,0,0,1,0,0
705,0,2,0,1,30,4,0,0,0,1,126,56,2,0,0,0,5,0,0,0,0,1,0,0,8,8,2,0,1,0,13,2,14,0,0,0,0,4,0,0,0,1,0,0,0,11,1,2,0,1,0,0,1,7.095
706,1,2,0,1,0,1,1,0,0,0,83,35,1,18.062,29.504,24.66,2,0,1,0,0,0,0,0,14,14,0,0,0,0,0,0,0,0,0,0,0,0,0,0,0,0,0,1,69.99,14,1,1,1,0,0,0,1,4.215
707,2,2,0,1,5,3,0,0,1,0,49,38,2,0,0,0,7,0,0,0,0,0,0,1,33,33,0,0,0,0,0,0,0,46,33,55,13,0,0,0,0,0,0,0,0,14,1,3,0,0,1,0,0,0
708,6,1,1,0,33,3,0,0,1,0,72,30,2,0,0,0,6,0,0,0,0,0,1,0,13,8,3,0,0,1,13,1,14,0,0,0,0,2,0,1,0,0,0,0,0,12,1,1,1,0,0,0,1,4.517
709,15,2,0,1,12,3,0,0,1,0,90,17,2,0,0,0,3,0,0,1,0,0,0,0,20,20,0,0,0,0,0,0,0,0,0,0,0,0,0,0,0,0,0,1,69.99,20,1,4,0,0,0,1,0,0
710,3,2,0,1,0,2,0,1,0,0,54,45,2,0,0,0,2,0,1,0,0,0,0,0,15,15,0,0,0,0,0,0,0,0,0,0,0,0,0,0,0,0,0,1,69.99,15,1,1,1,0,0,0,1,4.772
711,9,1,1,0,5,2,0,1,0,0,79,47,1,10.13,38.04,29.007,7,0,0,0,0,0,0,1,33,33,0,0,0,0,0,0,0,47,33,55,13,0,0,0,0,0,0,0,0,20,1,3,0,0,1,0,1,5.214
712,6,1,1,0,0,1,1,0,0,0,108,37,1,30.939,36.088,27.281,6,0,0,0,0,0,1,0,22,6,1,1,0,0,13,1,14,0,0,0,0,5,0,0,0,0,1,0,0,19,1,4,0,0,0,1,1,7.894
713,8,1,1,0,32,2,0,1,0,0,131,20,1,24.96,32.421,14.493,6,0,0,0,0,0,1,0,14,8,2,0,1,0,13,2,14,0,0,0,0,2,0,1,0,0,0,0,0,17,1,2,0,1,0,0,0,0
714,14,1,1,0,5,4,0,0,0,1,130,43,1,29.705,34.508,13.284,3,0,0,1,0,0,0,0,13,13,0,0,0,0,0,0,0,0,0,0,0,0,0,0,0,0,0,1,69.99,13,1,4,0,0,0,1,1,8.473
715,10,2,0,1,29,3,0,0,1,0,99,17,2,0,0,0,5,0,0,0,0,1,0,0,8,9,3,0,0,1,13,2,14,0,0,0,0,4,0,0,0,1,0,0,0,12,1,3,0,0,1,0,0,0
716,5,1,1,0,31,4,0,0,0,1,119,34,1,11.394,36.933,21.481,7,0,0,0,0,0,0,1,33,33,0,0,0,0,0,0,0,47,33,55,13,0,0,0,0,0,0,0,0,11,1,2,0,1,0,0,0,0
717,3,2,0,1,0,1,1,0,0,0,126,31,2,0,0,0,2,0,1,0,0,0,0,0,12,12,0,0,0,0,0,0,0,0,0,0,0,0,0,0,0,0,0,1,69.99,12,1,1,1,0,0,0,0,0
718,9,1,1,0,12,2,0,1,0,0,99,32,2,0,0,0,2,0,1,0,0,0,0,0,14,14,0,0,0,0,0,0,0,0,0,0,0,0,0,0,0,0,0,1,69.99,14,1,3,0,0,1,0,1,5.29
719,0,1,1,0,0,1,1,0,0,0,110,57,2,0,0,0,5,0,0,0,0,1,0,0,7,7,2,0,1,0,13,1,14,0,0,0,0,4,0,0,0,1,0,0,0,20,1,2,0,1,0,0,0,0
720,7,1,1,0,0,1,1,0,0,0,99,25,2,0,0,0,5,0,0,0,0,1,0,0,6,7,2,0,1,0,13,1,15,0,0,0,0,3,0,0,1,0,0,0,0,15,1,4,0,0,0,1,0,0
721,5,2,0,1,19,2,0,1,0,0,54,40,2,0,0,0,1,1,0,0,0,0,0,0,14,14,0,0,0,0,0,0,0,0,0,0,0,0,0,0,0,0,0,1,69.99,14,1,4,0,0,0,1,1,4.305
722,13,1,1,0,18,3,0,0,1,0,42,58,2,0,0,0,7,0,0,0,0,0,0,1,33,33,0,0,0,0,0,0,0,45,33,55,13,0,0,0,0,0,0,0,0,13,1,4,0,0,0,1,1,7.594
723,10,1,1,0,0,1,1,0,0,0,118,33,1,22.942,24.621,23.326,6,0,0,0,0,0,1,0,17,9,3,0,0,1,13,2,15,0,0,0,0,3,0,0,1,0,0,0,0,19,1,4,0,0,0,1,0,0
724,9,2,0,1,0,1,1,0,0,0,128,19,2,0,0,0,6,0,0,0,0,0,1,0,22,7,2,0,1,0,13,1,14,0,0,0,0,5,0,0,0,0,1,0,0,12,1,3,0,0,1,0,1,5.648
725,2,2,0,1,23,3,0,0,1,0,122,29,2,0,0,0,1,1,0,0,0,0,0,0,11,11,0,0,0,0,0,0,0,0,0,0,0,0,0,0,0,0,0,1,69.99,11,1,2,0,1,0,0,1,8.525
726,3,1,1,0,17,3,0,0,1,0,85,38,1,16.049,30.238,23.314,3,0,0,1,0,0,0,0,16,16,0,0,0,0,0,0,0,0,0,0,0,0,0,0,0,0,0,1,69.99,16,1,1,1,0,0,0,0,0
727,15,1,1,0,0,1,1,0,0,0,107,29,2,0,0,0,4,0,0,0,1,0,0,0,7,7,2,0,1,0,13,1,14,0,0,0,0,4,0,0,0,1,0,0,0,18,1,2,0,1,0,0,1,4.338
728,11,1,1,0,12,3,0,0,1,0,131,48,1,11.523,32.714,23.843,2,0,1,0,0,0,0,0,13,13,0,0,0,0,0,0,0,0,0,0,0,0,0,0,0,0,0,1,69.99,13,1,1,1,0,0,0,0,0
729,8,1,1,0,0,1,1,0,0,0,97,50,2,0,0,0,3,0,0,1,0,0,0,0,16,16,0,0,0,0,0,0,0,0,0,0,0,0,0,0,0,0,0,1,69.99,16,1,4,0,0,0,1,0,0
730,15,1,1,0,20,2,0,1,0,0,104,58,2,0,0,0,7,0,0,0,0,0,0,1,33,33,0,0,0,0,0,0,0,48,33,55,13,0,0,0,0,0,0,0,0,15,1,3,0,0,1,0,0,0
731,14,2,0,1,0,1,1,0,0,0,53,40,2,0,0,0,3,0,0,1,0,0,0,0,11,11,0,0,0,0,0,0,0,0,0,0,0,0,0,0,0,0,0,1,69.99,11,1,4,0,0,0,1,0,0
732,4,1,1,0,32,3,0,0,1,0,121,16,2,0,0,0,2,0,1,0,0,0,0,0,12,12,0,0,0,0,0,0,0,0,0,0,0,0,0,0,0,0,0,1,69.99,12,1,1,1,0,0,0,1,2.542
733,11,2,0,1,0,1,1,0,0,0,99,30,1,25.544,25.137,14.095,5,0,0,0,0,1,0,0,7,9,3,0,0,1,13,2,15,0,0,0,0,3,0,0,1,0,0,0,0,13,1,1,1,0,0,0,1,7.221
734,1,1,1,0,11,3,0,0,1,0,83,55,2,0,0,0,6,0,0,0,0,0,1,0,20,7,1,1,0,0,13,2,14,0,0,0,0,4,0,0,0,1,0,0,0,12,1,2,0,1,0,0,1,2.423
735,7,1,1,0,0,1,1,0,0,0,70,52,1,12.148,32.627,19.829,7,0,0,0,0,0,0,1,33,33,0,0,0,0,0,0,0,47,33,55,13,0,0,0,0,0,0,0,0,18,1,2,0,1,0,0,0,0
736,3,2,0,1,22,4,0,0,0,1,72,17,2,0,0,0,2,0,1,0,0,0,0,0,11,11,0,0,0,0,0,0,0,0,0,0,0,0,0,0,0,0,0,1,69.99,11,1,1,1,0,0,0,0,0
737,9,1,1,0,29,3,0,0,1,0,114,36,2,0,0,0,7,0,0,0,0,0,0,1,33,33,0,0,0,0,0,0,0,46,33,55,13,0,0,0,0,0,0,0,0,16,1,2,0,1,0,0,1,5.489
738,3,2,0,1,1,4,0,0,0,1,62,26,2,0,0,0,6,0,0,0,0,0,1,0,17,7,1,1,0,0,13,2,14,0,0,0,0,3,0,0,1,0,0,0,0,16,1,2,0,1,0,0,1,7.068
739,9,2,0,1,15,2,0,1,0,0,47,53,2,0,0,0,1,1,0,0,0,0,0,0,14,14,0,0,0,0,0,0,0,0,0,0,0,0,0,0,0,0,0,1,69.99,14,1,2,0,1,0,0,1,5.46
740,4,2,0,1,0,1,1,0,0,0,104,56,2,0,0,0,4,0,0,0,1,0,0,0,8,8,2,0,1,0,13,2,14,0,0,0,0,4,0,0,0,1,0,0,0,13,1,1,1,0,0,0,1,7.607
741,5,1,1,0,14,3,0,0,1,0,53,43,2,0,0,0,2,0,1,0,0,0,0,0,11,11,0,0,0,0,0,0,0,0,0,0,0,0,0,0,0,0,0,1,69.99,11,1,4,0,0,0,1,0,0
742,15,2,0,1,10,3,0,0,1,0,74,42,2,0,0,0,2,0,1,0,0,0,0,0,15,15,0,0,0,0,0,0,0,0,0,0,0,0,0,0,0,0,0,1,69.99,15,1,3,0,0,1,0,0,0
743,10,2,0,1,17,4,0,0,0,1,96,57,2,0,0,0,7,0,0,0,0,0,0,1,33,33,0,0,0,0,0,0,0,46,33,55,13,0,0,0,0,0,0,0,0,18,1,3,0,0,1,0,0,0
744,7,2,0,1,31,2,0,1,0,0,109,22,2,0,0,0,7,0,0,0,0,0,0,1,33,33,0,0,0,0,0,0,0,47,33,55,13,0,0,0,0,0,0,0,0,11,1,1,1,0,0,0,1,7.295
745,1,2,0,1,16,3,0,0,1,0,121,21,1,19.066,23.219,18.653,1,1,0,0,0,0,0,0,19,19,0,0,0,0,0,0,0,0,0,0,0,0,0,0,0,0,0,1,69.99,19,1,3,0,0,1,0,1,7.216
746,5,1,1,0,12,4,0,0,0,1,84,41,1,38.926,22.965,23.837,2,0,1,0,0,0,0,0,17,17,0,0,0,0,0,0,0,0,0,0,0,0,0,0,0,0,0,1,69.99,17,1,4,0,0,0,1,0,0
747,5,1,1,0,6,3,0,0,1,0,45,47,1,22.512,32.141,20.533,1,1,0,0,0,0,0,0,18,18,0,0,0,0,0,0,0,0,0,0,0,0,0,0,0,0,0,1,69.99,18,1,3,0,0,1,0,1,4.237
748,12,1,1,0,0,1,1,0,0,0,50,32,2,0,0,0,1,1,0,0,0,0,0,0,11,11,0,0,0,0,0,0,0,0,0,0,0,0,0,0,0,0,0,1,69.99,11,1,1,1,0,0,0,1,6.426
749,12,1,1,0,28,3,0,0,1,0,65,29,2,0,0,0,2,0,1,0,0,0,0,0,11,11,0,0,0,0,0,0,0,0,0,0,0,0,0,0,0,0,0,1,69.99,11,1,4,0,0,0,1,1,4.081
750,14,2,0,1,2,4,0,0,0,1,93,25,2,0,0,0,5,0,0,0,0,1,0,0,8,7,1,1,0,0,13,2,14,0,0,0,0,4,0,0,0,1,0,0,0,12,1,2,0,1,0,0,0,0
751,0,1,1,0,0,1,1,0,0,0,81,16,2,0,0,0,2,0,1,0,0,0,0,0,20,20,0,0,0,0,0,0,0,0,0,0,0,0,0,0,0,0,0,1,69.99,20,1,1,1,0,0,0,0,0
752,2,2,0,1,31,4,0,0,0,1,131,34,1,17.507,30.801,15.174,6,0,0,0,0,0,1,0,16,8,3,0,0,1,13,1,14,0,0,0,0,3,0,0,1,0,0,0,0,12,1,1,1,0,0,0,0,0
753,4,1,1,0,23,4,0,0,0,1,75,30,1,26.943,37.628,15.373,5,0,0,0,0,1,0,0,7,7,1,1,0,0,13,2,14,0,0,0,0,3,0,0,1,0,0,0,0,15,1,1,1,0,0,0,1,5.007
754,4,2,0,1,0,1,1,0,0,0,90,51,2,0,0,0,2,0,1,0,0,0,0,0,13,13,0,0,0,0,0,0,0,0,0,0,0,0,0,0,0,0,0,1,69.99,13,1,1,1,0,0,0,1,7.682
755,9,1,1,0,30,4,0,0,0,1,54,32,1,11.978,32.989,25.715,2,0,1,0,0,0,0,0,18,18,0,0,0,0,0,0,0,0,0,0,0,0,0,0,0,0,0,1,69.99,18,1,1,1,0,0,0,0,0
756,9,1,1,0,25,2,0,1,0,0,90,53,2,0,0,0,1,1,0,0,0,0,0,0,16,16,0,0,0,0,0,0,0,0,0,0,0,0,0,0,0,0,0,1,69.99,16,1,2,0,1,0,0,1,4.184
757,14,2,0,1,1,3,0,0,1,0,80,32,2,0,0,0,4,0,0,0,1,0,0,0,5.5,9,3,0,0,1,13,2,14,0,0,0,0,1,1,0,0,0,0,0,0,12,1,2,0,1,0,0,0,0
758,0,1,1,0,0,1,1,0,0,0,105,47,1,33.846,22.904,13.183,3,0,0,1,0,0,0,0,16,16,0,0,0,0,0,0,0,0,0,0,0,0,0,0,0,0,0,1,69.99,16,1,3,0,0,1,0,0,0
759,13,2,0,1,2,2,0,1,0,0,74,25,1,24.261,27.425,26.808,2,0,1,0,0,0,0,0,19,19,0,0,0,0,0,0,0,0,0,0,0,0,0,0,0,0,0,1,69.99,19,1,4,0,0,0,1,0,0
760,13,2,0,1,0,1,1,0,0,0,65,42,1,22.972,36.151,20.81,5,0,0,0,0,1,0,0,6,7,1,1,0,0,13,2,14,0,0,0,0,2,0,1,0,0,0,0,0,11,1,3,0,0,1,0,0,0
761,4,2,0,1,0,1,1,0,0,0,39,26,2,0,0,0,1,1,0,0,0,0,0,0,15,15,0,0,0,0,0,0,0,0,0,0,0,0,0,0,0,0,0,1,69.99,15,1,4,0,0,0,1,1,2.133
762,3,1,1,0,13,3,0,0,1,0,65,41,2,0,0,0,7,0,0,0,0,0,0,1,33,33,0,0,0,0,0,0,0,48,33,55,13,0,0,0,0,0,0,0,0,14,1,1,1,0,0,0,0,0
763,0,2,0,1,8,2,0,1,0,0,113,34,1,22.862,34.759,23.151,3,0,0,1,0,0,0,0,12,12,0,0,0,0,0,0,0,0,0,0,0,0,0,0,0,0,0,1,69.99,12,1,1,1,0,0,0,0,0
764,12,1,1,0,8,2,0,1,0,0,58,58,1,21.603,34.851,12.12,5,0,0,0,0,1,0,0,5.5,7,1,1,0,0,13,2,15,0,0,0,0,1,1,0,0,0,0,0,0,19,1,3,0,0,1,0,0,0
765,15,1,1,0,29,4,0,0,0,1,70,38,1,10.19,36.289,26.874,5,0,0,0,0,1,0,0,7,7,1,1,0,0,13,2,14,0,0,0,0,3,0,0,1,0,0,0,0,18,1,3,0,0,1,0,0,0
766,15,1,1,0,31,4,0,0,0,1,55,29,1,34.176,28.154,27.126,7,0,0,0,0,0,0,1,33,33,0,0,0,0,0,0,0,45,33,55,13,0,0,0,0,0,0,0,0,14,1,2,0,1,0,0,1,3.683
767,6,2,0,1,27,2,0,1,0,0,129,26,1,39.281,26.067,27.896,3,0,0,1,0,0,0,0,16,16,0,0,0,0,0,0,0,0,0,0,0,0,0,0,0,0,0,1,69.99,16,1,3,0,0,1,0,1,6.548
768,10,1,1,0,5,4,0,0,0,1,111,46,1,24.67,34.64,22.607,4,0,0,0,1,0,0,0,5.5,9,3,0,0,1,13,2,14,0,0,0,0,1,1,0,0,0,0,0,0,13,1,1,1,0,0,0,0,0
769,6,1,1,0,0,1,1,0,0,0,75,38,1,15.929,29.639,25.421,7,0,0,0,0,0,0,1,33,33,0,0,0,0,0,0,0,45,33,55,13,0,0,0,0,0,0,0,0,19,1,2,0,1,0,0,0,0
770,7,2,0,1,0,1,1,0,0,0,39,38,2,0,0,0,5,0,0,0,0,1,0,0,5.5,9,3,0,0,1,13,2,14,0,0,0,0,1,1,0,0,0,0,0,0,17,1,4,0,0,0,1,0,0
771,6,2,0,1,20,4,0,0,0,1,42,27,2,0,0,0,7,0,0,0,0,0,0,1,33,33,0,0,0,0,0,0,0,46,33,55,13,0,0,0,0,0,0,0,0,13,1,2,0,1,0,0,1,8.139
772,1,2,0,1,4,4,0,0,0,1,68,41,1,17.572,24.178,27.506,5,0,0,0,0,1,0,0,5,7,2,0,1,0,13,1,15,0,0,0,0,2,0,1,0,0,0,0,0,11,1,3,0,0,1,0,0,0
773,14,1,1,0,1,4,0,0,0,1,78,39,1,31.983,33.158,18.831,7,0,0,0,0,0,0,1,33,33,0,0,0,0,0,0,0,45,33,55,13,0,0,0,0,0,0,0,0,13,1,3,0,0,1,0,1,3.739
774,15,2,0,1,18,2,0,1,0,0,104,49,1,31.319,25.892,28.193,5,0,0,0,0,1,0,0,7,8,3,0,0,1,13,1,15,0,0,0,0,4,0,0,0,1,0,0,0,16,1,1,1,0,0,0,1,4.441
775,12,1,1,0,10,4,0,0,0,1,95,16,1,12.602,29.271,13.457,1,1,0,0,0,0,0,0,11,11,0,0,0,0,0,0,0,0,0,0,0,0,0,0,0,0,0,1,69.99,11,1,2,0,1,0,0,0,0
776,8,2,0,1,20,4,0,0,0,1,83,19,1,34.116,36.022,18.136,5,0,0,0,0,1,0,0,8,6,1,1,0,0,13,1,14,0,0,0,0,5,0,0,0,0,1,0,0,20,1,4,0,0,0,1,0,0
777,11,2,0,1,27,3,0,0,1,0,126,54,2,0,0,0,7,0,0,0,0,0,0,1,33,33,0,0,0,0,0,0,0,45,33,55,13,0,0,0,0,0,0,0,0,11,1,1,1,0,0,0,0,0
778,1,2,0,1,19,3,0,0,1,0,80,16,2,0,0,0,3,0,0,1,0,0,0,0,20,20,0,0,0,0,0,0,0,0,0,0,0,0,0,0,0,0,0,1,69.99,20,1,1,1,0,0,0,0,0
779,14,2,0,1,28,3,0,0,1,0,111,31,1,12.542,31.205,17.28,2,0,1,0,0,0,0,0,12,12,0,0,0,0,0,0,0,0,0,0,0,0,0,0,0,0,0,1,69.99,12,1,4,0,0,0,1,1,2.276
780,4,2,0,1,6,3,0,0,1,0,54,35,1,29.875,31.258,16.475,2,0,1,0,0,0,0,0,12,12,0,0,0,0,0,0,0,0,0,0,0,0,0,0,0,0,0,1,69.99,12,1,2,0,1,0,0,0,0
781,7,1,1,0,11,4,0,0,0,1,61,39,2,0,0,0,3,0,0,1,0,0,0,0,13,13,0,0,0,0,0,0,0,0,0,0,0,0,0,0,0,0,0,1,69.99,13,1,1,1,0,0,0,1,8.091
782,1,2,0,1,13,4,0,0,0,1,42,48,2,0,0,0,5,0,0,0,0,1,0,0,7,8,2,0,1,0,13,2,15,0,0,0,0,3,0,0,1,0,0,0,0,11,1,2,0,1,0,0,0,0
783,14,1,1,0,2,3,0,0,1,0,99,33,1,25.674,33.071,12.47,4,0,0,0,1,0,0,0,5.5,8,2,0,1,0,13,2,14,0,0,0,0,1,1,0,0,0,0,0,0,16,1,1,1,0,0,0,0,0
784,3,1,1,0,17,2,0,1,0,0,46,51,2,0,0,0,6,0,0,0,0,0,1,0,19,8,3,0,0,1,13,1,14,0,0,0,0,4,0,0,0,1,0,0,0,14,1,4,0,0,0,1,0,0
785,14,2,0,1,23,3,0,0,1,0,89,43,1,13.117,27.546,13.439,3,0,0,1,0,0,0,0,13,13,0,0,0,0,0,0,0,0,0,0,0,0,0,0,0,0,0,1,69.99,13,1,1,1,0,0,0,1,7.713
786,0,2,0,1,0,1,1,0,0,0,73,45,1,31.793,37.625,21.193,5,0,0,0,0,1,0,0,7,9,3,0,0,1,13,2,14,0,0,0,0,3,0,0,1,0,0,0,0,15,1,4,0,0,0,1,0,0
787,7,2,0,1,29,2,0,1,0,0,57,25,2,0,0,0,3,0,0,1,0,0,0,0,15,15,0,0,0,0,0,0,0,0,0,0,0,0,0,0,0,0,0,1,69.99,15,1,3,0,0,1,0,0,0
788,9,1,1,0,9,2,0,1,0,0,113,26,1,25.664,27.081,16.38,4,0,0,0,1,0,0,0,7,8,3,0,0,1,13,1,15,0,0,0,0,4,0,0,0,1,0,0,0,16,1,1,1,0,0,0,0,0
789,9,2,0,1,0,1,1,0,0,0,44,34,1,24.815,32.437,21.309,5,0,0,0,0,1,0,0,8,7,1,1,0,0,13,2,14,0,0,0,0,4,0,0,0,1,0,0,0,17,1,4,0,0,0,1,0,0
790,10,2,0,1,29,2,0,1,0,0,112,24,2,0,0,0,7,0,0,0,0,0,0,1,33,33,0,0,0,0,0,0,0,46,33,55,13,0,0,0,0,0,0,0,0,13,1,2,0,1,0,0,0,0
791,7,1,1,0,0,1,1,0,0,0,65,44,2,0,0,0,4,0,0,0,1,0,0,0,9,7,1,1,0,0,13,2,14,0,0,0,0,5,0,0,0,0,1,0,0,16,1,4,0,0,0,1,0,0
792,1,1,1,0,31,2,0,1,0,0,43,33,1,28.971,37.271,15.911,2,0,1,0,0,0,0,0,18,18,0,0,0,0,0,0,0,0,0,0,0,0,0,0,0,0,0,1,69.99,18,1,2,0,1,0,0,1,2.412
793,8,2,0,1,7,3,0,0,1,0,37,47,1,38.736,33.396,24.598,6,0,0,0,0,0,1,0,20,8,2,0,1,0,13,2,15,0,0,0,0,4,0,0,0,1,0,0,0,15,1,1,1,0,0,0,0,0
794,2,1,1,0,13,4,0,0,0,1,119,58,1,33.536,37.903,16.891,1,1,0,0,0,0,0,0,14,14,0,0,0,0,0,0,0,0,0,0,0,0,0,0,0,0,0,1,69.99,14,1,1,1,0,0,0,0,0
795,10,1,1,0,3,4,0,0,0,1,114,19,2,0,0,0,2,0,1,0,0,0,0,0,15,15,0,0,0,0,0,0,0,0,0,0,0,0,0,0,0,0,0,1,69.99,15,1,2,0,1,0,0,0,0
796,5,1,1,0,14,4,0,0,0,1,123,44,2,0,0,0,7,0,0,0,0,0,0,1,33,33,0,0,0,0,0,0,0,47,33,55,13,0,0,0,0,0,0,0,0,18,1,3,0,0,1,0,1,3.603
797,6,1,1,0,0,1,1,0,0,0,94,53,2,0,0,0,7,0,0,0,0,0,0,1,33,33,0,0,0,0,0,0,0,48,33,55,13,0,0,0,0,0,0,0,0,19,1,4,0,0,0,1,0,0
798,0,1,1,0,0,1,1,0,0,0,131,37,2,0,0,0,7,0,0,0,0,0,0,1,33,33,0,0,0,0,0,0,0,45,33,55,13,0,0,0,0,0,0,0,0,17,1,4,0,0,0,1,0,0
799,7,2,0,1,30,2,0,1,0,0,112,43,1,15.499,30.125,16.009,7,0,0,0,0,0,0,1,33,33,0,0,0,0,0,0,0,46,33,55,13,0,0,0,0,0,0,0,0,19,1,4,0,0,0,1,0,0
800,10,1,1,0,16,2,0,1,0,0,98,36,1,28.062,36.254,23.959,3,0,0,1,0,0,0,0,11,11,0,0,0,0,0,0,0,0,0,0,0,0,0,0,0,0,0,1,69.99,11,1,3,0,0,1,0,0,0
801,7,1,1,0,15,3,0,0,1,0,110,53,2,0,0,0,6,0,0,0,0,0,1,0,22,8,3,0,0,1,13,1,14,0,0,0,0,5,0,0,0,0,1,0,0,16,1,1,1,0,0,0,1,7.398
802,1,2,0,1,27,3,0,0,1,0,109,57,1,37.502,31.731,12.562,7,0,0,0,0,0,0,1,33,33,0,0,0,0,0,0,0,46,33,55,13,0,0,0,0,0,0,0,0,16,1,1,1,0,0,0,1,6.762
803,5,1,1,0,17,3,0,0,1,0,85,50,2,0,0,0,4,0,0,0,1,0,0,0,7,9,3,0,0,1,13,2,14,0,0,0,0,3,0,0,1,0,0,0,0,15,1,2,0,1,0,0,1,2.952
804,15,1,1,0,18,4,0,0,0,1,107,55,1,39.256,35.411,21.044,1,1,0,0,0,0,0,0,18,18,0,0,0,0,0,0,0,0,0,0,0,0,0,0,0,0,0,1,69.99,18,1,1,1,0,0,0,0,0
805,12,1,1,0,3,2,0,1,0,0,132,36,1,19.4,36.719,17.788,6,0,0,0,0,0,1,0,23,8,2,0,1,0,13,2,15,0,0,0,0,5,0,0,0,0,1,0,0,19,1,3,0,0,1,0,1,8.49
806,7,1,1,0,3,4,0,0,0,1,132,58,2,0,0,0,4,0,0,0,1,0,0,0,4.5,8,3,0,0,1,13,1,15,0,0,0,0,1,1,0,0,0,0,0,0,14,1,2,0,1,0,0,0,0
807,6,1,1,0,0,1,1,0,0,0,60,16,2,0,0,0,7,0,0,0,0,0,0,1,33,33,0,0,0,0,0,0,0,45,33,55,13,0,0,0,0,0,0,0,0,11,1,4,0,0,0,1,0,0
808,1,2,0,1,0,1,1,0,0,0,95,37,1,30.494,28.78,23.285,2,0,1,0,0,0,0,0,19,19,0,0,0,0,0,0,0,0,0,0,0,0,0,0,0,0,0,1,69.99,19,1,2,0,1,0,0,0,0
809,10,2,0,1,0,1,1,0,0,0,73,44,2,0,0,0,3,0,0,1,0,0,0,0,15,15,0,0,0,0,0,0,0,0,0,0,0,0,0,0,0,0,0,1,69.99,15,1,1,1,0,0,0,0,0
810,4,1,1,0,5,4,0,0,0,1,74,50,2,0,0,0,5,0,0,0,0,1,0,0,7,7,1,1,0,0,13,2,14,0,0,0,0,3,0,0,1,0,0,0,0,14,1,2,0,1,0,0,1,4.085
811,2,1,1,0,0,1,1,0,0,0,35,20,1,19.97,25.884,14.648,7,0,0,0,0,0,0,1,33,33,0,0,0,0,0,0,0,46,33,55,13,0,0,0,0,0,0,0,0,16,1,2,0,1,0,0,0,0
812,4,1,1,0,0,3,0,0,1,0,96,46,2,0,0,0,6,0,0,0,0,0,1,0,12.5,9,3,0,0,1,13,2,15,0,0,0,0,1,1,0,0,0,0,0,0,14,1,2,0,1,0,0,0,0
813,4,2,0,1,20,2,0,1,0,0,96,29,2,0,0,0,1,1,0,0,0,0,0,0,11,11,0,0,0,0,0,0,0,0,0,0,0,0,0,0,0,0,0,1,69.99,11,1,4,0,0,0,1,1,8.503
814,15,1,1,0,13,3,0,0,1,0,79,55,1,16.054,31.538,21.042,6,0,0,0,0,0,1,0,23,7,1,1,0,0,13,2,14,0,0,0,0,5,0,0,0,0,1,0,0,17,1,4,0,0,0,1,1,4.2
815,5,1,1,0,0,1,1,0,0,0,104,52,1,21.843,35.898,19.645,7,0,0,0,0,0,0,1,33,33,0,0,0,0,0,0,0,46,33,55,13,0,0,0,0,0,0,0,0,20,1,4,0,0,0,1,0,0
816,13,2,0,1,31,4,0,0,0,1,80,26,2,0,0,0,5,0,0,0,0,1,0,0,9,9,3,0,0,1,13,2,14,0,0,0,0,5,0,0,0,0,1,0,0,15,1,1,1,0,0,0,1,7.945
817,9,1,1,0,12,2,0,1,0,0,62,27,2,0,0,0,4,0,0,0,1,0,0,0,6,6,1,1,0,0,13,1,15,0,0,0,0,3,0,0,1,0,0,0,0,18,1,1,1,0,0,0,0,0
818,7,2,0,1,0,1,1,0,0,0,85,23,2,0,0,0,4,0,0,0,1,0,0,0,6,7,1,1,0,0,13,2,14,0,0,0,0,2,0,1,0,0,0,0,0,15,1,4,0,0,0,1,1,5.718
819,12,1,1,0,5,2,0,1,0,0,127,44,1,27.712,25.76,19.342,3,0,0,1,0,0,0,0,13,13,0,0,0,0,0,0,0,0,0,0,0,0,0,0,0,0,0,1,69.99,13,1,1,1,0,0,0,1,4.563
820,15,1,1,0,32,4,0,0,0,1,119,47,1,32.298,24.159,20.949,2,0,1,0,0,0,0,0,15,15,0,0,0,0,0,0,0,0,0,0,0,0,0,0,0,0,0,1,69.99,15,1,1,1,0,0,0,0,0
821,9,2,0,1,26,4,0,0,0,1,46,40,2,0,0,0,4,0,0,0,1,0,0,0,5.5,9,3,0,0,1,13,2,14,0,0,0,0,1,1,0,0,0,0,0,0,14,1,1,1,0,0,0,0,0
822,3,2,0,1,26,4,0,0,0,1,76,21,2,0,0,0,2,0,1,0,0,0,0,0,17,17,0,0,0,0,0,0,0,0,0,0,0,0,0,0,0,0,0,1,69.99,17,1,4,0,0,0,1,1,5.005
823,14,1,1,0,0,3,0,0,1,0,90,34,2,0,0,0,3,0,0,1,0,0,0,0,20,20,0,0,0,0,0,0,0,0,0,0,0,0,0,0,0,0,0,1,69.99,20,1,4,0,0,0,1,0,0
824,13,2,0,1,10,4,0,0,0,1,83,46,2,0,0,0,4,0,0,0,1,0,0,0,7,9,3,0,0,1,13,2,15,0,0,0,0,3,0,0,1,0,0,0,0,19,1,1,1,0,0,0,0,0
825,4,2,0,1,33,3,0,0,1,0,44,55,1,10.604,27.081,25.403,5,0,0,0,0,1,0,0,8,9,3,0,0,1,13,2,15,0,0,0,0,4,0,0,0,1,0,0,0,13,1,1,1,0,0,0,0,0
826,3,1,1,0,0,1,1,0,0,0,86,48,1,32.323,23.771,17.224,7,0,0,0,0,0,0,1,33,33,0,0,0,0,0,0,0,48,33,55,13,0,0,0,0,0,0,0,0,17,1,1,1,0,0,0,1,3.984
827,5,2,0,1,13,2,0,1,0,0,78,43,2,0,0,0,5,0,0,0,0,1,0,0,7,7,1,1,0,0,13,2,14,0,0,0,0,3,0,0,1,0,0,0,0,20,1,2,0,1,0,0,0,0
828,3,2,0,1,7,3,0,0,1,0,70,34,2,0,0,0,7,0,0,0,0,0,0,1,33,33,0,0,0,0,0,0,0,48,33,55,13,0,0,0,0,0,0,0,0,16,1,4,0,0,0,1,1,2.369
829,8,1,1,0,29,4,0,0,0,1,112,36,1,31.543,31.155,28.27,3,0,0,1,0,0,0,0,17,17,0,0,0,0,0,0,0,0,0,0,0,0,0,0,0,0,0,1,69.99,17,1,1,1,0,0,0,0,0
830,12,1,1,0,0,1,1,0,0,0,127,23,1,29.765,30.574,14.072,5,0,0,0,0,1,0,0,4.5,6,1,1,0,0,13,1,15,0,0,0,0,1,1,0,0,0,0,0,0,20,1,3,0,0,1,0,1,8.629
831,5,1,1,0,0,1,1,0,0,0,78,45,1,16.573,31.839,15.899,6,0,0,0,0,0,1,0,12.5,7,1,1,0,0,13,2,15,0,0,0,0,1,1,0,0,0,0,0,0,20,1,2,0,1,0,0,1,7.774
832,15,1,1,0,0,1,1,0,0,0,127,34,1,30.429,28.666,13.201,2,0,1,0,0,0,0,0,19,19,0,0,0,0,0,0,0,0,0,0,0,0,0,0,0,0,0,1,69.99,19,1,1,1,0,0,0,0,0
833,13,2,0,1,0,1,1,0,0,0,118,24,2,0,0,0,1,1,0,0,0,0,0,0,15,15,0,0,0,0,0,0,0,0,0,0,0,0,0,0,0,0,0,1,69.99,15,1,4,0,0,0,1,0,0
834,7,2,0,1,10,4,0,0,0,1,116,20,1,16.393,37.456,12.616,2,0,1,0,0,0,0,0,20,20,0,0,0,0,0,0,0,0,0,0,0,0,0,0,0,0,0,1,69.99,20,1,1,1,0,0,0,1,6.574
835,7,2,0,1,15,4,0,0,0,1,34,45,1,14.59,32.68,11.739,3,0,0,1,0,0,0,0,11,11,0,0,0,0,0,0,0,0,0,0,0,0,0,0,0,0,0,1,69.99,11,1,2,0,1,0,0,0,0
836,4,2,0,1,29,4,0,0,0,1,103,28,2,0,0,0,5,0,0,0,0,1,0,0,9,7,1,1,0,0,13,2,15,0,0,0,0,5,0,0,0,0,1,0,0,17,1,1,1,0,0,0,1,2.534
837,14,1,1,0,0,1,1,0,0,0,112,31,2,0,0,0,3,0,0,1,0,0,0,0,17,17,0,0,0,0,0,0,0,0,0,0,0,0,0,0,0,0,0,1,69.99,17,1,2,0,1,0,0,0,0
838,8,2,0,1,11,3,0,0,1,0,99,26,2,0,0,0,2,0,1,0,0,0,0,0,11,11,0,0,0,0,0,0,0,0,0,0,0,0,0,0,0,0,0,1,69.99,11,1,1,1,0,0,0,1,8.318
839,11,2,0,1,0,1,1,0,0,0,44,50,2,0,0,0,5,0,0,0,0,1,0,0,7,6,1,1,0,0,13,1,14,0,0,0,0,4,0,0,0,1,0,0,0,15,1,4,0,0,0,1,0,0
840,1,2,0,1,22,4,0,0,0,1,114,56,2,0,0,0,5,0,0,0,0,1,0,0,4.5,8,3,0,0,1,13,1,14,0,0,0,0,1,1,0,0,0,0,0,0,11,1,1,1,0,0,0,1,3.367
841,1,2,0,1,0,1,1,0,0,0,50,35,1,23.781,35.847,11.742,4,0,0,0,1,0,0,0,9,7,1,1,0,0,13,2,15,0,0,0,0,5,0,0,0,0,1,0,0,15,1,4,0,0,0,1,0,0
842,5,1,1,0,0,1,1,0,0,0,113,41,1,23.102,28.37,25.721,1,1,0,0,0,0,0,0,12,12,0,0,0,0,0,0,0,0,0,0,0,0,0,0,0,0,0,1,69.99,12,1,3,0,0,1,0,0,0
843,6,2,0,1,12,2,0,1,0,0,118,32,2,0,0,0,6,0,0,0,0,0,1,0,19,6,1,1,0,0,13,1,14,0,0,0,0,4,0,0,0,1,0,0,0,19,1,1,1,0,0,0,1,5.983
844,3,1,1,0,32,3,0,0,1,0,122,53,1,30.824,30.035,12.732,3,0,0,1,0,0,0,0,14,14,0,0,0,0,0,0,0,0,0,0,0,0,0,0,0,0,0,1,69.99,14,1,2,0,1,0,0,1,8.103
845,12,1,1,0,0,1,1,0,0,0,89,58,2,0,0,0,7,0,0,0,0,0,0,1,33,33,0,0,0,0,0,0,0,47,33,55,13,0,0,0,0,0,0,0,0,14,1,1,1,0,0,0,1,4.097
846,14,1,1,0,0,1,1,0,0,0,121,37,2,0,0,0,7,0,0,0,0,0,0,1,33,33,0,0,0,0,0,0,0,46,33,55,13,0,0,0,0,0,0,0,0,11,1,1,1,0,0,0,1,5.854
847,13,1,1,0,9,3,0,0,1,0,86,38,1,14.071,35.364,22.527,1,1,0,0,0,0,0,0,13,13,0,0,0,0,0,0,0,0,0,0,0,0,0,0,0,0,0,1,69.99,13,1,1,1,0,0,0,0,0
848,11,2,0,1,21,4,0,0,0,1,131,49,2,0,0,0,6,0,0,0,0,0,1,0,12.5,9,3,0,0,1,13,2,14,0,0,0,0,1,1,0,0,0,0,0,0,14,1,1,1,0,0,0,1,7.663
849,10,2,0,1,8,3,0,0,1,0,124,34,2,0,0,0,3,0,0,1,0,0,0,0,17,17,0,0,0,0,0,0,0,0,0,0,0,0,0,0,0,0,0,1,69.99,17,1,4,0,0,0,1,1,3.664
850,4,2,0,1,5,4,0,0,0,1,35,36,2,0,0,0,6,0,0,0,0,0,1,0,13,7,2,0,1,0,13,1,15,0,0,0,0,2,0,1,0,0,0,0,0,18,1,3,0,0,1,0,1,5.125
851,10,2,0,1,6,4,0,0,0,1,41,48,1,25.035,33.544,19.773,7,0,0,0,0,0,0,1,33,33,0,0,0,0,0,0,0,47,33,55,13,0,0,0,0,0,0,0,0,17,1,3,0,0,1,0,1,2.575
852,4,1,1,0,4,4,0,0,0,1,66,57,2,0,0,0,1,1,0,0,0,0,0,0,15,15,0,0,0,0,0,0,0,0,0,0,0,0,0,0,0,0,0,1,69.99,15,1,2,0,1,0,0,1,6.171
853,10,2,0,1,0,1,1,0,0,0,107,27,2,0,0,0,5,0,0,0,0,1,0,0,8,8,3,0,0,1,13,1,15,0,0,0,0,5,0,0,0,0,1,0,0,20,1,3,0,0,1,0,1,3.129
854,12,1,1,0,27,4,0,0,0,1,75,46,2,0,0,0,7,0,0,0,0,0,0,1,33,33,0,0,0,0,0,0,0,46,33,55,13,0,0,0,0,0,0,0,0,20,1,2,0,1,0,0,1,2.145
855,15,1,1,0,22,3,0,0,1,0,61,57,2,0,0,0,1,1,0,0,0,0,0,0,13,13,0,0,0,0,0,0,0,0,0,0,0,0,0,0,0,0,0,1,69.99,13,1,2,0,1,0,0,1,8.064
856,9,2,0,1,13,2,0,1,0,0,41,33,1,34.246,27.1,25.703,1,1,0,0,0,0,0,0,20,20,0,0,0,0,0,0,0,0,0,0,0,0,0,0,0,0,0,1,69.99,20,1,3,0,0,1,0,1,3.899
857,13,2,0,1,32,2,0,1,0,0,106,18,2,0,0,0,6,0,0,0,0,0,1,0,13,8,3,0,0,1,13,1,15,0,0,0,0,2,0,1,0,0,0,0,0,13,1,3,0,0,1,0,1,2.548
858,15,1,1,0,2,4,0,0,0,1,126,35,1,15.09,35.414,26.125,2,0,1,0,0,0,0,0,13,13,0,0,0,0,0,0,0,0,0,0,0,0,0,0,0,0,0,1,69.99,13,1,1,1,0,0,0,1,8.45
859,0,2,0,1,11,2,0,1,0,0,131,36,1,25.774,29.258,25.474,1,1,0,0,0,0,0,0,11,11,0,0,0,0,0,0,0,0,0,0,0,0,0,0,0,0,0,1,69.99,11,1,1,1,0,0,0,1,6.434
860,0,1,1,0,11,4,0,0,0,1,71,56,2,0,0,0,2,0,1,0,0,0,0,0,17,17,0,0,0,0,0,0,0,0,0,0,0,0,0,0,0,0,0,1,69.99,17,1,2,0,1,0,0,1,5.89
861,15,1,1,0,31,4,0,0,0,1,109,28,2,0,0,0,6,0,0,0,0,0,1,0,14,8,2,0,1,0,13,2,15,0,0,0,0,2,0,1,0,0,0,0,0,18,1,2,0,1,0,0,1,5.036
862,1,1,1,0,0,1,1,0,0,0,48,22,1,10.449,25.116,23.724,4,0,0,0,1,0,0,0,7,8,3,0,0,1,13,1,14,0,0,0,0,4,0,0,0,1,0,0,0,11,1,1,1,0,0,0,0,0
863,14,2,0,1,8,3,0,0,1,0,92,21,2,0,0,0,7,0,0,0,0,0,0,1,33,33,0,0,0,0,0,0,0,46,33,55,13,0,0,0,0,0,0,0,0,14,1,4,0,0,0,1,0,0
864,8,2,0,1,6,4,0,0,0,1,89,25,2,0,0,0,3,0,0,1,0,0,0,0,20,20,0,0,0,0,0,0,0,0,0,0,0,0,0,0,0,0,0,1,69.99,20,1,1,1,0,0,0,1,6.92
865,10,2,0,1,16,4,0,0,0,1,77,52,1,22.148,23.237,18.567,4,0,0,0,1,0,0,0,9,9,3,0,0,1,13,2,15,0,0,0,0,5,0,0,0,0,1,0,0,19,1,4,0,0,0,1,0,0
866,3,1,1,0,3,2,0,1,0,0,66,49,2,0,0,0,5,0,0,0,0,1,0,0,5,8,3,0,0,1,13,1,15,0,0,0,0,2,0,1,0,0,0,0,0,18,1,4,0,0,0,1,0,0
867,7,2,0,1,15,4,0,0,0,1,58,39,2,0,0,0,6,0,0,0,0,0,1,0,19,6,1,1,0,0,13,1,15,0,0,0,0,4,0,0,0,1,0,0,0,15,1,3,0,0,1,0,1,4.63
868,14,1,1,0,0,1,1,0,0,0,54,21,1,29.495,28.582,23.475,7,0,0,0,0,0,0,1,33,33,0,0,0,0,0,0,0,48,33,55,13,0,0,0,0,0,0,0,0,17,1,2,0,1,0,0,1,4.116
869,12,1,1,0,21,2,0,1,0,0,66,19,2,0,0,0,7,0,0,0,0,0,0,1,33,33,0,0,0,0,0,0,0,45,33,55,13,0,0,0,0,0,0,0,0,11,1,3,0,0,1,0,0,0
870,7,2,0,1,15,4,0,0,0,1,127,47,2,0,0,0,7,0,0,0,0,0,0,1,33,33,0,0,0,0,0,0,0,46,33,55,13,0,0,0,0,0,0,0,0,14,1,4,0,0,0,1,1,5.082
871,0,1,1,0,0,2,0,1,0,0,72,50,1,20.449,23.515,16.781,6,0,0,0,0,0,1,0,23,9,3,0,0,1,13,2,15,0,0,0,0,5,0,0,0,0,1,0,0,18,1,1,1,0,0,0,0,0
872,5,1,1,0,31,3,0,0,1,0,60,54,2,0,0,0,2,0,1,0,0,0,0,0,14,14,0,0,0,0,0,0,0,0,0,0,0,0,0,0,0,0,0,1,69.99,14,1,1,1,0,0,0,1,5.33
873,1,2,0,1,8,2,0,1,0,0,132,58,1,33.696,24.896,16.502,5,0,0,0,0,1,0,0,6,7,2,0,1,0,13,1,14,0,0,0,0,3,0,0,1,0,0,0,0,13,1,3,0,0,1,0,1,7.827
874,6,2,0,1,18,3,0,0,1,0,91,31,2,0,0,0,5,0,0,0,0,1,0,0,5,8,3,0,0,1,13,1,15,0,0,0,0,2,0,1,0,0,0,0,0,11,1,3,0,0,1,0,0,0
875,9,1,1,0,5,3,0,0,1,0,46,57,2,0,0,0,2,0,1,0,0,0,0,0,17,17,0,0,0,0,0,0,0,0,0,0,0,0,0,0,0,0,0,1,69.99,17,1,4,0,0,0,1,0,0
876,1,2,0,1,18,2,0,1,0,0,65,17,2,0,0,0,2,0,1,0,0,0,0,0,14,14,0,0,0,0,0,0,0,0,0,0,0,0,0,0,0,0,0,1,69.99,14,1,2,0,1,0,0,0,0
877,11,1,1,0,26,3,0,0,1,0,88,24,2,0,0,0,4,0,0,0,1,0,0,0,6,7,2,0,1,0,13,1,14,0,0,0,0,3,0,0,1,0,0,0,0,12,1,4,0,0,0,1,1,5.863
878,0,1,1,0,0,1,1,0,0,0,93,57,1,18.252,36.053,21.564,3,0,0,1,0,0,0,0,16,16,0,0,0,0,0,0,0,0,0,0,0,0,0,0,0,0,0,1,69.99,16,1,1,1,0,0,0,0,0
879,11,1,1,0,32,4,0,0,0,1,84,57,2,0,0,0,3,0,0,1,0,0,0,0,18,18,0,0,0,0,0,0,0,0,0,0,0,0,0,0,0,0,0,1,69.99,18,1,1,1,0,0,0,0,0
880,9,2,0,1,0,1,1,0,0,0,56,38,2,0,0,0,1,1,0,0,0,0,0,0,17,17,0,0,0,0,0,0,0,0,0,0,0,0,0,0,0,0,0,1,69.99,17,1,2,0,1,0,0,1,8.33
881,3,1,1,0,31,3,0,0,1,0,101,29,2,0,0,0,4,0,0,0,1,0,0,0,8,8,3,0,0,1,13,1,15,0,0,0,0,5,0,0,0,0,1,0,0,11,1,1,1,0,0,0,0,0
882,6,2,0,1,29,4,0,0,0,1,74,23,2,0,0,0,3,0,0,1,0,0,0,0,20,20,0,0,0,0,0,0,0,0,0,0,0,0,0,0,0,0,0,1,69.99,20,1,4,0,0,0,1,1,6.324
883,7,2,0,1,20,4,0,0,0,1,48,42,2,0,0,0,2,0,1,0,0,0,0,0,12,12,0,0,0,0,0,0,0,0,0,0,0,0,0,0,0,0,0,1,69.99,12,1,3,0,0,1,0,0,0
884,12,1,1,0,2,3,0,0,1,0,45,36,1,17.063,35.763,13.433,7,0,0,0,0,0,0,1,33,33,0,0,0,0,0,0,0,46,33,55,13,0,0,0,0,0,0,0,0,14,1,3,0,0,1,0,1,4.689
885,0,1,1,0,3,4,0,0,0,1,44,36,2,0,0,0,6,0,0,0,0,0,1,0,22,7,2,0,1,0,13,1,14,0,0,0,0,5,0,0,0,0,1,0,0,11,1,4,0,0,0,1,1,7.063
886,15,2,0,1,18,4,0,0,0,1,85,34,2,0,0,0,3,0,0,1,0,0,0,0,13,13,0,0,0,0,0,0,0,0,0,0,0,0,0,0,0,0,0,1,69.99,13,1,3,0,0,1,0,1,6.353
887,14,2,0,1,2,2,0,1,0,0,116,37,1,22.243,26.627,12.072,7,0,0,0,0,0,0,1,33,33,0,0,0,0,0,0,0,45,33,55,13,0,0,0,0,0,0,0,0,17,1,4,0,0,0,1,0,0
888,10,2,0,1,4,4,0,0,0,1,81,23,1,22.188,25.245,20.275,5,0,0,0,0,1,0,0,7,7,1,1,0,0,13,2,14,0,0,0,0,3,0,0,1,0,0,0,0,11,1,4,0,0,0,1,1,3.85
889,0,2,0,1,0,1,1,0,0,0,55,53,1,32.168,38.41,19.847,7,0,0,0,0,0,0,1,33,33,0,0,0,0,0,0,0,48,33,55,13,0,0,0,0,0,0,0,0,17,1,4,0,0,0,1,1,6.383
890,5,2,0,1,0,1,1,0,0,0,90,32,1,15.235,24.814,19.384,5,0,0,0,0,1,0,0,7,8,2,0,1,0,13,2,15,0,0,0,0,3,0,0,1,0,0,0,0,16,1,4,0,0,0,1,1,2.457
891,1,1,1,0,11,2,0,1,0,0,51,33,2,0,0,0,3,0,0,1,0,0,0,0,11,11,0,0,0,0,0,0,0,0,0,0,0,0,0,0,0,0,0,1,69.99,11,1,2,0,1,0,0,1,5.268
892,8,1,1,0,10,4,0,0,0,1,106,19,1,33.941,25.242,25.751,7,0,0,0,0,0,0,1,33,33,0,0,0,0,0,0,0,48,33,55,13,0,0,0,0,0,0,0,0,20,1,4,0,0,0,1,1,3.225
893,13,2,0,1,0,1,1,0,0,0,69,58,1,17.023,33.028,25.551,4,0,0,0,1,0,0,0,6,7,2,0,1,0,13,1,14,0,0,0,0,3,0,0,1,0,0,0,0,11,1,3,0,0,1,0,1,6.434
894,2,2,0,1,24,2,0,1,0,0,67,39,2,0,0,0,3,0,0,1,0,0,0,0,20,20,0,0,0,0,0,0,0,0,0,0,0,0,0,0,0,0,0,1,69.99,20,1,1,1,0,0,0,1,6.803
895,14,1,1,0,0,1,1,0,0,0,119,38,2,0,0,0,6,0,0,0,0,0,1,0,22,7,2,0,1,0,13,1,14,0,0,0,0,5,0,0,0,0,1,0,0,11,1,4,0,0,0,1,0,0
896,12,2,0,1,30,3,0,0,1,0,132,30,2,0,0,0,1,1,0,0,0,0,0,0,12,12,0,0,0,0,0,0,0,0,0,0,0,0,0,0,0,0,0,1,69.99,12,1,4,0,0,0,1,0,0
897,13,2,0,1,0,1,1,0,0,0,46,29,2,0,0,0,2,0,1,0,0,0,0,0,13,13,0,0,0,0,0,0,0,0,0,0,0,0,0,0,0,0,0,1,69.99,13,1,2,0,1,0,0,0,0
898,9,2,0,1,9,4,0,0,0,1,102,37,2,0,0,0,7,0,0,0,0,0,0,1,33,33,0,0,0,0,0,0,0,45,33,55,13,0,0,0,0,0,0,0,0,17,1,2,0,1,0,0,1,4.845
899,14,2,0,1,0,1,1,0,0,0,110,30,2,0,0,0,1,1,0,0,0,0,0,0,19,19,0,0,0,0,0,0,0,0,0,0,0,0,0,0,0,0,0,1,69.99,19,1,1,1,0,0,0,1,4.386
900,15,1,1,0,31,3,0,0,1,0,117,19,2,0,0,0,5,0,0,0,0,1,0,0,8,6,1,1,0,0,13,1,15,0,0,0,0,5,0,0,0,0,1,0,0,13,1,2,0,1,0,0,1,3.642
901,14,1,1,0,16,3,0,0,1,0,45,36,2,0,0,0,2,0,1,0,0,0,0,0,16,16,0,0,0,0,0,0,0,0,0,0,0,0,0,0,0,0,0,1,69.99,16,1,2,0,1,0,0,0,0
902,10,2,0,1,1,3,0,0,1,0,128,43,1,38.921,27.266,20.789,5,0,0,0,0,1,0,0,7,9,3,0,0,1,13,2,15,0,0,0,0,3,0,0,1,0,0,0,0,14,1,2,0,1,0,0,1,2.631
903,12,1,1,0,20,3,0,0,1,0,106,35,2,0,0,0,7,0,0,0,0,0,0,1,33,33,0,0,0,0,0,0,0,48,33,55,13,0,0,0,0,0,0,0,0,11,1,4,0,0,0,1,1,5.066
904,9,2,0,1,10,2,0,1,0,0,36,21,2,0,0,0,5,0,0,0,0,1,0,0,8,7,2,0,1,0,13,1,14,0,0,0,0,5,0,0,0,0,1,0,0,14,1,3,0,0,1,0,1,6.237
905,5,2,0,1,12,2,0,1,0,0,44,17,2,0,0,0,5,0,0,0,0,1,0,0,6,9,3,0,0,1,13,2,14,0,0,0,0,2,0,1,0,0,0,0,0,16,1,1,1,0,0,0,0,0
906,8,1,1,0,27,2,0,1,0,0,97,36,2,0,0,0,4,0,0,0,1,0,0,0,7,8,3,0,0,1,13,1,15,0,0,0,0,4,0,0,0,1,0,0,0,11,1,2,0,1,0,0,1,3.368
907,12,2,0,1,1,3,0,0,1,0,123,45,1,15.01,36.518,12.678,1,1,0,0,0,0,0,0,11,11,0,0,0,0,0,0,0,0,0,0,0,0,0,0,0,0,0,1,69.99,11,1,4,0,0,0,1,1,3.463
908,10,2,0,1,4,2,0,1,0,0,73,50,2,0,0,0,6,0,0,0,0,0,1,0,16,7,2,0,1,0,13,1,14,0,0,0,0,3,0,0,1,0,0,0,0,18,1,2,0,1,0,0,0,0
909,4,1,1,0,2,4,0,0,0,1,71,54,2,0,0,0,1,1,0,0,0,0,0,0,18,18,0,0,0,0,0,0,0,0,0,0,0,0,0,0,0,0,0,1,69.99,18,1,4,0,0,0,1,0,0
910,6,2,0,1,16,4,0,0,0,1,126,22,1,12.437,28.392,27.818,1,1,0,0,0,0,0,0,15,15,0,0,0,0,0,0,0,0,0,0,0,0,0,0,0,0,0,1,69.99,15,1,2,0,1,0,0,0,0
911,12,1,1,0,31,2,0,1,0,0,118,45,1,31.583,27.332,26.541,2,0,1,0,0,0,0,0,18,18,0,0,0,0,0,0,0,0,0,0,0,0,0,0,0,0,0,1,69.99,18,1,2,0,1,0,0,1,7.832
912,7,2,0,1,16,2,0,1,0,0,36,46,1,18.936,25.768,29.328,1,1,0,0,0,0,0,0,12,12,0,0,0,0,0,0,0,0,0,0,0,0,0,0,0,0,0,1,69.99,12,1,2,0,1,0,0,1,6.423
913,2,1,1,0,4,3,0,0,1,0,128,24,1,21.309,35.385,21.968,3,0,0,1,0,0,0,0,15,15,0,0,0,0,0,0,0,0,0,0,0,0,0,0,0,0,0,1,69.99,15,1,3,0,0,1,0,0,0
914,2,1,1,0,0,1,1,0,0,0,50,38,2,0,0,0,1,1,0,0,0,0,0,0,14,14,0,0,0,0,0,0,0,0,0,0,0,0,0,0,0,0,0,1,69.99,14,1,2,0,1,0,0,0,0
915,3,2,0,1,20,4,0,0,0,1,125,48,2,0,0,0,3,0,0,1,0,0,0,0,20,20,0,0,0,0,0,0,0,0,0,0,0,0,0,0,0,0,0,1,69.99,20,1,3,0,0,1,0,0,0
916,3,2,0,1,15,3,0,0,1,0,131,20,1,10.679,36.479,28.044,4,0,0,0,1,0,0,0,9,8,2,0,1,0,13,2,15,0,0,0,0,5,0,0,0,0,1,0,0,20,1,2,0,1,0,0,0,0
917,7,2,0,1,0,1,1,0,0,0,71,28,2,0,0,0,3,0,0,1,0,0,0,0,17,17,0,0,0,0,0,0,0,0,0,0,0,0,0,0,0,0,0,1,69.99,17,1,4,0,0,0,1,1,5.246
918,11,2,0,1,18,2,0,1,0,0,48,56,2,0,0,0,1,1,0,0,0,0,0,0,17,17,0,0,0,0,0,0,0,0,0,0,0,0,0,0,0,0,0,1,69.99,17,1,2,0,1,0,0,1,3.296
919,5,2,0,1,17,4,0,0,0,1,43,54,1,38.277,30.661,16.169,5,0,0,0,0,1,0,0,7,7,1,1,0,0,13,2,15,0,0,0,0,3,0,0,1,0,0,0,0,17,1,2,0,1,0,0,0,0
920,14,2,0,1,7,2,0,1,0,0,101,51,1,18.237,29.911,27.304,3,0,0,1,0,0,0,0,19,19,0,0,0,0,0,0,0,0,0,0,0,0,0,0,0,0,0,1,69.99,19,1,2,0,1,0,0,0,0
921,7,1,1,0,0,1,1,0,0,0,103,50,1,27.912,29.324,25.557,6,0,0,0,0,0,1,0,13,7,2,0,1,0,13,1,15,0,0,0,0,2,0,1,0,0,0,0,0,14,1,4,0,0,0,1,0,0
922,6,1,1,0,12,3,0,0,1,0,37,21,2,0,0,0,6,0,0,0,0,0,1,0,14,7,1,1,0,0,13,2,14,0,0,0,0,2,0,1,0,0,0,0,0,18,1,1,1,0,0,0,0,0
923,2,1,1,0,1,4,0,0,0,1,67,54,2,0,0,0,6,0,0,0,0,0,1,0,20,9,3,0,0,1,13,2,14,0,0,0,0,4,0,0,0,1,0,0,0,14,1,1,1,0,0,0,1,7.511
924,3,2,0,1,0,1,1,0,0,0,108,20,2,0,0,0,5,0,0,0,0,1,0,0,5,6,1,1,0,0,13,1,15,0,0,0,0,2,0,1,0,0,0,0,0,18,1,3,0,0,1,0,0,0
925,7,1,1,0,18,2,0,1,0,0,45,48,1,37.288,38.479,17.295,7,0,0,0,0,0,0,1,33,33,0,0,0,0,0,0,0,45,33,55,13,0,0,0,0,0,0,0,0,20,1,4,0,0,0,1,0,0
926,13,1,1,0,24,2,0,1,0,0,56,39,1,12.243,25.459,24.535,4,0,0,0,1,0,0,0,7,7,1,1,0,0,13,2,15,0,0,0,0,3,0,0,1,0,0,0,0,15,1,1,1,0,0,0,0,0
927,12,1,1,0,24,4,0,0,0,1,59,56,1,14.735,26.357,13.109,2,0,1,0,0,0,0,0,18,18,0,0,0,0,0,0,0,0,0,0,0,0,0,0,0,0,0,1,69.99,18,1,4,0,0,0,1,0,0
928,3,1,1,0,29,4,0,0,0,1,39,32,1,20.23,30.286,16.356,6,0,0,0,0,0,1,0,14,9,3,0,0,1,13,2,15,0,0,0,0,2,0,1,0,0,0,0,0,14,1,1,1,0,0,0,0,0
929,11,2,0,1,0,1,1,0,0,0,95,21,2,0,0,0,7,0,0,0,0,0,0,1,33,33,0,0,0,0,0,0,0,45,33,55,13,0,0,0,0,0,0,0,0,14,1,2,0,1,0,0,1,7.66
930,0,1,1,0,31,3,0,0,1,0,107,47,2,0,0,0,3,0,0,1,0,0,0,0,13,13,0,0,0,0,0,0,0,0,0,0,0,0,0,0,0,0,0,1,69.99,13,1,3,0,0,1,0,1,5.376
931,4,1,1,0,0,1,1,0,0,0,50,41,1,33.631,26.88,13.207,5,0,0,0,0,1,0,0,5,7,2,0,1,0,13,1,15,0,0,0,0,2,0,1,0,0,0,0,0,12,1,2,0,1,0,0,0,0
932,9,1,1,0,18,3,0,0,1,0,128,21,2,0,0,0,6,0,0,0,0,0,1,0,16,8,3,0,0,1,13,1,15,0,0,0,0,3,0,0,1,0,0,0,0,14,1,4,0,0,0,1,0,0
933,14,1,1,0,29,3,0,0,1,0,91,50,1,33.212,38.001,26.817,6,0,0,0,0,0,1,0,13,8,3,0,0,1,13,1,15,0,0,0,0,2,0,1,0,0,0,0,0,14,1,4,0,0,0,1,1,4.331
934,3,1,1,0,0,1,1,0,0,0,74,26,1,17.318,23.816,20.465,4,0,0,0,1,0,0,0,7,8,3,0,0,1,13,1,14,0,0,0,0,4,0,0,0,1,0,0,0,16,1,4,0,0,0,1,1,4.155
935,13,1,1,0,3,3,0,0,1,0,87,41,1,13.097,29.118,25.008,5,0,0,0,0,1,0,0,4.5,8,3,0,0,1,13,1,15,0,0,0,0,1,1,0,0,0,0,0,0,16,1,2,0,1,0,0,0,0
936,12,2,0,1,0,1,1,0,0,0,86,33,2,0,0,0,4,0,0,0,1,0,0,0,8,7,2,0,1,0,13,1,14,0,0,0,0,5,0,0,0,0,1,0,0,19,1,1,1,0,0,0,0,0
937,7,1,1,0,27,4,0,0,0,1,128,18,2,0,0,0,4,0,0,0,1,0,0,0,4.5,7,2,0,1,0,13,1,15,0,0,0,0,1,1,0,0,0,0,0,0,18,1,1,1,0,0,0,0,0
938,3,1,1,0,1,3,0,0,1,0,35,29,2,0,0,0,4,0,0,0,1,0,0,0,7,9,3,0,0,1,13,2,14,0,0,0,0,3,0,0,1,0,0,0,0,18,1,1,1,0,0,0,0,0
939,4,2,0,1,25,3,0,0,1,0,71,24,2,0,0,0,1,1,0,0,0,0,0,0,12,12,0,0,0,0,0,0,0,0,0,0,0,0,0,0,0,0,0,1,69.99,12,1,1,1,0,0,0,1,8.567
940,6,2,0,1,22,4,0,0,0,1,109,19,2,0,0,0,5,0,0,0,0,1,0,0,4.5,7,2,0,1,0,13,1,15,0,0,0,0,1,1,0,0,0,0,0,0,15,1,3,0,0,1,0,1,2.625
941,3,2,0,1,0,1,1,0,0,0,45,54,2,0,0,0,4,0,0,0,1,0,0,0,5.5,9,3,0,0,1,13,2,15,0,0,0,0,1,1,0,0,0,0,0,0,16,1,3,0,0,1,0,1,4.851
942,9,1,1,0,18,3,0,0,1,0,87,42,2,0,0,0,5,0,0,0,0,1,0,0,5.5,7,1,1,0,0,13,2,14,0,0,0,0,1,1,0,0,0,0,0,0,20,1,1,1,0,0,0,0,0
943,8,2,0,1,0,1,1,0,0,0,102,51,1,35.964,29.879,24.452,6,0,0,0,0,0,1,0,19,7,2,0,1,0,13,1,15,0,0,0,0,4,0,0,0,1,0,0,0,14,1,1,1,0,0,0,1,5.731
944,1,2,0,1,24,2,0,1,0,0,42,39,1,23.486,32.788,23.068,6,0,0,0,0,0,1,0,20,9,3,0,0,1,13,2,15,0,0,0,0,4,0,0,0,1,0,0,0,15,1,2,0,1,0,0,1,5.446
945,14,1,1,0,0,1,1,0,0,0,60,49,1,35.744,23.158,18.356,5,0,0,0,0,1,0,0,4.5,7,2,0,1,0,13,1,14,0,0,0,0,1,1,0,0,0,0,0,0,15,1,4,0,0,0,1,0,0
946,0,1,1,0,31,3,0,0,1,0,55,51,2,0,0,0,6,0,0,0,0,0,1,0,22,7,2,0,1,0,13,1,15,0,0,0,0,5,0,0,0,0,1,0,0,20,1,3,0,0,1,0,0,0
947,14,1,1,0,29,3,0,0,1,0,94,32,1,26.493,23.19,18.831,3,0,0,1,0,0,0,0,11,11,0,0,0,0,0,0,0,0,0,0,0,0,0,0,0,0,0,1,69.99,11,1,4,0,0,0,1,0,0
948,0,1,1,0,24,3,0,0,1,0,57,43,2,0,0,0,1,1,0,0,0,0,0,0,15,15,0,0,0,0,0,0,0,0,0,0,0,0,0,0,0,0,0,1,69.99,15,1,4,0,0,0,1,1,3.052
949,0,2,0,1,25,3,0,0,1,0,110,27,2,0,0,0,6,0,0,0,0,0,1,0,22,6,1,1,0,0,13,1,15,0,0,0,0,5,0,0,0,0,1,0,0,14,1,3,0,0,1,0,0,0
950,14,2,0,1,29,3,0,0,1,0,73,43,1,28.521,35.285,28.421,6,0,0,0,0,0,1,0,23,9,3,0,0,1,13,2,15,0,0,0,0,5,0,0,0,0,1,0,0,14,1,1,1,0,0,0,1,7.335
951,0,1,1,0,0,1,1,0,0,0,67,38,1,34.086,25.676,18.163,4,0,0,0,1,0,0,0,4.5,7,2,0,1,0,13,1,14,0,0,0,0,1,1,0,0,0,0,0,0,17,1,1,1,0,0,0,1,5.155
952,15,2,0,1,0,1,1,0,0,0,83,23,2,0,0,0,1,1,0,0,0,0,0,0,19,19,0,0,0,0,0,0,0,0,0,0,0,0,0,0,0,0,0,1,69.99,19,1,2,0,1,0,0,1,2.471
953,4,2,0,1,1,4,0,0,0,1,41,32,1,26.938,24.828,16.386,5,0,0,0,0,1,0,0,5,7,2,0,1,0,13,1,14,0,0,0,0,2,0,1,0,0,0,0,0,18,1,4,0,0,0,1,0,0
954,4,2,0,1,0,1,1,0,0,0,125,20,1,11.738,28.854,13.216,4,0,0,0,1,0,0,0,4.5,8,3,0,0,1,13,1,15,0,0,0,0,1,1,0,0,0,0,0,0,17,1,3,0,0,1,0,1,7.364
955,13,1,1,0,21,2,0,1,0,0,116,53,1,37.253,36.791,27.747,4,0,0,0,1,0,0,0,6,8,3,0,0,1,13,1,15,0,0,0,0,3,0,0,1,0,0,0,0,13,1,4,0,0,0,1,0,0
956,14,2,0,1,0,1,1,0,0,0,86,49,1,30.494,26.973,12.687,6,0,0,0,0,0,1,0,13,8,3,0,0,1,13,1,14,0,0,0,0,2,0,1,0,0,0,0,0,19,1,2,0,1,0,0,0,0
957,6,2,0,1,15,4,0,0,0,1,70,22,2,0,0,0,4,0,0,0,1,0,0,0,7,7,1,1,0,0,13,2,15,0,0,0,0,3,0,0,1,0,0,0,0,18,1,2,0,1,0,0,1,4.906
958,2,1,1,0,10,4,0,0,0,1,35,41,2,0,0,0,7,0,0,0,0,0,0,1,33,33,0,0,0,0,0,0,0,45,33,55,13,0,0,0,0,0,0,0,0,14,1,2,0,1,0,0,1,5.25
959,9,1,1,0,17,3,0,0,1,0,109,37,2,0,0,0,6,0,0,0,0,0,1,0,11.5,7,2,0,1,0,13,1,14,0,0,0,0,1,1,0,0,0,0,0,0,19,1,4,0,0,0,1,1,6.137
960,0,2,0,1,0,1,1,0,0,0,104,20,2,0,0,0,4,0,0,0,1,0,0,0,9,7,1,1,0,0,13,2,15,0,0,0,0,5,0,0,0,0,1,0,0,12,1,2,0,1,0,0,0,0
961,7,2,0,1,7,2,0,1,0,0,57,52,1,28.092,36.558,19.993,2,0,1,0,0,0,0,0,17,17,0,0,0,0,0,0,0,0,0,0,0,0,0,0,0,0,0,1,69.99,17,1,1,1,0,0,0,0,0
962,3,1,1,0,32,2,0,1,0,0,60,58,1,16.933,24.323,21.027,5,0,0,0,0,1,0,0,5,8,3,0,0,1,13,1,14,0,0,0,0,2,0,1,0,0,0,0,0,14,1,1,1,0,0,0,0,0
963,6,1,1,0,8,3,0,0,1,0,50,18,1,34.026,31.174,17.586,6,0,0,0,0,0,1,0,12.5,8,2,0,1,0,13,2,14,0,0,0,0,1,1,0,0,0,0,0,0,20,1,2,0,1,0,0,1,5.227
964,5,1,1,0,7,2,0,1,0,0,81,46,2,0,0,0,7,0,0,0,0,0,0,1,33,33,0,0,0,0,0,0,0,46,33,55,13,0,0,0,0,0,0,0,0,20,1,1,1,0,0,0,1,6.829
965,10,1,1,0,24,3,0,0,1,0,99,26,1,13.202,33.245,23.279,5,0,0,0,0,1,0,0,9,9,3,0,0,1,13,2,15,0,0,0,0,5,0,0,0,0,1,0,0,18,1,1,1,0,0,0,0,0
966,14,1,1,0,25,4,0,0,0,1,78,53,2,0,0,0,6,0,0,0,0,0,1,0,13,6,1,1,0,0,13,1,15,0,0,0,0,2,0,1,0,0,0,0,0,17,1,3,0,0,1,0,1,7.421
967,2,1,1,0,27,2,0,1,0,0,83,17,2,0,0,0,1,1,0,0,0,0,0,0,18,18,0,0,0,0,0,0,0,0,0,0,0,0,0,0,0,0,0,1,69.99,18,1,2,0,1,0,0,1,7.681
968,8,2,0,1,21,2,0,1,0,0,130,23,2,0,0,0,3,0,0,1,0,0,0,0,12,12,0,0,0,0,0,0,0,0,0,0,0,0,0,0,0,0,0,1,69.99,12,1,2,0,1,0,0,1,5.56
969,11,1,1,0,13,2,0,1,0,0,132,34,1,32.802,28.968,23.98,7,0,0,0,0,0,0,1,33,33,0,0,0,0,0,0,0,46,33,55,13,0,0,0,0,0,0,0,0,13,1,4,0,0,0,1,0,0
970,14,1,1,0,23,2,0,1,0,0,120,33,2,0,0,0,4,0,0,0,1,0,0,0,6,8,3,0,0,1,13,1,14,0,0,0,0,3,0,0,1,0,0,0,0,17,1,4,0,0,0,1,0,0
971,15,1,1,0,0,1,1,0,0,0,34,16,2,0,0,0,7,0,0,0,0,0,0,1,33,33,0,0,0,0,0,0,0,47,33,55,13,0,0,0,0,0,0,0,0,16,1,3,0,0,1,0,0,0
972,7,2,0,1,32,2,0,1,0,0,111,27,1,30.529,26.891,22.135,1,1,0,0,0,0,0,0,17,17,0,0,0,0,0,0,0,0,0,0,0,0,0,0,0,0,0,1,69.99,17,1,3,0,0,1,0,1,8.549
973,7,2,0,1,0,1,1,0,0,0,100,51,2,0,0,0,7,0,0,0,0,0,0,1,33,33,0,0,0,0,0,0,0,47,33,55,13,0,0,0,0,0,0,0,0,11,1,2,0,1,0,0,0,0
974,2,2,0,1,19,3,0,0,1,0,69,51,2,0,0,0,5,0,0,0,0,1,0,0,5.5,9,3,0,0,1,13,2,14,0,0,0,0,1,1,0,0,0,0,0,0,15,1,4,0,0,0,1,0,0
975,15,1,1,0,22,2,0,1,0,0,83,49,2,0,0,0,5,0,0,0,0,1,0,0,7,7,2,0,1,0,13,1,14,0,0,0,0,4,0,0,0,1,0,0,0,13,1,4,0,0,0,1,1,7.509
976,10,1,1,0,23,3,0,0,1,0,113,19,2,0,0,0,5,0,0,0,0,1,0,0,8,9,3,0,0,1,13,2,15,0,0,0,0,4,0,0,0,1,0,0,0,14,1,2,0,1,0,0,0,0
977,10,2,0,1,28,2,0,1,0,0,65,48,1,23.207,25.372,17.111,2,0,1,0,0,0,0,0,15,15,0,0,0,0,0,0,0,0,0,0,0,0,0,0,0,0,0,1,69.99,15,1,2,0,1,0,0,0,0
978,13,1,1,0,0,1,1,0,0,0,52,20,1,30.994,33.337,18.54,4,0,0,0,1,0,0,0,7,8,3,0,0,1,13,1,14,0,0,0,0,4,0,0,0,1,0,0,0,20,1,2,0,1,0,0,0,0
979,3,1,1,0,0,1,1,0,0,0,63,40,1,37.647,24.894,18.778,2,0,1,0,0,0,0,0,13,13,0,0,0,0,0,0,0,0,0,0,0,0,0,0,0,0,0,1,69.99,13,1,1,1,0,0,0,0,0
980,6,2,0,1,0,1,1,0,0,0,84,58,2,0,0,0,7,0,0,0,0,0,0,1,33,33,0,0,0,0,0,0,0,48,33,55,13,0,0,0,0,0,0,0,0,16,1,1,1,0,0,0,1,5.05
981,0,1,1,0,32,3,0,0,1,0,58,57,2,0,0,0,4,0,0,0,1,0,0,0,5.5,9,3,0,0,1,13,2,15,0,0,0,0,1,1,0,0,0,0,0,0,15,1,4,0,0,0,1,0,0
982,5,2,0,1,31,2,0,1,0,0,114,24,1,33.651,24.196,26.033,6,0,0,0,0,0,1,0,16,8,3,0,0,1,13,1,14,0,0,0,0,3,0,0,1,0,0,0,0,16,1,4,0,0,0,1,0,0
983,10,2,0,1,0,1,1,0,0,0,90,43,1,15.619,31.337,15.34,6,0,0,0,0,0,1,0,16,8,3,0,0,1,13,1,15,0,0,0,0,3,0,0,1,0,0,0,0,14,1,2,0,1,0,0,0,0
984,11,2,0,1,0,1,1,0,0,0,117,22,2,0,0,0,3,0,0,1,0,0,0,0,20,20,0,0,0,0,0,0,0,0,0,0,0,0,0,0,0,0,0,1,69.99,20,1,1,1,0,0,0,0,0
985,0,2,0,1,14,4,0,0,0,1,104,56,1,14.515,28.886,23.032,6,0,0,0,0,0,1,0,19,6,1,1,0,0,13,1,14,0,0,0,0,4,0,0,0,1,0,0,0,14,1,2,0,1,0,0,1,4.967
986,14,2,0,1,23,3,0,0,1,0,43,32,2,0,0,0,6,0,0,0,0,0,1,0,17,7,1,1,0,0,13,2,14,0,0,0,0,3,0,0,1,0,0,0,0,17,1,3,0,0,1,0,0,0
987,8,2,0,1,5,4,0,0,0,1,110,32,1,11.044,37.953,22.809,7,0,0,0,0,0,0,1,33,33,0,0,0,0,0,0,0,45,33,55,13,0,0,0,0,0,0,0,0,14,1,3,0,0,1,0,1,7.46
988,5,1,1,0,0,1,1,0,0,0,89,51,2,0,0,0,1,1,0,0,0,0,0,0,11,11,0,0,0,0,0,0,0,0,0,0,0,0,0,0,0,0,0,1,69.99,11,1,3,0,0,1,0,1,8.232
989,0,2,0,1,8,2,0,1,0,0,64,20,2,0,0,0,7,0,0,0,0,0,0,1,33,33,0,0,0,0,0,0,0,47,33,55,13,0,0,0,0,0,0,0,0,15,1,4,0,0,0,1,0,0
990,9,1,1,0,5,2,0,1,0,0,39,44,2,0,0,0,1,1,0,0,0,0,0,0,14,14,0,0,0,0,0,0,0,0,0,0,0,0,0,0,0,0,0,1,69.99,14,1,2,0,1,0,0,1,4.188
991,6,1,1,0,30,2,0,1,0,0,101,18,2,0,0,0,2,0,1,0,0,0,0,0,11,11,0,0,0,0,0,0,0,0,0,0,0,0,0,0,0,0,0,1,69.99,11,1,3,0,0,1,0,0,0
992,5,2,0,1,8,3,0,0,1,0,100,50,2,0,0,0,6,0,0,0,0,0,1,0,20,7,1,1,0,0,13,2,15,0,0,0,0,4,0,0,0,1,0,0,0,15,1,2,0,1,0,0,0,0
993,11,1,1,0,10,2,0,1,0,0,36,54,1,12.932,37.625,15.59,6,0,0,0,0,0,1,0,11.5,7,2,0,1,0,13,1,15,0,0,0,0,1,1,0,0,0,0,0,0,18,1,1,1,0,0,0,1,6.467
994,11,2,0,1,17,3,0,0,1,0,76,40,1,27.632,31.578,14.654,1,1,0,0,0,0,0,0,14,14,0,0,0,0,0,0,0,0,0,0,0,0,0,0,0,0,0,1,69.99,14,1,1,1,0,0,0,0,0
995,8,2,0,1,0,1,1,0,0,0,95,49,2,0,0,0,1,1,0,0,0,0,0,0,15,15,0,0,0,0,0,0,0,0,0,0,0,0,0,0,0,0,0,1,69.99,15,1,2,0,1,0,0,1,5.208
996,5,2,0,1,0,1,1,0,0,0,99,43,1,25.15,25.9,12.069,5,0,0,0,0,1,0,0,6,6,1,1,0,0,13,1,15,0,0,0,0,3,0,0,1,0,0,0,0,20,1,2,0,1,0,0,1,8.161
997,8,2,0,1,10,4,0,0,0,1,118,56,1,18.516,38.075,21.576,2,0,1,0,0,0,0,0,15,15,0,0,0,0,0,0,0,0,0,0,0,0,0,0,0,0,0,1,69.99,15,1,4,0,0,0,1,0,0
998,2,1,1,0,0,2,0,1,0,0,109,41,2,0,0,0,6,0,0,0,0,0,1,0,14,7,1,1,0,0,13,2,14,0,0,0,0,2,0,1,0,0,0,0,0,19,1,1,1,0,0,0,1,5.09
999,4,2,0,1,0,1,1,0,0,0,95,54,1,37.108,30.487,15.563,3,0,0,1,0,0,0,0,20,20,0,0,0,0,0,0,0,0,0,0,0,0,0,0,0,0,0,1,69.99,20,1,1,1,0,0,0,1,4.658
1000,0,1,1,0,22,2,0,1,0,0,125,26,1,30.929,35.882,15.31,5,0,0,0,0,1,0,0,8,6,1,1,0,0,13,1,14,0,0,0,0,5,0,0,0,0,1,0,0,14,1,1,1,0,0,0,1,2.725
