1,5,1,1,0,0,1,1,0,0,0,44,19,1,24.86,28.323,22.441,6,0,0,0,0,0,1,0,12.5,9,3,0,0,1,13,2,14,0,0,0,0,1,1,0,0,0,0,0,0,16,1,3,0,0,1,0,0,0,7.5,807.184,55.5,121.981134417282
2,4,2,0,1,6,4,0,0,0,1,92,37,1,26.229,35.977,13.617,2,0,1,0,0,0,0,0,14,14,0,0,0,0,0,0,0,0,0,0,0,0,0,0,0,0,0,1,69.99,14,1,3,0,0,1,0,0,0,10,102.61069925155,112,169.095178303418
3,4,1,1,0,14,2,0,1,0,0,131,47,1,31.244,34.925,25.688,6,0,0,0,0,0,1,0,16,7,2,0,1,0,13,1,15,0,0,0,0,3,0,0,1,0,0,0,0,13,1,1,1,0,0,0,1,4.524,12,3287.58,147.524,166.410127624493
4,13,1,1,0,31,3,0,0,1,0,47,22,1,15.03,36.587,16.419,7,0,0,0,0,0,0,1,33,33,0,0,0,0,0,0,0,46,33,55,13,0,0,0,0,0,0,0,0,11,1,4,0,0,0,1,1,5.61,20,0,87,56.9647620994547
5,11,1,1,0,8,3,0,0,1,0,68,44,1,32.248,30.962,14.461,7,0,0,0,0,0,0,1,33,33,0,0,0,0,0,0,0,46,33,55,13,0,0,0,0,0,0,0,0,15,1,3,0,0,1,0,0,0,22,0,112,144.798005388087
6,14,1,1,0,7,3,0,0,1,0,127,21,1,32.323,29.824,24.357,6,0,0,0,0,0,1,0,16,7,2,0,1,0,13,1,14,0,0,0,0,3,0,0,1,0,0,0,0,12,1,4,0,0,0,1,1,3.675,2,2396.408,132.675,145.119592754572
7,4,2,0,1,30,3,0,0,1,0,59,31,1,20.709,23.528,28.888,5,0,0,0,0,1,0,0,6,6,1,1,0,0,13,1,15,0,0,0,0,3,0,0,1,0,0,0,0,15,1,3,0,0,1,0,0,0,2,1530,63,189.971701625923
8,14,1,1,0,2,4,0,0,0,1,34,19,2,0,0,0,2,0,1,0,0,0,0,0,19,19,0,0,0,0,0,0,0,0,0,0,0,0,0,0,0,0,0,1,69.99,19,1,4,0,0,0,1,0,0,5,139.257377555675,44,40.6819706536935
9,15,2,0,1,0,1,1,0,0,0,77,22,1,13.931,25.76,13.667,6,0,0,0,0,0,1,0,22,7,2,0,1,0,13,1,14,0,0,0,0,5,0,0,0,0,1,0,0,11,1,1,1,0,0,0,0,0,7,637.224,84,109.343495462693
10,9,2,0,1,11,3,0,0,1,0,40,44,2,0,0,0,4,0,0,0,1,0,0,0,8,8,3,0,0,1,13,1,14,0,0,0,0,5,0,0,0,0,1,0,0,19,1,1,1,0,0,0,1,8.708,0,0,48.708,104.098363406924
11,10,1,1,0,0,1,1,0,0,0,41,57,2,0,0,0,3,0,0,1,0,0,0,0,11,11,0,0,0,0,0,0,0,0,0,0,0,0,0,0,0,0,0,1,69.99,11,1,4,0,0,0,1,1,5.597,1,107.496923025433,47.597,123.386897287927
12,8,1,1,0,0,1,1,0,0,0,92,49,2,0,0,0,1,1,0,0,0,0,0,0,20,20,0,0,0,0,0,0,0,0,0,0,0,0,0,0,0,0,0,1,69.99,20,1,2,0,1,0,0,0,0,12,97.7244754776665,116,151.855194181826
13,0,1,1,0,32,4,0,0,0,1,122,29,1,21.843,28.973,18.561,5,0,0,0,0,1,0,0,6,7,2,0,1,0,13,1,15,0,0,0,0,3,0,0,1,0,0,0,0,13,1,4,0,0,0,1,1,2.846,6,3660,135,178.319094101594
14,9,2,0,1,0,1,1,0,0,0,55,28,2,0,0,0,3,0,0,1,0,0,0,0,17,17,0,0,0,0,0,0,0,0,0,0,0,0,0,0,0,0,0,1,69.99,17,1,1,1,0,0,0,1,6.306,8,166.131608312033,71,85.7029754442633
15,9,1,1,0,0,4,0,0,0,1,52,39,2,0,0,0,4,0,0,0,1,0,0,0,6,6,1,1,0,0,13,1,14,0,0,0,0,3,0,0,1,0,0,0,0,20,1,1,1,0,0,0,1,6.392,0,0,58.392,88.8742125928551
16,5,1,1,0,22,3,0,0,1,0,85,35,1,33.476,33.765,28.733,4,0,0,0,1,0,0,0,9,8,2,0,1,0,13,2,15,0,0,0,0,5,0,0,0,0,1,0,0,16,1,2,0,1,0,0,0,0,4,0,92,147.271857460956
17,12,2,0,1,16,4,0,0,0,1,43,21,2,0,0,0,3,0,0,1,0,0,0,0,16,16,0,0,0,0,0,0,0,0,0,0,0,0,0,0,0,0,0,1,69.99,16,1,3,0,0,1,0,0,0,4,156.359160764266,51,78.9858141400588
18,12,1,1,0,33,4,0,0,0,1,39,37,2,0,0,0,6,0,0,0,0,0,1,0,23,9,3,0,0,1,13,2,15,0,0,0,0,5,0,0,0,0,1,0,0,17,1,1,1,0,0,0,0,0,11,-234.84,50,83.6002392341075
19,9,1,1,0,20,2,0,1,0,0,51,20,1,30.09,30.719,20.64,4,0,0,0,1,0,0,0,5.5,9,3,0,0,1,13,2,15,0,0,0,0,1,1,0,0,0,0,0,0,20,1,2,0,1,0,0,0,0,0,0,51,61.8546683767685
20,8,1,1,0,23,4,0,0,0,1,85,49,1,38.102,25.221,27.789,7,0,0,0,0,0,0,1,33,33,0,0,0,0,0,0,0,45,33,55,13,0,0,0,0,0,0,0,0,16,1,1,1,0,0,0,0,0,25,0,135,143.61754767437
21,1,2,0,1,19,4,0,0,0,1,129,18,2,0,0,0,1,1,0,0,0,0,0,0,15,15,0,0,0,0,0,0,0,0,0,0,0,0,0,0,0,0,0,1,69.99,15,1,3,0,0,1,0,1,7.165,14,73.2933566082499,157,169.536757673025
22,14,2,0,1,29,4,0,0,0,1,90,22,1,33.357,33.551,14.473,2,0,1,0,0,0,0,0,18,18,0,0,0,0,0,0,0,0,0,0,0,0,0,0,0,0,0,1,69.99,18,1,1,1,0,0,0,1,2.163,4,131.92804189485,98,106.620823482095
23,12,2,0,1,0,1,1,0,0,0,56,45,2,0,0,0,6,0,0,0,0,0,1,0,11.5,6,1,1,0,0,13,1,15,0,0,0,0,1,1,0,0,0,0,0,0,13,1,1,1,0,0,0,1,2.166,0,840,58.166,111.392475311396
24,15,2,0,1,10,3,0,0,1,0,52,23,1,28.876,31.805,14.621,4,0,0,0,1,0,0,0,6,8,2,0,1,0,13,2,14,0,0,0,0,2,0,1,0,0,0,0,0,15,1,4,0,0,0,1,1,3.944,0,0,55.944,121.582131723238
25,7,1,1,0,6,2,0,1,0,0,46,38,2,0,0,0,1,1,0,0,0,0,0,0,12,12,0,0,0,0,0,0,0,0,0,0,0,0,0,0,0,0,0,1,69.99,12,1,4,0,0,0,1,1,3.322,5,58.6346852865999,56,52.3038434863653
26,1,1,1,0,28,2,0,1,0,0,122,26,2,0,0,0,1,1,0,0,0,0,0,0,11,11,0,0,0,0,0,0,0,0,0,0,0,0,0,0,0,0,0,1,69.99,11,1,4,0,0,0,1,0,0,10,53.7484615127166,142,105.63941307387
27,13,2,0,1,29,3,0,0,1,0,93,17,2,0,0,0,2,0,1,0,0,0,0,0,12,12,0,0,0,0,0,0,0,0,0,0,0,0,0,0,0,0,0,1,69.99,12,1,3,0,0,1,0,1,7.334,0,87.9520279298998,100.334,113.897344599155
28,4,2,0,1,24,3,0,0,1,0,91,32,2,0,0,0,5,0,0,0,0,1,0,0,5.5,9,3,0,0,1,13,2,15,0,0,0,0,1,1,0,0,0,0,0,0,16,1,3,0,0,1,0,0,0,1.5,2490,97.5,231.48335754807
29,13,2,0,1,8,2,0,1,0,0,120,32,2,0,0,0,3,0,0,1,0,0,0,0,17,17,0,0,0,0,0,0,0,0,0,0,0,0,0,0,0,0,0,1,69.99,17,1,3,0,0,1,0,1,8.092,4,166.131608312033,132.092,116.035080482396
30,12,1,1,0,5,4,0,0,0,1,59,43,2,0,0,0,2,0,1,0,0,0,0,0,16,16,0,0,0,0,0,0,0,0,0,0,0,0,0,0,0,0,0,1,69.99,16,1,1,1,0,0,0,0,0,4,117.2693705732,67,79.6115569499806
31,0,1,1,0,27,2,0,1,0,0,48,53,2,0,0,0,1,1,0,0,0,0,0,0,18,18,0,0,0,0,0,0,0,0,0,0,0,0,0,0,0,0,0,1,69.99,18,1,3,0,0,1,0,1,8.044,18,87.9520279298998,84,148.911530459096
32,15,1,1,0,11,3,0,0,1,0,49,56,2,0,0,0,2,0,1,0,0,0,0,0,18,18,0,0,0,0,0,0,0,0,0,0,0,0,0,0,0,0,0,1,69.99,18,1,4,0,0,0,1,1,5.467,3,131.92804189485,57.467,120.492907070029
33,13,1,1,0,0,1,1,0,0,0,113,17,2,0,0,0,6,0,0,0,0,0,1,0,19,8,3,0,0,1,13,1,15,0,0,0,0,4,0,0,0,1,0,0,0,20,1,4,0,0,0,1,0,0,6,2087.58,119,132.711157269169
34,11,1,1,0,28,4,0,0,0,1,59,27,2,0,0,0,3,0,0,1,0,0,0,0,18,18,0,0,0,0,0,0,0,0,0,0,0,0,0,0,0,0,0,1,69.99,18,1,4,0,0,0,1,1,3.522,7,175.9040558598,73,70.5388190311099
35,1,1,1,0,0,1,1,0,0,0,54,56,2,0,0,0,4,0,0,0,1,0,0,0,5,8,3,0,0,1,13,1,14,0,0,0,0,2,0,1,0,0,0,0,0,19,1,3,0,0,1,0,1,4.815,4,0,65,218.20644087349
36,0,1,1,0,33,4,0,0,0,1,65,44,1,19.39,27.948,24.021,3,0,0,1,0,0,0,0,16,16,0,0,0,0,0,0,0,0,0,0,0,0,0,0,0,0,0,1,69.99,16,1,1,1,0,0,0,0,0,16,156.359160764266,97,106.512910015641
37,6,1,1,0,0,1,1,0,0,0,115,56,2,0,0,0,7,0,0,0,0,0,0,1,33,33,0,0,0,0,0,0,0,45,33,55,13,0,0,0,0,0,0,0,0,13,1,4,0,0,0,1,1,6.648,27,0,169,175.589071249706
38,8,2,0,1,22,3,0,0,1,0,50,37,1,13.946,28.046,19.826,6,0,0,0,0,0,1,0,14,8,2,0,1,0,13,2,14,0,0,0,0,2,0,1,0,0,0,0,0,13,1,3,0,0,1,0,1,4.227,6,728,60.227,177.981134417282
39,9,1,1,0,0,1,1,0,0,0,124,45,2,0,0,0,4,0,0,0,1,0,0,0,6,7,2,0,1,0,13,1,15,0,0,0,0,3,0,0,1,0,0,0,0,16,1,4,0,0,0,1,0,0,0,0,124,200.441180121057
40,5,1,1,0,14,4,0,0,0,1,79,40,2,0,0,0,3,0,0,1,0,0,0,0,11,11,0,0,0,0,0,0,0,0,0,0,0,0,0,0,0,0,0,1,69.99,11,1,2,0,1,0,0,1,2.553,6,107.496923025433,91,121.165176515367
41,3,1,1,0,17,2,0,1,0,0,110,28,1,20.27,32.838,23.231,3,0,0,1,0,0,0,0,17,17,0,0,0,0,0,0,0,0,0,0,0,0,0,0,0,0,0,1,69.99,17,1,2,0,1,0,0,1,4.72,14,166.131608312033,138,140.811931312655
42,8,2,0,1,5,4,0,0,0,1,111,22,1,39.395,24.407,23.537,2,0,1,0,0,0,0,0,15,15,0,0,0,0,0,0,0,0,0,0,0,0,0,0,0,0,0,1,69.99,15,1,2,0,1,0,0,1,7.983,7,109.940034912375,125.983,141.3071699844
43,15,2,0,1,25,2,0,1,0,0,37,37,2,0,0,0,7,0,0,0,0,0,0,1,33,33,0,0,0,0,0,0,0,48,33,55,13,0,0,0,0,0,0,0,0,16,1,1,1,0,0,0,0,0,18,0,73,81.8413098624405
44,14,1,1,0,13,2,0,1,0,0,125,19,2,0,0,0,7,0,0,0,0,0,0,1,33,33,0,0,0,0,0,0,0,48,33,55,13,0,0,0,0,0,0,0,0,17,1,4,0,0,0,1,0,0,19,0,163,78.8848535070048
45,12,2,0,1,20,4,0,0,0,1,65,47,1,28.576,37.676,27.536,3,0,0,1,0,0,0,0,12,12,0,0,0,0,0,0,0,0,0,0,0,0,0,0,0,0,0,1,69.99,12,1,2,0,1,0,0,0,0,0,117.2693705732,65,131.228807812919
46,4,1,1,0,28,3,0,0,1,0,129,47,2,0,0,0,3,0,0,1,0,0,0,0,12,12,0,0,0,0,0,0,0,0,0,0,0,0,0,0,0,0,0,1,69.99,12,1,4,0,0,0,1,0,0,8,117.2693705732,145,148.086408182819
47,9,2,0,1,30,4,0,0,0,1,129,19,2,0,0,0,6,0,0,0,0,0,1,0,13,7,2,0,1,0,13,1,14,0,0,0,0,2,0,1,0,0,0,0,0,20,1,1,1,0,0,0,0,0,4,2884,133,148.922798791857
48,5,2,0,1,11,4,0,0,0,1,40,44,2,0,0,0,7,0,0,0,0,0,0,1,33,33,0,0,0,0,0,0,0,47,33,55,13,0,0,0,0,0,0,0,0,11,1,3,0,0,1,0,1,6.49,28,0,96,145.042177427013
49,1,1,1,0,30,3,0,0,1,0,78,23,2,0,0,0,6,0,0,0,0,0,1,0,22,8,3,0,0,1,13,1,15,0,0,0,0,5,0,0,0,0,1,0,0,14,1,3,0,0,1,0,0,0,21,1595.16,106,184.8401828151
50,15,1,1,0,9,3,0,0,1,0,60,55,2,0,0,0,2,0,1,0,0,0,0,0,19,19,0,0,0,0,0,0,0,0,0,0,0,0,0,0,0,0,0,1,69.99,19,1,3,0,0,1,0,0,0,4,139.257377555675,68,136.819706536935
51,3,2,0,1,27,2,0,1,0,0,119,27,2,0,0,0,2,0,1,0,0,0,0,0,18,18,0,0,0,0,0,0,0,0,0,0,0,0,0,0,0,0,0,1,69.99,18,1,2,0,1,0,0,0,0,15,131.92804189485,149,158.483437620466
52,15,2,0,1,19,3,0,0,1,0,70,55,2,0,0,0,7,0,0,0,0,0,0,1,33,33,0,0,0,0,0,0,0,45,33,55,13,0,0,0,0,0,0,0,0,15,1,4,0,0,0,1,0,0,18,0,106,154.694784951342
53,13,2,0,1,0,1,1,0,0,0,124,47,1,28.541,35.982,12.381,3,0,0,1,0,0,0,0,14,14,0,0,0,0,0,0,0,0,0,0,0,0,0,0,0,0,0,1,69.99,14,1,2,0,1,0,0,1,5.094,1,136.814265668733,130.094,172.975283887612
54,0,2,0,1,0,2,0,1,0,0,37,32,1,11.893,23.48,19.158,5,0,0,0,0,1,0,0,4.5,7,2,0,1,0,13,1,14,0,0,0,0,1,1,0,0,0,0,0,0,13,1,1,1,0,0,0,1,6.487,4.5,1036,48.5,48.5
55,14,1,1,0,10,4,0,0,0,1,107,16,2,0,0,0,7,0,0,0,0,0,0,1,33,33,0,0,0,0,0,0,0,46,33,55,13,0,0,0,0,0,0,0,0,13,1,1,1,0,0,0,1,6.49,19,0,145,145.880087743324
56,12,1,1,0,33,4,0,0,0,1,52,21,2,0,0,0,1,1,0,0,0,0,0,0,16,16,0,0,0,0,0,0,0,0,0,0,0,0,0,0,0,0,0,1,69.99,16,1,1,1,0,0,0,1,2.72,4,78.1795803821332,60,63.5688603012513
57,5,1,1,0,17,2,0,1,0,0,106,36,1,17.118,26.793,25.035,3,0,0,1,0,0,0,0,15,15,0,0,0,0,0,0,0,0,0,0,0,0,0,0,0,0,0,1,69.99,15,1,4,0,0,0,1,1,2.589,10,146.5867132165,126,114.911530459096
58,8,1,1,0,0,1,1,0,0,0,54,27,2,0,0,0,4,0,0,0,1,0,0,0,7,9,3,0,0,1,13,2,14,0,0,0,0,3,0,0,1,0,0,0,0,16,1,4,0,0,0,1,1,3.426,0,0,57.426,119.460045703775
59,0,1,1,0,18,2,0,1,0,0,128,47,1,21.853,23.581,12.286,3,0,0,1,0,0,0,0,20,20,0,0,0,0,0,0,0,0,0,0,0,0,0,0,0,0,0,1,69.99,20,1,1,1,0,0,0,1,4.162,20,195.448950955333,168,174.450566063857
60,13,2,0,1,16,2,0,1,0,0,99,31,2,0,0,0,4,0,0,0,1,0,0,0,9,8,2,0,1,0,13,2,14,0,0,0,0,5,0,0,0,0,1,0,0,17,1,1,1,0,0,0,0,0,0,0,99,99
61,11,2,0,1,6,4,0,0,0,1,67,32,1,27.288,37.393,12.506,1,1,0,0,0,0,0,0,14,14,0,0,0,0,0,0,0,0,0,0,0,0,0,0,0,0,0,1,69.99,14,1,3,0,0,1,0,0,0,3,68.4071328343665,73,124.229559805403
62,11,2,0,1,6,3,0,0,1,0,73,52,1,35.574,27.499,16.763,5,0,0,0,0,1,0,0,8,9,3,0,0,1,13,2,15,0,0,0,0,4,0,0,0,1,0,0,0,16,1,3,0,0,1,0,1,4.667,0,1530,77.667,231.971701625923
63,0,1,1,0,27,3,0,0,1,0,66,16,1,30.714,29.258,15.171,2,0,1,0,0,0,0,0,13,13,0,0,0,0,0,0,0,0,0,0,0,0,0,0,0,0,0,1,69.99,13,1,1,1,0,0,0,1,8.476,13,95.2813635907248,92,93.38094023943
64,8,2,0,1,15,3,0,0,1,0,80,41,1,32.103,27.327,19.654,6,0,0,0,0,0,1,0,22,7,2,0,1,0,13,1,14,0,0,0,0,5,0,0,0,0,1,0,0,17,1,4,0,0,0,1,0,0,14,1113.224,94,183.511655922148
65,14,1,1,0,11,2,0,1,0,0,50,23,2,0,0,0,2,0,1,0,0,0,0,0,20,20,0,0,0,0,0,0,0,0,0,0,0,0,0,0,0,0,0,1,69.99,20,1,2,0,1,0,0,0,0,6,146.5867132165,62,66.1286624694618
66,11,1,1,0,2,2,0,1,0,0,124,57,1,37.987,30.011,22.985,6,0,0,0,0,0,1,0,22,8,3,0,0,1,13,1,14,0,0,0,0,5,0,0,0,0,1,0,0,19,1,4,0,0,0,1,0,0,11,2216.816,135,133.971701625923
67,13,1,1,0,33,2,0,1,0,0,105,25,2,0,0,0,6,0,0,0,0,0,1,0,11.5,6,1,1,0,0,13,1,15,0,0,0,0,1,1,0,0,0,0,0,0,15,1,2,0,1,0,0,1,6.127,0,2250,111.127,146.199213845356
68,10,1,1,0,0,1,1,0,0,0,107,19,2,0,0,0,2,0,1,0,0,0,0,0,18,18,0,0,0,0,0,0,0,0,0,0,0,0,0,0,0,0,0,1,69.99,18,1,2,0,1,0,0,0,0,8,131.92804189485,123,128.73616430514
69,7,2,0,1,6,4,0,0,0,1,85,44,2,0,0,0,3,0,0,1,0,0,0,0,11,11,0,0,0,0,0,0,0,0,0,0,0,0,0,0,0,0,0,1,69.99,11,1,4,0,0,0,1,1,3.703,4,107.496923025433,93,139.736652735373
70,1,2,0,1,19,3,0,0,1,0,89,18,2,0,0,0,7,0,0,0,0,0,0,1,33,33,0,0,0,0,0,0,0,47,33,55,13,0,0,0,0,0,0,0,0,17,1,2,0,1,0,0,1,7.544,32,0,153,162.926363735278
71,14,2,0,1,0,2,0,1,0,0,39,54,1,16.314,31.805,29.185,4,0,0,0,1,0,0,0,7,6,1,1,0,0,13,1,15,0,0,0,0,4,0,0,0,1,0,0,0,19,1,1,1,0,0,0,0,0,0,0,39,39
72,7,1,1,0,0,1,1,0,0,0,53,50,2,0,0,0,6,0,0,0,0,0,1,0,16,8,3,0,0,1,13,1,15,0,0,0,0,3,0,0,1,0,0,0,0,19,1,2,0,1,0,0,1,4.897,9,810,66.897,159.687847405493
73,9,1,1,0,6,2,0,1,0,0,56,49,1,32.587,23.094,13.183,2,0,1,0,0,0,0,0,11,11,0,0,0,0,0,0,0,0,0,0,0,0,0,0,0,0,0,1,69.99,11,1,2,0,1,0,0,0,0,2,80.6226922690748,60,77.4661216274573
74,8,1,1,0,0,1,1,0,0,0,87,24,1,17.113,25.594,16.956,5,0,0,0,0,1,0,0,6,9,3,0,0,1,13,2,15,0,0,0,0,2,0,1,0,0,0,0,0,20,1,4,0,0,0,1,0,0,0,2130,88,136.833243288632
75,7,1,1,0,5,3,0,0,1,0,38,32,1,12.258,38.45,26.948,1,1,0,0,0,0,0,0,15,15,0,0,0,0,0,0,0,0,0,0,0,0,0,0,0,0,0,1,69.99,15,1,1,1,0,0,0,1,2.875,8,73.2933566082499,54,62.7694193059009
76,0,1,1,0,2,2,0,1,0,0,74,22,2,0,0,0,4,0,0,0,1,0,0,0,6,8,3,0,0,1,13,1,14,0,0,0,0,3,0,0,1,0,0,0,0,11,1,4,0,0,0,1,0,0,6,0,88,81.6853521599831
77,11,2,0,1,22,2,0,1,0,0,90,58,2,0,0,0,6,0,0,0,0,0,1,0,13,7,2,0,1,0,13,1,15,0,0,0,0,2,0,1,0,0,0,0,0,18,1,4,0,0,0,1,1,8.628,2,1800,100.628,202.981134417282
78,0,2,0,1,0,3,0,0,1,0,40,20,1,25.22,26.632,29.289,5,0,0,0,0,1,0,0,5,6,1,1,0,0,13,1,15,0,0,0,0,2,0,1,0,0,0,0,0,14,1,1,1,0,0,0,0,0,5,1200,51,86.6083136886985
79,7,1,1,0,32,3,0,0,1,0,84,23,2,0,0,0,6,0,0,0,0,0,1,0,19,8,3,0,0,1,13,1,15,0,0,0,0,4,0,0,0,1,0,0,0,18,1,4,0,0,0,1,1,4.183,12,1577.58,100.183,134.215873664849
80,10,2,0,1,13,2,0,1,0,0,86,54,1,25.225,26.534,24.939,6,0,0,0,0,0,1,0,16,6,1,1,0,0,13,1,15,0,0,0,0,3,0,0,1,0,0,0,0,16,1,2,0,1,0,0,1,7.105,6,1535.16,99.105,120.759268898913
81,9,2,0,1,0,1,1,0,0,0,63,57,1,36.633,28.45,13.531,3,0,0,1,0,0,0,0,12,12,0,0,0,0,0,0,0,0,0,0,0,0,0,0,0,0,0,1,69.99,12,1,3,0,0,1,0,0,0,3,117.2693705732,69,174.229559805403
82,15,2,0,1,4,2,0,1,0,0,71,25,1,23.741,25.924,22.179,4,0,0,0,1,0,0,0,5,8,3,0,0,1,13,1,14,0,0,0,0,2,0,1,0,0,0,0,0,12,1,3,0,0,1,0,1,6.653,0,0,77.653,89.6243091502515
83,2,2,0,1,2,2,0,1,0,0,42,46,1,28.496,31.29,20.664,3,0,0,1,0,0,0,0,13,13,0,0,0,0,0,0,0,0,0,0,0,0,0,0,0,0,0,1,69.99,13,1,1,1,0,0,0,1,7.741,11,127.041818120966,64,64
84,14,2,0,1,0,1,1,0,0,0,71,56,1,12.537,32.418,22.99,4,0,0,0,1,0,0,0,6,9,3,0,0,1,13,2,15,0,0,0,0,2,0,1,0,0,0,0,0,12,1,4,0,0,0,1,1,5.335,0,0,76.335,203.546893822693
85,11,2,0,1,15,2,0,1,0,0,40,37,2,0,0,0,5,0,0,0,0,1,0,0,9,8,2,0,1,0,13,2,14,0,0,0,0,5,0,0,0,0,1,0,0,13,1,4,0,0,0,1,1,3.201,0,504,43.201,62.112653228104
86,14,1,1,0,18,2,0,1,0,0,82,34,2,0,0,0,1,1,0,0,0,0,0,0,16,16,0,0,0,0,0,0,0,0,0,0,0,0,0,0,0,0,0,1,69.99,16,1,3,0,0,1,0,0,0,2,78.1795803821332,86,82.275471766483
87,8,1,1,0,9,3,0,0,1,0,103,18,1,33.312,24.009,24.636,1,1,0,0,0,0,0,0,16,16,0,0,0,0,0,0,0,0,0,0,0,0,0,0,0,0,0,1,69.99,16,1,1,1,0,0,0,0,0,8,78.1795803821332,119,120.353645561736
88,11,1,1,0,0,1,1,0,0,0,121,48,2,0,0,0,4,0,0,0,1,0,0,0,6,6,1,1,0,0,13,1,15,0,0,0,0,3,0,0,1,0,0,0,0,11,1,3,0,0,1,0,0,0,0,0,121,263.239185509144
89,1,1,1,0,0,1,1,0,0,0,106,28,2,0,0,0,5,0,0,0,0,1,0,0,5,8,3,0,0,1,13,1,14,0,0,0,0,2,0,1,0,0,0,0,0,19,1,1,1,0,0,0,1,6.943,4,2912,117,129.711217710728
90,10,1,1,0,26,2,0,1,0,0,105,25,2,0,0,0,5,0,0,0,0,1,0,0,6,8,3,0,0,1,13,1,14,0,0,0,0,3,0,0,1,0,0,0,0,19,1,3,0,0,1,0,0,0,0,2380,105,196.952836043204
91,10,1,1,0,22,3,0,0,1,0,113,52,1,14.75,27.604,22.586,5,0,0,0,0,1,0,0,9,9,3,0,0,1,13,2,14,0,0,0,0,5,0,0,0,0,1,0,0,12,1,1,1,0,0,0,0,0,0,2604,113,138.452157801892
92,15,2,0,1,17,2,0,1,0,0,130,36,1,13.322,31.086,12.443,7,0,0,0,0,0,0,1,33,33,0,0,0,0,0,0,0,48,33,55,13,0,0,0,0,0,0,0,0,11,1,4,0,0,0,1,0,0,18,0,166,133.736962378356
93,9,1,1,0,24,3,0,0,1,0,123,53,2,0,0,0,6,0,0,0,0,0,1,0,12.5,8,2,0,1,0,13,2,15,0,0,0,0,1,1,0,0,0,0,0,0,15,1,3,0,0,1,0,0,0,3.5,3012.42,126.5,280.647620994547
94,13,1,1,0,25,3,0,0,1,0,108,23,1,13.112,34.41,25.486,7,0,0,0,0,0,0,1,33,33,0,0,0,0,0,0,0,48,33,55,13,0,0,0,0,0,0,0,0,19,1,2,0,1,0,0,1,4.561,20,0,148,154.983870128475
95,6,2,0,1,0,1,1,0,0,0,118,40,2,0,0,0,7,0,0,0,0,0,0,1,33,33,0,0,0,0,0,0,0,46,33,55,13,0,0,0,0,0,0,0,0,18,1,1,1,0,0,0,1,2.284,27,0,172,182.164760587771
96,6,1,1,0,4,2,0,1,0,0,112,21,1,16.863,36.732,26.992,2,0,1,0,0,0,0,0,13,13,0,0,0,0,0,0,0,0,0,0,0,0,0,0,0,0,0,1,69.99,13,1,2,0,1,0,0,1,4.284,7,95.2813635907248,126,127.738013136263
97,12,2,0,1,32,4,0,0,0,1,132,22,2,0,0,0,7,0,0,0,0,0,0,1,33,33,0,0,0,0,0,0,0,45,33,55,13,0,0,0,0,0,0,0,0,18,1,2,0,1,0,0,0,0,21,0,174,185.396871602517
98,2,1,1,0,6,2,0,1,0,0,95,35,2,0,0,0,7,0,0,0,0,0,0,1,33,33,0,0,0,0,0,0,0,47,33,55,13,0,0,0,0,0,0,0,0,15,1,1,1,0,0,0,1,4.762,31,0,157,157
99,3,1,1,0,17,2,0,1,0,0,47,45,2,0,0,0,6,0,0,0,0,0,1,0,23,9,3,0,0,1,13,2,15,0,0,0,0,5,0,0,0,0,1,0,0,18,1,3,0,0,1,0,0,0,20,545.16,73,110.624309150252
100,14,2,0,1,17,2,0,1,0,0,100,56,2,0,0,0,7,0,0,0,0,0,0,1,33,33,0,0,0,0,0,0,0,47,33,55,13,0,0,0,0,0,0,0,0,13,1,2,0,1,0,0,1,3.649,19,0,138,177.730132504311
101,11,2,0,1,18,3,0,0,1,0,40,34,1,32.363,30.355,26.811,5,0,0,0,0,1,0,0,8,7,2,0,1,0,13,1,14,0,0,0,0,5,0,0,0,0,1,0,0,14,1,1,1,0,0,0,0,0,0,504,40,91.2359578236563
102,7,2,0,1,21,2,0,1,0,0,63,30,2,0,0,0,6,0,0,0,0,0,1,0,23,8,2,0,1,0,13,2,15,0,0,0,0,5,0,0,0,0,1,0,0,15,1,4,0,0,0,1,0,0,16,742.74,80,75.2511115653942
103,13,2,0,1,11,2,0,1,0,0,45,45,1,24.181,31.372,12.304,4,0,0,0,1,0,0,0,6,8,2,0,1,0,13,2,14,0,0,0,0,2,0,1,0,0,0,0,0,16,1,3,0,0,1,0,1,7.876,0,0,52.876,82.4600457037751
104,1,1,1,0,25,2,0,1,0,0,70,46,2,0,0,0,7,0,0,0,0,0,0,1,33,33,0,0,0,0,0,0,0,46,33,55,13,0,0,0,0,0,0,0,0,14,1,4,0,0,0,1,1,8.118,32,0,134,133.981134417282
105,9,2,0,1,0,1,1,0,0,0,38,46,2,0,0,0,6,0,0,0,0,0,1,0,14,8,2,0,1,0,13,2,14,0,0,0,0,2,0,1,0,0,0,0,0,15,1,1,1,0,0,0,1,2.66,5,336,45.66,104.502801876313
106,7,2,0,1,22,2,0,1,0,0,101,55,2,0,0,0,6,0,0,0,0,0,1,0,22,6,1,1,0,0,13,1,14,0,0,0,0,5,0,0,0,0,1,0,0,12,1,2,0,1,0,0,0,0,15,1717.632,116,191.206694443474
107,14,2,0,1,12,4,0,0,0,1,44,54,1,25.859,37.269,25.159,5,0,0,0,0,1,0,0,7,8,3,0,0,1,13,1,15,0,0,0,0,4,0,0,0,1,0,0,0,12,1,4,0,0,0,1,0,0,0,480,44,182.877913980537
108,12,2,0,1,0,1,1,0,0,0,70,40,1,39.54,27.356,18.932,7,0,0,0,0,0,0,1,33,33,0,0,0,0,0,0,0,45,33,55,13,0,0,0,0,0,0,0,0,14,1,4,0,0,0,1,0,0,21,0,112,128.399002694044
109,15,2,0,1,27,3,0,0,1,0,118,34,2,0,0,0,3,0,0,1,0,0,0,0,14,14,0,0,0,0,0,0,0,0,0,0,0,0,0,0,0,0,0,1,69.99,14,1,3,0,0,1,0,0,0,0,136.814265668733,118,166.671139175009
110,9,1,1,0,0,1,1,0,0,0,69,55,2,0,0,0,3,0,0,1,0,0,0,0,14,14,0,0,0,0,0,0,0,0,0,0,0,0,0,0,0,0,0,1,69.99,14,1,2,0,1,0,0,1,4.482,5,136.814265668733,79,135.428948161019
111,13,1,1,0,0,1,1,0,0,0,66,51,2,0,0,0,5,0,0,0,0,1,0,0,6,6,1,1,0,0,13,1,15,0,0,0,0,3,0,0,1,0,0,0,0,20,1,4,0,0,0,1,0,0,0,1200,66,171.694784951342
112,3,2,0,1,32,3,0,0,1,0,59,26,1,27.757,37.755,27.411,1,1,0,0,0,0,0,0,14,14,0,0,0,0,0,0,0,0,0,0,0,0,0,0,0,0,0,1,69.99,14,1,3,0,0,1,0,1,5.282,11,68.4071328343665,81,119.381481548585
113,15,2,0,1,23,4,0,0,0,1,112,18,2,0,0,0,3,0,0,1,0,0,0,0,19,19,0,0,0,0,0,0,0,0,0,0,0,0,0,0,0,0,0,1,69.99,19,1,4,0,0,0,1,1,6.175,4,185.676503407566,122.175,92.6535989338112
114,5,1,1,0,25,2,0,1,0,0,63,43,1,27.992,35.549,15.094,5,0,0,0,0,1,0,0,7,9,3,0,0,1,13,2,15,0,0,0,0,3,0,0,1,0,0,0,0,13,1,3,0,0,1,0,1,4.988,2,1590,69.988,123.441180121057
115,6,1,1,0,8,2,0,1,0,0,47,41,2,0,0,0,7,0,0,0,0,0,0,1,33,33,0,0,0,0,0,0,0,46,33,55,13,0,0,0,0,0,0,0,0,15,1,4,0,0,0,1,0,0,27,0,101,62.6079368324244
116,3,1,1,0,19,3,0,0,1,0,82,30,2,0,0,0,7,0,0,0,0,0,0,1,33,33,0,0,0,0,0,0,0,48,33,55,13,0,0,0,0,0,0,0,0,11,1,1,1,0,0,0,1,7.441,30,0,142,145.134420452214
117,13,1,1,0,23,3,0,0,1,0,128,25,2,0,0,0,5,0,0,0,0,1,0,0,7,8,2,0,1,0,13,2,15,0,0,0,0,3,0,0,1,0,0,0,0,11,1,1,1,0,0,0,1,2.173,0,3060,130.173,141.315285546186
118,5,1,1,0,8,2,0,1,0,0,73,37,1,22.837,32.973,22.572,5,0,0,0,0,1,0,0,6,7,1,1,0,0,13,2,15,0,0,0,0,2,0,1,0,0,0,0,0,14,1,4,0,0,0,1,1,7.284,1,1890,81.284,90.894286298364
119,9,1,1,0,5,2,0,1,0,0,98,55,2,0,0,0,4,0,0,0,1,0,0,0,8,6,1,1,0,0,13,1,14,0,0,0,0,5,0,0,0,0,1,0,0,15,1,3,0,0,1,0,0,0,0,0,98,167.779139805369
120,11,1,1,0,0,1,1,0,0,0,66,39,1,39.76,34.164,19.826,5,0,0,0,0,1,0,0,7,9,3,0,0,1,13,2,14,0,0,0,0,3,0,0,1,0,0,0,0,14,1,2,0,1,0,0,1,3.753,0,1232,69.753,138.800147726867
121,2,1,1,0,0,1,1,0,0,0,119,45,2,0,0,0,7,0,0,0,0,0,0,1,33,33,0,0,0,0,0,0,0,48,33,55,13,0,0,0,0,0,0,0,0,20,1,2,0,1,0,0,0,0,31,0,181,202.14103987068
122,4,1,1,0,25,2,0,1,0,0,52,54,2,0,0,0,2,0,1,0,0,0,0,0,11,11,0,0,0,0,0,0,0,0,0,0,0,0,0,0,0,0,0,1,69.99,11,1,1,1,0,0,0,0,0,7,80.6226922690748,66,85.2760224213114
123,4,2,0,1,9,2,0,1,0,0,44,46,2,0,0,0,7,0,0,0,0,0,0,1,33,33,0,0,0,0,0,0,0,46,33,55,13,0,0,0,0,0,0,0,0,18,1,3,0,0,1,0,1,6.827,29,0,102,90.450612912416
124,2,1,1,0,7,4,0,0,0,1,112,28,1,16.983,33.039,23.094,2,0,1,0,0,0,0,0,19,19,0,0,0,0,0,0,0,0,0,0,0,0,0,0,0,0,0,1,69.99,19,1,4,0,0,0,1,0,0,17,139.257377555675,146,104.275471766483
125,5,2,0,1,32,2,0,1,0,0,114,23,2,0,0,0,3,0,0,1,0,0,0,0,18,18,0,0,0,0,0,0,0,0,0,0,0,0,0,0,0,0,0,1,69.99,18,1,3,0,0,1,0,0,0,13,175.9040558598,140,138.974982661375
126,6,2,0,1,27,2,0,1,0,0,46,27,2,0,0,0,2,0,1,0,0,0,0,0,17,17,0,0,0,0,0,0,0,0,0,0,0,0,0,0,0,0,0,1,69.99,17,1,3,0,0,1,0,1,8.028,11,124.598706234025,68,57.3956674085263
127,10,2,0,1,9,4,0,0,0,1,53,55,2,0,0,0,6,0,0,0,0,0,1,0,17,7,1,1,0,0,13,2,14,0,0,0,0,3,0,0,1,0,0,0,0,15,1,3,0,0,1,0,1,6.055,7,508.816,66.055,212.746395169715
128,15,1,1,0,1,2,0,1,0,0,106,26,2,0,0,0,1,1,0,0,0,0,0,0,18,18,0,0,0,0,0,0,0,0,0,0,0,0,0,0,0,0,0,1,69.99,18,1,3,0,0,1,0,1,2.768,3,87.9520279298998,112,93.9432565602353
129,3,1,1,0,0,4,0,0,0,1,78,48,2,0,0,0,7,0,0,0,0,0,0,1,33,33,0,0,0,0,0,0,0,45,33,55,13,0,0,0,0,0,0,0,0,11,1,4,0,0,0,1,1,5.34,30,0,138,140.450612912416
130,7,1,1,0,0,1,1,0,0,0,55,38,2,0,0,0,2,0,1,0,0,0,0,0,20,20,0,0,0,0,0,0,0,0,0,0,0,0,0,0,0,0,0,1,69.99,20,1,1,1,0,0,0,1,6.218,13,146.5867132165,81,89.4706655837543
131,15,1,1,0,14,4,0,0,0,1,98,55,1,39.62,24.04,28.344,5,0,0,0,0,1,0,0,4.5,7,2,0,1,0,13,1,14,0,0,0,0,1,1,0,0,0,0,0,0,18,1,2,0,1,0,0,1,3.276,0,1904,101.276,182.64946804193
132,0,1,1,0,30,3,0,0,1,0,89,51,2,0,0,0,7,0,0,0,0,0,0,1,33,33,0,0,0,0,0,0,0,45,33,55,13,0,0,0,0,0,0,0,0,11,1,3,0,0,1,0,0,0,33,0,155,211.891793033473
133,6,2,0,1,0,1,1,0,0,0,89,55,2,0,0,0,7,0,0,0,0,0,0,1,33,33,0,0,0,0,0,0,0,45,33,55,13,0,0,0,0,0,0,0,0,11,1,1,1,0,0,0,0,0,27,0,143,161.474456184252
134,10,2,0,1,0,1,1,0,0,0,84,28,1,25.115,37.11,28.736,1,1,0,0,0,0,0,0,14,14,0,0,0,0,0,0,0,0,0,0,0,0,0,0,0,0,0,1,69.99,14,1,1,1,0,0,0,0,0,4,68.4071328343665,92,103.768974168583
135,3,1,1,0,0,1,1,0,0,0,126,48,1,34.785,35.438,27.242,3,0,0,1,0,0,0,0,15,15,0,0,0,0,0,0,0,0,0,0,0,0,0,0,0,0,0,1,69.99,15,1,4,0,0,0,1,1,2.699,12,146.5867132165,150,149.63941307387
136,15,2,0,1,5,3,0,0,1,0,37,38,1,26.224,31.221,16.208,6,0,0,0,0,0,1,0,19,7,2,0,1,0,13,1,15,0,0,0,0,4,0,0,0,1,0,0,0,17,1,3,0,0,1,0,0,0,4,-354.84,41,149.64317473297
137,1,1,1,0,12,4,0,0,0,1,68,30,1,29.635,35.324,16.353,1,1,0,0,0,0,0,0,17,17,0,0,0,0,0,0,0,0,0,0,0,0,0,0,0,0,0,1,69.99,17,1,3,0,0,1,0,0,0,16,83.0658041560165,100,119.003354381257
138,9,2,0,1,15,3,0,0,1,0,76,28,2,0,0,0,2,0,1,0,0,0,0,0,14,14,0,0,0,0,0,0,0,0,0,0,0,0,0,0,0,0,0,1,69.99,14,1,3,0,0,1,0,1,6.441,5,102.61069925155,87.441,127.851432638074
139,10,1,1,0,1,2,0,1,0,0,81,31,1,32.243,29.007,27.952,7,0,0,0,0,0,0,1,33,33,0,0,0,0,0,0,0,45,33,55,13,0,0,0,0,0,0,0,0,15,1,1,1,0,0,0,1,7.117,23,0,127,127
140,0,2,0,1,2,4,0,0,0,1,109,43,2,0,0,0,1,1,0,0,0,0,0,0,16,16,0,0,0,0,0,0,0,0,0,0,0,0,0,0,0,0,0,1,69.99,16,1,2,0,1,0,0,1,6.01,16,78.1795803821332,141,176.400113378648
141,11,1,1,0,33,3,0,0,1,0,60,42,2,0,0,0,3,0,0,1,0,0,0,0,19,19,0,0,0,0,0,0,0,0,0,0,0,0,0,0,0,0,0,1,69.99,19,1,3,0,0,1,0,1,2.875,8,185.676503407566,76,117.971628280118
142,8,1,1,0,21,4,0,0,0,1,59,55,1,21.628,24.661,18.997,7,0,0,0,0,0,0,1,33,33,0,0,0,0,0,0,0,46,33,55,13,0,0,0,0,0,0,0,0,16,1,1,1,0,0,0,0,0,25,0,109,122.09013064126
143,4,1,1,0,2,2,0,1,0,0,81,46,2,0,0,0,2,0,1,0,0,0,0,0,11,11,0,0,0,0,0,0,0,0,0,0,0,0,0,0,0,0,0,1,69.99,11,1,1,1,0,0,0,1,8.589,7,80.6226922690748,96.589,96.589
144,2,2,0,1,0,1,1,0,0,0,65,26,2,0,0,0,2,0,1,0,0,0,0,0,19,19,0,0,0,0,0,0,0,0,0,0,0,0,0,0,0,0,0,1,69.99,19,1,4,0,0,0,1,0,0,17,139.257377555675,99,99.2667016458839
145,9,2,0,1,0,4,0,0,0,1,111,28,2,0,0,0,3,0,0,1,0,0,0,0,19,19,0,0,0,0,0,0,0,0,0,0,0,0,0,0,0,0,0,1,69.99,19,1,2,0,1,0,0,1,3.846,10,185.676503407566,131,151.449661604112
146,10,1,1,0,9,2,0,1,0,0,72,56,1,16.164,33.425,13.62,2,0,1,0,0,0,0,0,12,12,0,0,0,0,0,0,0,0,0,0,0,0,0,0,0,0,0,1,69.99,12,1,4,0,0,0,1,1,8.633,2,87.9520279298998,82.633,79.2437456653437
147,6,1,1,0,0,1,1,0,0,0,88,24,1,28.591,28.442,24.871,3,0,0,1,0,0,0,0,14,14,0,0,0,0,0,0,0,0,0,0,0,0,0,0,0,0,0,1,69.99,14,1,4,0,0,0,1,1,3.245,8,136.814265668733,104,81.9716282801177
148,3,1,1,0,24,2,0,1,0,0,128,50,1,29.59,30.244,18.406,5,0,0,0,0,1,0,0,5,7,2,0,1,0,13,1,14,0,0,0,0,2,0,1,0,0,0,0,0,16,1,1,1,0,0,0,1,2.539,2,3416,134,155.048379546514
149,13,2,0,1,0,1,1,0,0,0,101,53,1,21.468,29.723,28.766,4,0,0,0,1,0,0,0,9,8,2,0,1,0,13,2,14,0,0,0,0,5,0,0,0,0,1,0,0,13,1,4,0,0,0,1,0,0,0,0,101,214.302721783767
150,12,2,0,1,0,1,1,0,0,0,62,42,1,23.102,25.586,21.098,5,0,0,0,0,1,0,0,8,9,3,0,0,1,13,2,15,0,0,0,0,4,0,0,0,1,0,0,0,16,1,1,1,0,0,0,1,2.421,0,1140,64.421,112.312355691616
151,2,1,1,0,3,3,0,0,1,0,73,50,2,0,0,0,5,0,0,0,0,1,0,0,6,6,1,1,0,0,13,1,15,0,0,0,0,3,0,0,1,0,0,0,0,17,1,4,0,0,0,1,0,0,4,2070,81,187.598504041065
152,11,1,1,0,30,2,0,1,0,0,96,54,1,28.516,33.686,24.372,5,0,0,0,0,1,0,0,7,9,3,0,0,1,13,2,15,0,0,0,0,3,0,0,1,0,0,0,0,15,1,3,0,0,1,0,0,0,0,2220,96,244.370704319966
153,9,1,1,0,0,1,1,0,0,0,42,28,1,26.174,28.437,28.341,7,0,0,0,0,0,0,1,33,33,0,0,0,0,0,0,0,45,33,55,13,0,0,0,0,0,0,0,0,14,1,3,0,0,1,0,1,7.688,24,0,90,85.6337419416107
154,13,1,1,0,0,1,1,0,0,0,112,28,1,23.671,29.351,18.68,5,0,0,0,0,1,0,0,7,6,1,1,0,0,13,1,14,0,0,0,0,4,0,0,0,1,0,0,0,12,1,4,0,0,0,1,0,0,0,2408,112,151.093787645386
155,9,1,1,0,31,3,0,0,1,0,80,22,1,18.047,30.13,19.143,7,0,0,0,0,0,0,1,33,33,0,0,0,0,0,0,0,46,33,55,13,0,0,0,0,0,0,0,0,20,1,1,1,0,0,0,1,2.084,24,0,128,129.876864760434
156,14,1,1,0,18,2,0,1,0,0,74,45,2,0,0,0,1,1,0,0,0,0,0,0,11,11,0,0,0,0,0,0,0,0,0,0,0,0,0,0,0,0,0,1,69.99,11,1,2,0,1,0,0,0,0,0,53.7484615127166,74,86.6083136886985
157,9,2,0,1,0,1,1,0,0,0,90,58,2,0,0,0,7,0,0,0,0,0,0,1,33,33,0,0,0,0,0,0,0,48,33,55,13,0,0,0,0,0,0,0,0,13,1,2,0,1,0,0,1,8.672,24,0,138,193.752419339734
158,4,1,1,0,11,2,0,1,0,0,69,22,1,17.228,37.979,11.831,1,1,0,0,0,0,0,0,12,12,0,0,0,0,0,0,0,0,0,0,0,0,0,0,0,0,0,1,69.99,12,1,3,0,0,1,0,0,0,8,58.6346852865999,85,76.5334032917678
159,7,2,0,1,23,4,0,0,0,1,120,47,2,0,0,0,1,1,0,0,0,0,0,0,18,18,0,0,0,0,0,0,0,0,0,0,0,0,0,0,0,0,0,1,69.99,18,1,3,0,0,1,0,0,0,11,87.9520279298998,142,208.76296309717
160,13,1,1,0,25,2,0,1,0,0,123,37,2,0,0,0,4,0,0,0,1,0,0,0,8,7,1,1,0,0,13,2,15,0,0,0,0,4,0,0,0,1,0,0,0,12,1,2,0,1,0,0,1,6.457,0,0,129.457,175.84116369326
161,1,2,0,1,12,3,0,0,1,0,68,52,2,0,0,0,7,0,0,0,0,0,0,1,33,33,0,0,0,0,0,0,0,48,33,55,13,0,0,0,0,0,0,0,0,17,1,2,0,1,0,0,0,0,32,0,132,181.107702762748
162,1,1,1,0,5,2,0,1,0,0,88,48,1,19.615,29.578,14.369,5,0,0,0,0,1,0,0,8,8,2,0,1,0,13,2,14,0,0,0,0,4,0,0,0,1,0,0,0,11,1,1,1,0,0,0,0,0,7,2408,102,102
163,12,2,0,1,25,2,0,1,0,0,83,41,2,0,0,0,7,0,0,0,0,0,0,1,33,33,0,0,0,0,0,0,0,45,33,55,13,0,0,0,0,0,0,0,0,17,1,3,0,0,1,0,1,2.516,21,0,125,154.84961560646
164,11,2,0,1,30,2,0,1,0,0,68,47,2,0,0,0,7,0,0,0,0,0,0,1,33,33,0,0,0,0,0,0,0,45,33,55,13,0,0,0,0,0,0,0,0,13,1,4,0,0,0,1,0,0,22,0,112,122.399002694044
165,2,1,1,0,9,3,0,0,1,0,35,53,2,0,0,0,2,0,1,0,0,0,0,0,16,16,0,0,0,0,0,0,0,0,0,0,0,0,0,0,0,0,0,1,69.99,16,1,1,1,0,0,0,0,0,14,117.2693705732,63,82.3286098510111
166,1,1,1,0,0,1,1,0,0,0,49,44,2,0,0,0,3,0,0,1,0,0,0,0,20,20,0,0,0,0,0,0,0,0,0,0,0,0,0,0,0,0,0,1,69.99,20,1,1,1,0,0,0,1,4.405,19,195.448950955333,87,97.4935895328508
167,11,1,1,0,15,3,0,0,1,0,68,25,1,37.852,35.797,15.952,7,0,0,0,0,0,0,1,33,33,0,0,0,0,0,0,0,47,33,55,13,0,0,0,0,0,0,0,0,13,1,1,1,0,0,0,1,6.829,22,0,112,114.756263445618
168,4,1,1,0,8,3,0,0,1,0,34,21,1,9.915,37.903,22.649,5,0,0,0,0,1,0,0,6,8,2,0,1,0,13,2,14,0,0,0,0,2,0,1,0,0,0,0,0,15,1,4,0,0,0,1,0,0,2,728,40,100.051610218372
169,8,2,0,1,3,2,0,1,0,0,88,44,2,0,0,0,5,0,0,0,0,1,0,0,6,7,1,1,0,0,13,2,14,0,0,0,0,2,0,1,0,0,0,0,0,14,1,4,0,0,0,1,1,2.725,0,2016,90.725,102.450612912416
170,15,1,1,0,19,2,0,1,0,0,76,27,2,0,0,0,4,0,0,0,1,0,0,0,4.5,6,1,1,0,0,13,1,14,0,0,0,0,1,1,0,0,0,0,0,0,14,1,1,1,0,0,0,1,3.898,0,0,79.898,79.898
171,11,2,0,1,3,2,0,1,0,0,61,30,2,0,0,0,5,0,0,0,0,1,0,0,8,6,1,1,0,0,13,1,14,0,0,0,0,5,0,0,0,0,1,0,0,19,1,3,0,0,1,0,1,7.746,0,1092,68.746,92.1548306551173
172,9,2,0,1,32,2,0,1,0,0,109,21,2,0,0,0,2,0,1,0,0,0,0,0,17,17,0,0,0,0,0,0,0,0,0,0,0,0,0,0,0,0,0,1,69.99,17,1,1,1,0,0,0,0,0,8,124.598706234025,125,126.751725826515
173,4,1,1,0,0,1,1,0,0,0,90,30,2,0,0,0,7,0,0,0,0,0,0,1,33,33,0,0,0,0,0,0,0,45,33,55,13,0,0,0,0,0,0,0,0,11,1,2,0,1,0,0,0,0,29,0,148,159.699718221417
174,15,1,1,0,14,2,0,1,0,0,65,44,2,0,0,0,3,0,0,1,0,0,0,0,16,16,0,0,0,0,0,0,0,0,0,0,0,0,0,0,0,0,0,1,69.99,16,1,4,0,0,0,1,1,7.197,1,156.359160764266,73.197,59.6448288132121
175,3,1,1,0,1,3,0,0,1,0,91,37,2,0,0,0,7,0,0,0,0,0,0,1,33,33,0,0,0,0,0,0,0,48,33,55,13,0,0,0,0,0,0,0,0,16,1,3,0,0,1,0,0,0,30,0,151,178.952836043204
176,5,2,0,1,12,2,0,1,0,0,108,23,2,0,0,0,2,0,1,0,0,0,0,0,19,19,0,0,0,0,0,0,0,0,0,0,0,0,0,0,0,0,0,1,69.99,19,1,2,0,1,0,0,0,0,14,139.257377555675,136,137.931142241337
177,4,1,1,0,5,4,0,0,0,1,77,40,2,0,0,0,1,1,0,0,0,0,0,0,19,19,0,0,0,0,0,0,0,0,0,0,0,0,0,0,0,0,0,1,69.99,19,1,3,0,0,1,0,1,5.811,15,92.8382517037832,107,141.68532503495
178,7,2,0,1,8,3,0,0,1,0,81,50,1,27.527,36.186,14.687,5,0,0,0,0,1,0,0,6,8,2,0,1,0,13,2,15,0,0,0,0,2,0,1,0,0,0,0,0,13,1,4,0,0,0,1,0,0,0,2010,82,206.363764793498
179,6,1,1,0,21,4,0,0,0,1,123,58,2,0,0,0,3,0,0,1,0,0,0,0,17,17,0,0,0,0,0,0,0,0,0,0,0,0,0,0,0,0,0,1,69.99,17,1,2,0,1,0,0,1,6.267,11,166.131608312033,145,185.690602885553
180,1,1,1,0,11,4,0,0,0,1,36,58,1,32.387,33.578,18.311,3,0,0,1,0,0,0,0,15,15,0,0,0,0,0,0,0,0,0,0,0,0,0,0,0,0,0,1,69.99,15,1,4,0,0,0,1,1,2.159,14,146.5867132165,64,131.197833704263
181,10,1,1,0,11,3,0,0,1,0,91,57,2,0,0,0,3,0,0,1,0,0,0,0,12,12,0,0,0,0,0,0,0,0,0,0,0,0,0,0,0,0,0,1,69.99,12,1,4,0,0,0,1,1,8.591,2,117.2693705732,101.591,145.736652735373
182,4,2,0,1,23,4,0,0,0,1,76,30,2,0,0,0,4,0,0,0,1,0,0,0,6,7,1,1,0,0,13,2,14,0,0,0,0,2,0,1,0,0,0,0,0,13,1,2,0,1,0,0,0,0,2,0,81,146.441114445363
183,0,2,0,1,5,4,0,0,0,1,49,52,1,39.865,29.908,16.609,6,0,0,0,0,0,1,0,22,7,2,0,1,0,13,1,15,0,0,0,0,5,0,0,0,0,1,0,0,20,1,3,0,0,1,0,0,0,22,742.74,78,229.502223130788
184,6,2,0,1,31,4,0,0,0,1,128,34,1,24.91,31.388,11.594,6,0,0,0,0,0,1,0,11.5,8,3,0,0,1,13,1,14,0,0,0,0,1,1,0,0,0,0,0,0,12,1,4,0,0,0,1,1,6.35,5.5,3103.184,139.85,201.614876358892
185,1,2,0,1,33,3,0,0,1,0,80,52,1,16.209,28.828,28.341,7,0,0,0,0,0,0,1,33,33,0,0,0,0,0,0,0,46,33,55,13,0,0,0,0,0,0,0,0,17,1,1,1,0,0,0,0,0,32,0,144,160.996894379985
186,13,1,1,0,23,4,0,0,0,1,90,49,1,21.533,25.419,21.345,1,1,0,0,0,0,0,0,15,15,0,0,0,0,0,0,0,0,0,0,0,0,0,0,0,0,0,1,69.99,15,1,3,0,0,1,0,0,0,2,73.2933566082499,94,155.215373945461
187,9,2,0,1,11,4,0,0,0,1,37,44,2,0,0,0,6,0,0,0,0,0,1,0,13,7,2,0,1,0,13,1,15,0,0,0,0,2,0,1,0,0,0,0,0,14,1,4,0,0,0,1,1,7.147,4,330,48.147,164.730022851888
188,8,2,0,1,20,4,0,0,0,1,122,37,1,37.397,26.917,29.126,6,0,0,0,0,0,1,0,11.5,7,2,0,1,0,13,1,14,0,0,0,0,1,1,0,0,0,0,0,0,12,1,4,0,0,0,1,0,0,3.5,2839.592,125.5,201.441180121057
189,11,2,0,1,29,4,0,0,0,1,103,46,1,10.574,35.089,21.288,1,1,0,0,0,0,0,0,20,20,0,0,0,0,0,0,0,0,0,0,0,0,0,0,0,0,0,1,69.99,20,1,1,1,0,0,0,0,0,9,97.7244754776665,121,137.829604947558
190,12,2,0,1,0,1,1,0,0,0,43,21,2,0,0,0,6,0,0,0,0,0,1,0,22,7,2,0,1,0,13,1,15,0,0,0,0,5,0,0,0,0,1,0,0,18,1,1,1,0,0,0,0,0,10,-157.26,53,88.6002257333467
191,11,1,1,0,27,4,0,0,0,1,54,48,1,29.131,24.875,21.891,4,0,0,0,1,0,0,0,5,7,2,0,1,0,13,1,14,0,0,0,0,2,0,1,0,0,0,0,0,20,1,4,0,0,0,1,0,0,0,0,54,157.755827961074
192,11,2,0,1,23,4,0,0,0,1,38,43,2,0,0,0,6,0,0,0,0,0,1,0,16,8,3,0,0,1,13,1,14,0,0,0,0,3,0,0,1,0,0,0,0,20,1,3,0,0,1,0,0,0,5,112,43,167.755827961074
193,14,1,1,0,2,4,0,0,0,1,118,29,1,30.529,36.067,28.193,3,0,0,1,0,0,0,0,18,18,0,0,0,0,0,0,0,0,0,0,0,0,0,0,0,0,0,1,69.99,18,1,3,0,0,1,0,0,0,4,175.9040558598,126,138.459119610805
194,15,1,1,0,26,4,0,0,0,1,51,39,2,0,0,0,4,0,0,0,1,0,0,0,5.5,8,2,0,1,0,13,2,14,0,0,0,0,1,1,0,0,0,0,0,0,15,1,3,0,0,1,0,1,5.043,0,0,56.043,145.929524198909
195,0,2,0,1,12,4,0,0,0,1,131,17,1,25.205,23.583,22.687,4,0,0,0,1,0,0,0,7,7,1,1,0,0,13,2,15,0,0,0,0,3,0,0,1,0,0,0,0,11,1,1,1,0,0,0,0,0,7,0,145,159.731023912075
196,15,2,0,1,20,3,0,0,1,0,106,48,1,36.164,26.135,24.007,6,0,0,0,0,0,1,0,20,9,3,0,0,1,13,2,15,0,0,0,0,4,0,0,0,1,0,0,0,12,1,3,0,0,1,0,1,3.612,5,1757.58,114.612,254.8401828151
197,0,2,0,1,0,1,1,0,0,0,73,27,2,0,0,0,7,0,0,0,0,0,0,1,33,33,0,0,0,0,0,0,0,47,33,55,13,0,0,0,0,0,0,0,0,16,1,1,1,0,0,0,1,4.785,33,0,139,146.731046476197
198,11,2,0,1,11,2,0,1,0,0,51,57,1,33.916,30.201,14.395,6,0,0,0,0,0,1,0,16,6,1,1,0,0,13,1,15,0,0,0,0,3,0,0,1,0,0,0,0,12,1,1,1,0,0,0,1,3.821,5,425.16,59.821,59.821
199,14,2,0,1,11,4,0,0,0,1,103,48,1,32.827,23.026,16.505,5,0,0,0,0,1,0,0,9,9,3,0,0,1,13,2,14,0,0,0,0,5,0,0,0,0,1,0,0,12,1,2,0,1,0,0,0,0,0,2100,103,188.608059212749
200,8,1,1,0,0,1,1,0,0,0,66,27,1,16.074,31.324,15.759,3,0,0,1,0,0,0,0,13,13,0,0,0,0,0,0,0,0,0,0,0,0,0,0,0,0,0,1,69.99,13,1,1,1,0,0,0,1,2.878,5,127.041818120966,76,80.6535802057168
201,9,2,0,1,0,1,1,0,0,0,123,16,2,0,0,0,4,0,0,0,1,0,0,0,5.5,8,2,0,1,0,13,2,14,0,0,0,0,1,1,0,0,0,0,0,0,12,1,4,0,0,0,1,1,5.396,0,0,128.396,158.823810497273
202,10,2,0,1,0,1,1,0,0,0,94,53,2,0,0,0,6,0,0,0,0,0,1,0,22,8,3,0,0,1,13,1,15,0,0,0,0,5,0,0,0,0,1,0,0,15,1,3,0,0,1,0,0,0,12,1535.16,106,262.370704319966
203,7,1,1,0,10,2,0,1,0,0,74,54,1,29.99,24.217,28.799,3,0,0,1,0,0,0,0,18,18,0,0,0,0,0,0,0,0,0,0,0,0,0,0,0,0,0,1,69.99,18,1,1,1,0,0,0,0,0,11,175.9040558598,96,96
204,3,1,1,0,19,4,0,0,0,1,40,29,2,0,0,0,5,0,0,0,0,1,0,0,5,7,2,0,1,0,13,1,14,0,0,0,0,2,0,1,0,0,0,0,0,17,1,1,1,0,0,0,1,7.12,2,952,49.12,75.2447632729348
205,8,1,1,0,14,4,0,0,0,1,47,22,1,38.202,35.43,16.725,3,0,0,1,0,0,0,0,12,12,0,0,0,0,0,0,0,0,0,0,0,0,0,0,0,0,0,1,69.99,12,1,3,0,0,1,0,0,0,4,117.2693705732,55,71.7136967548328
206,6,2,0,1,17,2,0,1,0,0,117,42,2,0,0,0,6,0,0,0,0,0,1,0,19,7,2,0,1,0,13,1,15,0,0,0,0,4,0,0,0,1,0,0,0,16,1,2,0,1,0,0,1,5.498,13,2585.16,135.498,187.084761549411
207,4,1,1,0,4,2,0,1,0,0,112,21,1,34.021,37.567,21.556,1,1,0,0,0,0,0,0,19,19,0,0,0,0,0,0,0,0,0,0,0,0,0,0,0,0,0,1,69.99,19,1,1,1,0,0,0,0,0,15,92.8382517037832,142,142
208,14,2,0,1,0,1,1,0,0,0,95,28,2,0,0,0,1,1,0,0,0,0,0,0,13,13,0,0,0,0,0,0,0,0,0,0,0,0,0,0,0,0,0,1,69.99,13,1,4,0,0,0,1,0,0,0,63.5209090604832,95,105.948672299577
209,1,1,1,0,0,1,1,0,0,0,54,49,2,0,0,0,1,1,0,0,0,0,0,0,17,17,0,0,0,0,0,0,0,0,0,0,0,0,0,0,0,0,0,1,69.99,17,1,2,0,1,0,0,0,0,16,83.0658041560165,86,130.384048104053
210,6,1,1,0,13,2,0,1,0,0,62,26,1,37.537,34.857,28.029,7,0,0,0,0,0,0,1,33,33,0,0,0,0,0,0,0,45,33,55,13,0,0,0,0,0,0,0,0,19,1,3,0,0,1,0,0,0,27,0,116,87.7369623783555
211,8,1,1,0,17,3,0,0,1,0,84,55,1,32.437,24.373,15.673,5,0,0,0,0,1,0,0,9,9,3,0,0,1,13,2,14,0,0,0,0,5,0,0,0,0,1,0,0,14,1,1,1,0,0,0,0,0,1,1904,86,119.519872824564
212,8,1,1,0,0,2,0,1,0,0,75,47,2,0,0,0,6,0,0,0,0,0,1,0,22,8,3,0,0,1,13,1,14,0,0,0,0,5,0,0,0,0,1,0,0,13,1,1,1,0,0,0,0,0,14,1012.816,89,89
213,0,1,1,0,18,2,0,1,0,0,122,48,1,32.822,28.178,19.725,6,0,0,0,0,0,1,0,11.5,8,3,0,0,1,13,1,15,0,0,0,0,1,1,0,0,0,0,0,0,15,1,4,0,0,0,1,0,0,11.5,3504.84,141.5,216.319094101594
214,13,2,0,1,0,3,0,0,1,0,92,16,2,0,0,0,6,0,0,0,0,0,1,0,19,6,1,1,0,0,13,1,15,0,0,0,0,4,0,0,0,1,0,0,0,12,1,3,0,0,1,0,0,0,6,1372.74,98,178.492790339429
215,2,1,1,0,0,1,1,0,0,0,107,24,2,0,0,0,1,1,0,0,0,0,0,0,11,11,0,0,0,0,0,0,0,0,0,0,0,0,0,0,0,0,0,1,69.99,11,1,3,0,0,1,0,1,4.604,9,53.7484615127166,125,140.080992443477
216,11,1,1,0,7,3,0,0,1,0,120,23,2,0,0,0,4,0,0,0,1,0,0,0,5,8,3,0,0,1,13,1,15,0,0,0,0,2,0,1,0,0,0,0,0,15,1,1,1,0,0,0,1,7.402,0,0,127.402,137.986483410514
217,11,2,0,1,1,2,0,1,0,0,47,17,1,15.794,36.767,19.306,4,0,0,0,1,0,0,0,8,8,3,0,0,1,13,1,14,0,0,0,0,5,0,0,0,0,1,0,0,20,1,1,1,0,0,0,1,6.283,0,0,53.283,53.283
218,1,2,0,1,10,4,0,0,0,1,35,18,1,39.745,25.53,16.998,3,0,0,1,0,0,0,0,15,15,0,0,0,0,0,0,0,0,0,0,0,0,0,0,0,0,0,1,69.99,15,1,1,1,0,0,0,1,5.234,14,146.5867132165,63,73.5730929076656
219,10,2,0,1,9,4,0,0,0,1,117,55,2,0,0,0,1,1,0,0,0,0,0,0,18,18,0,0,0,0,0,0,0,0,0,0,0,0,0,0,0,0,0,1,69.99,18,1,2,0,1,0,0,1,8.06,8,87.9520279298998,133.06,186.024094138367
220,5,1,1,0,6,4,0,0,0,1,65,37,2,0,0,0,4,0,0,0,1,0,0,0,7,8,3,0,0,1,13,1,15,0,0,0,0,4,0,0,0,1,0,0,0,16,1,2,0,1,0,0,1,5.551,2,0,72.551,139.372334417559
221,12,1,1,0,0,1,1,0,0,0,103,50,1,31.378,25.676,17.215,4,0,0,0,1,0,0,0,5.5,7,1,1,0,0,13,2,15,0,0,0,0,1,1,0,0,0,0,0,0,13,1,4,0,0,0,1,1,8.08,0,0,111.08,193.772200278901
222,7,1,1,0,27,4,0,0,0,1,109,41,2,0,0,0,6,0,0,0,0,0,1,0,19,7,2,0,1,0,13,1,14,0,0,0,0,4,0,0,0,1,0,0,0,18,1,3,0,0,1,0,1,7.354,12,2132.816,128.354,241.300228518875
223,10,1,1,0,6,4,0,0,0,1,36,32,1,20.195,24.759,18.644,5,0,0,0,0,1,0,0,8,8,2,0,1,0,13,2,15,0,0,0,0,4,0,0,0,1,0,0,0,15,1,2,0,1,0,0,0,0,0,480,36,114.791114638721
224,3,2,0,1,0,1,1,0,0,0,73,21,1,32.353,25.528,21.811,7,0,0,0,0,0,0,1,33,33,0,0,0,0,0,0,0,48,33,55,13,0,0,0,0,0,0,0,0,12,1,2,0,1,0,0,1,8.543,30,0,133,146.741268905513
225,12,2,0,1,0,4,0,0,0,1,56,27,1,37.952,34.098,19.844,4,0,0,0,1,0,0,0,5,7,2,0,1,0,13,1,15,0,0,0,0,2,0,1,0,0,0,0,0,20,1,2,0,1,0,0,1,3.244,0,0,59.244,132.931755182876
226,13,2,0,1,12,3,0,0,1,0,79,41,1,26.763,24.363,28.796,7,0,0,0,0,0,0,1,33,33,0,0,0,0,0,0,0,47,33,55,13,0,0,0,0,0,0,0,0,17,1,3,0,0,1,0,1,3.338,20,0,119,167.441180121057
227,0,1,1,0,0,1,1,0,0,0,60,37,1,39.69,32.077,21.787,2,0,1,0,0,0,0,0,18,18,0,0,0,0,0,0,0,0,0,0,0,0,0,0,0,0,0,1,69.99,18,1,2,0,1,0,0,1,8.715,18,131.92804189485,96,121.210560596014
228,8,1,1,0,0,1,1,0,0,0,92,22,2,0,0,0,3,0,0,1,0,0,0,0,16,16,0,0,0,0,0,0,0,0,0,0,0,0,0,0,0,0,0,1,69.99,16,1,4,0,0,0,1,0,0,8,156.359160764266,108,77.9716282801177
229,3,1,1,0,0,1,1,0,0,0,61,21,2,0,0,0,6,0,0,0,0,0,1,0,11.5,6,1,1,0,0,13,1,15,0,0,0,0,1,1,0,0,0,0,0,0,14,1,3,0,0,1,0,1,3.578,8.5,1530,73.078,154.910658616191
230,8,1,1,0,0,2,0,1,0,0,45,16,1,26.903,27.726,23.534,3,0,0,1,0,0,0,0,12,12,0,0,0,0,0,0,0,0,0,0,0,0,0,0,0,0,0,1,69.99,12,1,2,0,1,0,0,1,7.655,4,117.2693705732,56.655,58.8709523024726
231,14,1,1,0,19,4,0,0,0,1,106,32,2,0,0,0,5,0,0,0,0,1,0,0,9,7,1,1,0,0,13,2,15,0,0,0,0,5,0,0,0,0,1,0,0,11,1,1,1,0,0,0,0,0,0,2340,106,122.80065146407
232,6,2,0,1,14,2,0,1,0,0,84,43,1,23.282,28.511,23.353,3,0,0,1,0,0,0,0,20,20,0,0,0,0,0,0,0,0,0,0,0,0,0,0,0,0,0,1,69.99,20,1,4,0,0,0,1,0,0,14,195.448950955333,112,75.183647844322
233,15,2,0,1,24,3,0,0,1,0,71,44,2,0,0,0,6,0,0,0,0,0,1,0,13,8,3,0,0,1,13,1,14,0,0,0,0,2,0,1,0,0,0,0,0,20,1,4,0,0,0,1,0,0,0,907.592,71,175.312154575126
234,3,2,0,1,9,4,0,0,0,1,71,51,2,0,0,0,5,0,0,0,0,1,0,0,4.5,7,2,0,1,0,13,1,15,0,0,0,0,1,1,0,0,0,0,0,0,20,1,1,1,0,0,0,1,8.16,1.5,1950,80.66,129.255698520413
235,12,2,0,1,7,3,0,0,1,0,34,16,1,17.662,33.462,15.655,6,0,0,0,0,0,1,0,16,8,3,0,0,1,13,1,14,0,0,0,0,3,0,0,1,0,0,0,0,11,1,2,0,1,0,0,0,0,4,-56,38,101.390334845093
236,12,2,0,1,0,1,1,0,0,0,94,53,1,20.065,23.993,12.351,1,1,0,0,0,0,0,0,19,19,0,0,0,0,0,0,0,0,0,0,0,0,0,0,0,0,0,1,69.99,19,1,1,1,0,0,0,0,0,7,92.8382517037832,108,130.357201565544
237,7,2,0,1,0,1,1,0,0,0,38,51,1,27.338,25.813,21.888,2,0,1,0,0,0,0,0,12,12,0,0,0,0,0,0,0,0,0,0,0,0,0,0,0,0,0,1,69.99,12,1,1,1,0,0,0,1,5.159,5,87.9520279298998,48.159,85.7921283160641
238,5,1,1,0,1,4,0,0,0,1,80,50,1,23.302,35.443,24.782,7,0,0,0,0,0,0,1,33,33,0,0,0,0,0,0,0,46,33,55,13,0,0,0,0,0,0,0,0,16,1,1,1,0,0,0,0,0,28,0,136,144.89996549344
239,11,1,1,0,16,2,0,1,0,0,37,31,2,0,0,0,4,0,0,0,1,0,0,0,4.5,6,1,1,0,0,13,1,14,0,0,0,0,1,1,0,0,0,0,0,0,13,1,3,0,0,1,0,1,7.987,0,0,44.987,63.5210887135066
240,12,1,1,0,5,2,0,1,0,0,106,21,2,0,0,0,4,0,0,0,1,0,0,0,4.5,6,1,1,0,0,13,1,14,0,0,0,0,1,1,0,0,0,0,0,0,19,1,2,0,1,0,0,1,4.414,0,0,110.414,115.828543097114
241,10,1,1,0,13,2,0,1,0,0,115,53,2,0,0,0,3,0,0,1,0,0,0,0,16,16,0,0,0,0,0,0,0,0,0,0,0,0,0,0,0,0,0,1,69.99,16,1,4,0,0,0,1,1,8.721,6,156.359160764266,129.721,148.464535350147
242,4,1,1,0,3,4,0,0,0,1,68,53,2,0,0,0,2,0,1,0,0,0,0,0,12,12,0,0,0,0,0,0,0,0,0,0,0,0,0,0,0,0,0,1,69.99,12,1,2,0,1,0,0,1,4.326,8,87.9520279298998,84,135.247920501574
243,9,1,1,0,27,2,0,1,0,0,96,50,2,0,0,0,5,0,0,0,0,1,0,0,9,9,3,0,0,1,13,2,14,0,0,0,0,5,0,0,0,0,1,0,0,19,1,2,0,1,0,0,1,7.439,0,2184,103.439,175.680467670712
244,3,2,0,1,14,3,0,0,1,0,102,52,2,0,0,0,6,0,0,0,0,0,1,0,22,7,2,0,1,0,13,1,14,0,0,0,0,5,0,0,0,0,1,0,0,19,1,3,0,0,1,0,0,0,19,2009.224,125,284.534967766443
245,0,1,1,0,0,2,0,1,0,0,121,19,1,16.683,34.574,20.29,6,0,0,0,0,0,1,0,14,8,2,0,1,0,13,2,14,0,0,0,0,2,0,1,0,0,0,0,0,20,1,1,1,0,0,0,1,5.607,14,3164,143,143
246,12,2,0,1,0,1,1,0,0,0,102,46,1,32.457,24.172,18.873,4,0,0,0,1,0,0,0,9,9,3,0,0,1,13,2,14,0,0,0,0,5,0,0,0,0,1,0,0,15,1,1,1,0,0,0,0,0,0,0,102,138.708327075198
247,3,1,1,0,8,3,0,0,1,0,117,42,1,22.228,22.883,14.621,6,0,0,0,0,0,1,0,12.5,9,3,0,0,1,13,2,15,0,0,0,0,1,1,0,0,0,0,0,0,19,1,1,1,0,0,0,0,0,9.5,3174.84,132.5,150.798706891008
248,10,1,1,0,13,2,0,1,0,0,76,44,2,0,0,0,1,1,0,0,0,0,0,0,13,13,0,0,0,0,0,0,0,0,0,0,0,0,0,0,0,0,0,1,69.99,13,1,2,0,1,0,0,0,0,3,63.5209090604832,82,93.0591209930547
249,8,1,1,0,0,1,1,0,0,0,90,45,1,37.333,35.258,24.532,6,0,0,0,0,0,1,0,14,8,2,0,1,0,13,2,15,0,0,0,0,2,0,1,0,0,0,0,0,18,1,4,0,0,0,1,0,0,6,1980,96,180.685352159983
250,12,1,1,0,1,3,0,0,1,0,113,35,2,0,0,0,1,1,0,0,0,0,0,0,13,13,0,0,0,0,0,0,0,0,0,0,0,0,0,0,0,0,0,1,69.99,13,1,3,0,0,1,0,1,2.383,1,63.5209090604832,116.383,149.565129392907
251,13,1,1,0,0,1,1,0,0,0,36,21,2,0,0,0,4,0,0,0,1,0,0,0,6,7,2,0,1,0,13,1,14,0,0,0,0,3,0,0,1,0,0,0,0,19,1,2,0,1,0,0,0,0,0,0,36,91.3892772703669
252,1,2,0,1,0,1,1,0,0,0,48,57,1,11.034,27.316,28.704,7,0,0,0,0,0,0,1,33,33,0,0,0,0,0,0,0,47,33,55,13,0,0,0,0,0,0,0,0,11,1,1,1,0,0,0,1,5.821,32,0,112,135.915414872633
253,2,2,0,1,23,3,0,0,1,0,68,51,1,16.249,38.323,22.756,5,0,0,0,0,1,0,0,5,7,2,0,1,0,13,1,15,0,0,0,0,2,0,1,0,0,0,0,0,13,1,2,0,1,0,0,0,0,3,1920,76,183.480244168139
254,13,2,0,1,0,2,0,1,0,0,92,52,1,27.882,33.636,19.229,6,0,0,0,0,0,1,0,13,8,3,0,0,1,13,1,14,0,0,0,0,2,0,1,0,0,0,0,0,15,1,4,0,0,0,1,1,5.425,0,1607.592,97.425,106.746395169715
255,13,1,1,0,33,3,0,0,1,0,71,46,2,0,0,0,1,1,0,0,0,0,0,0,19,19,0,0,0,0,0,0,0,0,0,0,0,0,0,0,0,0,0,1,69.99,19,1,1,1,0,0,0,0,0,6,92.8382517037832,83,94.8946784598589
256,6,1,1,0,16,4,0,0,0,1,130,28,2,0,0,0,4,0,0,0,1,0,0,0,6,9,3,0,0,1,13,2,14,0,0,0,0,2,0,1,0,0,0,0,0,11,1,4,0,0,0,1,0,0,0,0,133,170.84961560646
257,5,1,1,0,0,1,1,0,0,0,101,25,1,11.863,32.849,25.771,5,0,0,0,0,1,0,0,8,7,1,1,0,0,13,2,15,0,0,0,0,4,0,0,0,1,0,0,0,16,1,1,1,0,0,0,0,0,3,2730,106,119.419428905015
258,13,1,1,0,20,4,0,0,0,1,45,25,1,20.075,33.602,13.13,2,0,1,0,0,0,0,0,19,19,0,0,0,0,0,0,0,0,0,0,0,0,0,0,0,0,0,1,69.99,19,1,3,0,0,1,0,0,0,6,139.257377555675,57,66.9858141400588
259,13,1,1,0,3,2,0,1,0,0,50,20,2,0,0,0,6,0,0,0,0,0,1,0,16,8,3,0,0,1,13,1,15,0,0,0,0,3,0,0,1,0,0,0,0,19,1,3,0,0,1,0,1,8.686,3,360,61.686,64.6337419416107
260,2,1,1,0,0,1,1,0,0,0,61,27,1,19.331,29.824,26.098,5,0,0,0,0,1,0,0,9,9,3,0,0,1,13,2,15,0,0,0,0,5,0,0,0,0,1,0,0,11,1,2,0,1,0,0,0,0,7,1710,75,124.201449266907
261,7,1,1,0,24,2,0,1,0,0,54,58,1,13.611,24.376,24.931,7,0,0,0,0,0,0,1,33,33,0,0,0,0,0,0,0,48,33,55,13,0,0,0,0,0,0,0,0,13,1,1,1,0,0,0,1,2.601,26,0,106,120.830459735946
262,8,2,0,1,0,1,1,0,0,0,73,55,2,0,0,0,6,0,0,0,0,0,1,0,14,9,3,0,0,1,13,2,15,0,0,0,0,2,0,1,0,0,0,0,0,14,1,3,0,0,1,0,1,5.645,6,1452.42,84.645,245.380137111325
263,0,1,1,0,0,1,1,0,0,0,36,25,1,31.369,33.322,26.166,2,0,1,0,0,0,0,0,18,18,0,0,0,0,0,0,0,0,0,0,0,0,0,0,0,0,0,1,69.99,18,1,1,1,0,0,0,1,7.188,18,131.92804189485,72,76.2167960491649
264,14,2,0,1,0,1,1,0,0,0,48,30,1,15.494,30.23,13.65,3,0,0,1,0,0,0,0,14,14,0,0,0,0,0,0,0,0,0,0,0,0,0,0,0,0,0,1,69.99,14,1,2,0,1,0,0,1,4.212,0,136.814265668733,52.212,95.5305864317811
265,1,2,0,1,25,3,0,0,1,0,104,36,2,0,0,0,1,1,0,0,0,0,0,0,15,15,0,0,0,0,0,0,0,0,0,0,0,0,0,0,0,0,0,1,69.99,15,1,1,1,0,0,0,1,3.933,14,73.2933566082499,132,143.387586631479
266,10,1,1,0,0,1,1,0,0,0,112,52,2,0,0,0,1,1,0,0,0,0,0,0,17,17,0,0,0,0,0,0,0,0,0,0,0,0,0,0,0,0,0,1,69.99,17,1,4,0,0,0,1,0,0,7,83.0658041560165,126,145.1235500233
267,8,1,1,0,0,1,1,0,0,0,109,31,1,21.843,37.945,13.92,4,0,0,0,1,0,0,0,5,6,1,1,0,0,13,1,14,0,0,0,0,2,0,1,0,0,0,0,0,19,1,4,0,0,0,1,1,8.347,0,0,117.347,161.415375011871
268,1,1,1,0,28,2,0,1,0,0,102,19,2,0,0,0,2,0,1,0,0,0,0,0,20,20,0,0,0,0,0,0,0,0,0,0,0,0,0,0,0,0,0,1,69.99,20,1,3,0,0,1,0,0,0,19,146.5867132165,140,127.399021789783
269,5,2,0,1,7,3,0,0,1,0,84,45,1,31.159,32.542,13.005,6,0,0,0,0,0,1,0,22,6,1,1,0,0,13,1,15,0,0,0,0,5,0,0,0,0,1,0,0,16,1,3,0,0,1,0,0,0,17,1450.32,102,246.370704319966
270,15,1,1,0,23,4,0,0,0,1,55,27,1,12.063,38.41,20.192,3,0,0,1,0,0,0,0,15,15,0,0,0,0,0,0,0,0,0,0,0,0,0,0,0,0,0,1,69.99,15,1,1,1,0,0,0,0,0,0,146.5867132165,55,61.2698947281616
271,0,1,1,0,32,2,0,1,0,0,40,18,1,11.229,23.744,23.579,2,0,1,0,0,0,0,0,12,12,0,0,0,0,0,0,0,0,0,0,0,0,0,0,0,0,0,1,69.99,12,1,4,0,0,0,1,0,0,12,87.9520279298998,64,35.8798043579567
272,3,2,0,1,23,3,0,0,1,0,130,46,2,0,0,0,6,0,0,0,0,0,1,0,16,7,2,0,1,0,13,1,14,0,0,0,0,3,0,0,1,0,0,0,0,14,1,3,0,0,1,0,1,8.015,13,3096.408,151.015,307.107666698322
273,13,2,0,1,0,1,1,0,0,0,125,35,2,0,0,0,1,1,0,0,0,0,0,0,11,11,0,0,0,0,0,0,0,0,0,0,0,0,0,0,0,0,0,1,69.99,11,1,1,1,0,0,0,1,4.598,0,53.7484615127166,129.598,140.785800434561
274,10,1,1,0,4,3,0,0,1,0,78,38,1,16.309,37.433,20.349,7,0,0,0,0,0,0,1,33,33,0,0,0,0,0,0,0,45,33,55,13,0,0,0,0,0,0,0,0,12,1,4,0,0,0,1,1,6.831,23,0,124,111.807438179446
275,10,2,0,1,1,4,0,0,0,1,71,56,2,0,0,0,3,0,0,1,0,0,0,0,17,17,0,0,0,0,0,0,0,0,0,0,0,0,0,0,0,0,0,1,69.99,17,1,3,0,0,1,0,1,4.045,7,166.131608312033,85,177.59350111279
276,1,1,1,0,0,1,1,0,0,0,35,26,1,34.415,34.64,24.55,3,0,0,1,0,0,0,0,20,20,0,0,0,0,0,0,0,0,0,0,0,0,0,0,0,0,0,1,69.99,20,1,4,0,0,0,1,0,0,19,195.448950955333,73,66.7508385953142
277,13,1,1,0,0,1,1,0,0,0,132,36,1,28.631,37.509,17.013,2,0,1,0,0,0,0,0,13,13,0,0,0,0,0,0,0,0,0,0,0,0,0,0,0,0,0,1,69.99,13,1,1,1,0,0,0,0,0,0,95.2813635907248,132,136.821051011897
278,5,1,1,0,15,3,0,0,1,0,69,54,2,0,0,0,3,0,0,1,0,0,0,0,11,11,0,0,0,0,0,0,0,0,0,0,0,0,0,0,0,0,0,1,69.99,11,1,4,0,0,0,1,1,3.508,6,107.496923025433,81,134.372711427986
279,12,1,1,0,0,1,1,0,0,0,67,38,1,27.972,25.742,25.147,5,0,0,0,0,1,0,0,6,7,1,1,0,0,13,2,15,0,0,0,0,2,0,1,0,0,0,0,0,15,1,4,0,0,0,1,0,0,0,1290,67,147.546893822693
280,10,2,0,1,6,2,0,1,0,0,82,57,1,20.569,34.474,26.092,2,0,1,0,0,0,0,0,11,11,0,0,0,0,0,0,0,0,0,0,0,0,0,0,0,0,0,1,69.99,11,1,2,0,1,0,0,1,6.032,1,80.6226922690748,89.032,105.715169318315
281,11,1,1,0,7,4,0,0,0,1,73,37,1,28.571,26.444,19.17,6,0,0,0,0,0,1,0,19,6,1,1,0,0,13,1,14,0,0,0,0,4,0,0,0,1,0,0,0,20,1,1,1,0,0,0,0,0,8,861.224,81,103.855669079738
282,3,1,1,0,6,2,0,1,0,0,108,53,2,0,0,0,6,0,0,0,0,0,1,0,13,8,3,0,0,1,13,1,15,0,0,0,0,2,0,1,0,0,0,0,0,16,1,3,0,0,1,0,0,0,10,2802.42,123,193.943403251845
283,11,1,1,0,12,2,0,1,0,0,58,52,1,17.452,25.802,18.4,4,0,0,0,1,0,0,0,4.5,6,1,1,0,0,13,1,15,0,0,0,0,1,1,0,0,0,0,0,0,18,1,3,0,0,1,0,1,6.634,0,0,64.634,111.450612912416
284,4,1,1,0,4,4,0,0,0,1,109,35,2,0,0,0,6,0,0,0,0,0,1,0,17,9,3,0,0,1,13,2,14,0,0,0,0,3,0,0,1,0,0,0,0,12,1,2,0,1,0,0,0,0,13,2492,127,169.331036729833
285,2,1,1,0,16,2,0,1,0,0,119,49,2,0,0,0,3,0,0,1,0,0,0,0,20,20,0,0,0,0,0,0,0,0,0,0,0,0,0,0,0,0,0,1,69.99,20,1,2,0,1,0,0,0,0,18,195.448950955333,155,183.382114722238
286,0,1,1,0,0,1,1,0,0,0,59,39,2,0,0,0,1,1,0,0,0,0,0,0,14,14,0,0,0,0,0,0,0,0,0,0,0,0,0,0,0,0,0,1,69.99,14,1,1,1,0,0,0,0,0,14,68.4071328343665,87,95.3414914924242
287,3,2,0,1,29,4,0,0,0,1,128,24,2,0,0,0,4,0,0,0,1,0,0,0,9,9,3,0,0,1,13,2,15,0,0,0,0,5,0,0,0,0,1,0,0,15,1,1,1,0,0,0,0,0,6,0,140,158.354033734541
288,15,2,0,1,1,4,0,0,0,1,112,19,2,0,0,0,6,0,0,0,0,0,1,0,23,7,1,1,0,0,13,2,14,0,0,0,0,5,0,0,0,0,1,0,0,19,1,2,0,1,0,0,1,7.816,8,1577.632,127.816,162.286567084278
289,0,1,1,0,9,3,0,0,1,0,34,48,2,0,0,0,1,1,0,0,0,0,0,0,20,20,0,0,0,0,0,0,0,0,0,0,0,0,0,0,0,0,0,1,69.99,20,1,2,0,1,0,0,0,0,20,97.7244754776665,74,121.210560596014
290,12,1,1,0,0,1,1,0,0,0,111,55,2,0,0,0,5,0,0,0,0,1,0,0,7,7,2,0,1,0,13,1,14,0,0,0,0,4,0,0,0,1,0,0,0,18,1,1,1,0,0,0,1,8.277,0,2436,119.277,145.313463687987
291,14,2,0,1,0,1,1,0,0,0,61,20,1,16.408,26.352,16.08,5,0,0,0,0,1,0,0,7,7,2,0,1,0,13,1,15,0,0,0,0,4,0,0,0,1,0,0,0,18,1,2,0,1,0,0,1,2.074,0,990,63.074,122.488078913827
292,15,1,1,0,6,2,0,1,0,0,80,50,1,33.581,23.337,19.473,7,0,0,0,0,0,0,1,33,33,0,0,0,0,0,0,0,46,33,55,13,0,0,0,0,0,0,0,0,19,1,1,1,0,0,0,0,0,18,0,116,116
293,13,1,1,0,0,2,0,1,0,0,70,55,1,17.148,24.344,26.963,7,0,0,0,0,0,0,1,33,33,0,0,0,0,0,0,0,48,33,55,13,0,0,0,0,0,0,0,0,18,1,4,0,0,0,1,1,2.116,20,0,110,82.1642634464764
294,3,1,1,0,17,2,0,1,0,0,92,50,1,10.155,30.384,13.032,2,0,1,0,0,0,0,0,12,12,0,0,0,0,0,0,0,0,0,0,0,0,0,0,0,0,0,1,69.99,12,1,3,0,0,1,0,0,0,9,87.9520279298998,110,176.883158739214
295,2,2,0,1,0,1,1,0,0,0,107,50,1,10.404,36.714,17.438,7,0,0,0,0,0,0,1,33,33,0,0,0,0,0,0,0,48,33,55,13,0,0,0,0,0,0,0,0,17,1,4,0,0,0,1,0,0,31,0,169,183.589071249706
296,9,2,0,1,0,1,1,0,0,0,74,31,2,0,0,0,6,0,0,0,0,0,1,0,17,8,2,0,1,0,13,2,14,0,0,0,0,3,0,0,1,0,0,0,0,17,1,3,0,0,1,0,0,0,8,1192.408,82,193.145397863758
297,7,2,0,1,22,4,0,0,0,1,120,39,1,37.183,23.245,12.443,1,1,0,0,0,0,0,0,16,16,0,0,0,0,0,0,0,0,0,0,0,0,0,0,0,0,0,1,69.99,16,1,4,0,0,0,1,0,0,9,78.1795803821332,138,145.381481548585
298,13,2,0,1,0,1,1,0,0,0,55,27,1,12.328,24.82,29.221,6,0,0,0,0,0,1,0,17,7,1,1,0,0,13,2,15,0,0,0,0,3,0,0,1,0,0,0,0,16,1,4,0,0,0,1,0,0,4,425.16,59,136.903719089723
299,11,1,1,0,9,2,0,1,0,0,121,21,1,29.071,36.857,17.286,7,0,0,0,0,0,0,1,33,33,0,0,0,0,0,0,0,48,33,55,13,0,0,0,0,0,0,0,0,17,1,4,0,0,0,1,1,6,22,0,165,82.119592754572
300,8,1,1,0,17,4,0,0,0,1,124,37,2,0,0,0,4,0,0,0,1,0,0,0,4.5,7,2,0,1,0,13,1,15,0,0,0,0,1,1,0,0,0,0,0,0,17,1,4,0,0,0,1,1,7.127,0,0,131.127,185.675919368624
301,2,2,0,1,1,2,0,1,0,0,131,56,1,31.603,23.858,20.213,5,0,0,0,0,1,0,0,5.5,9,3,0,0,1,13,2,15,0,0,0,0,1,1,0,0,0,0,0,0,20,1,3,0,0,1,0,0,0,3.5,3810,141.5,227.811884441023
302,13,1,1,0,6,3,0,0,1,0,63,36,2,0,0,0,5,0,0,0,0,1,0,0,7,6,1,1,0,0,13,1,15,0,0,0,0,4,0,0,0,1,0,0,0,20,1,4,0,0,0,1,1,6.132,0,1110,69.132,139.842676079992
303,1,1,1,0,10,2,0,1,0,0,58,29,1,27.862,38.289,21.33,1,1,0,0,0,0,0,0,15,15,0,0,0,0,0,0,0,0,0,0,0,0,0,0,0,0,0,1,69.99,15,1,1,1,0,0,0,0,0,14,73.2933566082499,86,86
304,3,2,0,1,20,4,0,0,0,1,91,54,2,0,0,0,5,0,0,0,0,1,0,0,5,6,1,1,0,0,13,1,14,0,0,0,0,2,0,1,0,0,0,0,0,18,1,2,0,1,0,0,0,0,2,2380,96,195.233193898988
305,15,1,1,0,21,2,0,1,0,0,106,57,2,0,0,0,2,0,1,0,0,0,0,0,19,19,0,0,0,0,0,0,0,0,0,0,0,0,0,0,0,0,0,1,69.99,19,1,4,0,0,0,1,1,7.995,4,139.257377555675,117.995,147.971628280118
306,4,2,0,1,0,1,1,0,0,0,97,28,1,26.448,32.474,12.238,2,0,1,0,0,0,0,0,16,16,0,0,0,0,0,0,0,0,0,0,0,0,0,0,0,0,0,1,69.99,16,1,4,0,0,0,1,1,5.253,12,117.2693705732,121,115.782564696454
307,3,2,0,1,0,1,1,0,0,0,39,52,1,29.425,28.968,24.298,7,0,0,0,0,0,0,1,33,33,0,0,0,0,0,0,0,45,33,55,13,0,0,0,0,0,0,0,0,15,1,3,0,0,1,0,0,0,30,0,99,164.746395169715
308,10,1,1,0,5,2,0,1,0,0,42,47,1,22.422,28.872,23.846,6,0,0,0,0,0,1,0,13,6,1,1,0,0,13,1,15,0,0,0,0,2,0,1,0,0,0,0,0,12,1,1,1,0,0,0,0,0,3,377.58,45,45
309,11,2,0,1,16,3,0,0,1,0,110,38,2,0,0,0,6,0,0,0,0,0,1,0,22,6,1,1,0,0,13,1,14,0,0,0,0,5,0,0,0,0,1,0,0,13,1,2,0,1,0,0,1,4.355,11,1745.632,125.355,186.434642770597
310,6,1,1,0,0,1,1,0,0,0,92,53,1,36.009,37.237,19.749,6,0,0,0,0,0,1,0,16,7,2,0,1,0,13,1,14,0,0,0,0,3,0,0,1,0,0,0,0,13,1,3,0,0,1,0,0,0,10,1864.408,103,246.779139805369
311,14,2,0,1,12,2,0,1,0,0,84,55,2,0,0,0,4,0,0,0,1,0,0,0,7,7,2,0,1,0,13,1,14,0,0,0,0,4,0,0,0,1,0,0,0,18,1,4,0,0,0,1,1,8.256,0,0,92.256,103.572698931879
312,15,2,0,1,27,3,0,0,1,0,91,41,1,17.258,27.697,26.44,1,1,0,0,0,0,0,0,13,13,0,0,0,0,0,0,0,0,0,0,0,0,0,0,0,0,0,1,69.99,13,1,1,1,0,0,0,0,0,0,63.5209090604832,91,109.553639829994
313,12,1,1,0,7,2,0,1,0,0,128,24,2,0,0,0,1,1,0,0,0,0,0,0,13,13,0,0,0,0,0,0,0,0,0,0,0,0,0,0,0,0,0,1,69.99,13,1,2,0,1,0,0,1,5.321,1,63.5209090604832,134.321,136.448272400203
314,10,2,0,1,0,1,1,0,0,0,60,44,2,0,0,0,3,0,0,1,0,0,0,0,12,12,0,0,0,0,0,0,0,0,0,0,0,0,0,0,0,0,0,1,69.99,12,1,2,0,1,0,0,0,0,2,117.2693705732,64,125.538838611802
315,9,2,0,1,14,2,0,1,0,0,56,42,2,0,0,0,3,0,0,1,0,0,0,0,15,15,0,0,0,0,0,0,0,0,0,0,0,0,0,0,0,0,0,1,69.99,15,1,2,0,1,0,0,1,5.88,6,146.5867132165,68,79.9249648107523
316,13,1,1,0,0,1,1,0,0,0,66,58,1,22.822,32.046,17.827,7,0,0,0,0,0,0,1,33,33,0,0,0,0,0,0,0,46,33,55,13,0,0,0,0,0,0,0,0,19,1,2,0,1,0,0,1,3.429,20,0,106,157.136883003323
317,2,2,0,1,0,1,1,0,0,0,116,32,2,0,0,0,7,0,0,0,0,0,0,1,33,33,0,0,0,0,0,0,0,46,33,55,13,0,0,0,0,0,0,0,0,19,1,1,1,0,0,0,1,7.718,31,0,178,185.440017256255
318,11,1,1,0,24,2,0,1,0,0,46,28,1,12.857,36.872,12.963,7,0,0,0,0,0,0,1,33,33,0,0,0,0,0,0,0,46,33,55,13,0,0,0,0,0,0,0,0,12,1,4,0,0,0,1,1,5.13,22,0,90,42.8168709708053
319,11,2,0,1,26,4,0,0,0,1,57,16,2,0,0,0,1,1,0,0,0,0,0,0,20,20,0,0,0,0,0,0,0,0,0,0,0,0,0,0,0,0,0,1,69.99,20,1,2,0,1,0,0,1,3.489,9,97.7244754776665,75,91.2633551870629
320,14,1,1,0,22,3,0,0,1,0,80,42,2,0,0,0,3,0,0,1,0,0,0,0,20,20,0,0,0,0,0,0,0,0,0,0,0,0,0,0,0,0,0,1,69.99,20,1,2,0,1,0,0,1,3.185,6,195.448950955333,92,124.579292019179
321,13,2,0,1,28,4,0,0,0,1,114,31,1,26.074,27.332,20.929,2,0,1,0,0,0,0,0,15,15,0,0,0,0,0,0,0,0,0,0,0,0,0,0,0,0,0,1,69.99,15,1,2,0,1,0,0,1,7.58,2,109.940034912375,123.58,148.310540421104
322,12,1,1,0,15,4,0,0,0,1,104,48,2,0,0,0,6,0,0,0,0,0,1,0,12.5,8,2,0,1,0,13,2,14,0,0,0,0,1,1,0,0,0,0,0,0,13,1,1,1,0,0,0,1,7.999,0.5,2111.592,112.499,135.764594062664
323,15,1,1,0,0,1,1,0,0,0,72,22,2,0,0,0,7,0,0,0,0,0,0,1,33,33,0,0,0,0,0,0,0,45,33,55,13,0,0,0,0,0,0,0,0,16,1,1,1,0,0,0,1,8.505,18,0,108,110.217965867639
324,7,1,1,0,0,1,1,0,0,0,91,40,2,0,0,0,6,0,0,0,0,0,1,0,20,9,3,0,0,1,13,2,15,0,0,0,0,4,0,0,0,1,0,0,0,12,1,1,1,0,0,0,1,7.038,13,1787.58,111.038,131.260951710705
325,15,1,1,0,11,3,0,0,1,0,61,43,2,0,0,0,3,0,0,1,0,0,0,0,19,19,0,0,0,0,0,0,0,0,0,0,0,0,0,0,0,0,0,1,69.99,19,1,4,0,0,0,1,0,0,4,185.676503407566,69,99.8568483774164
326,12,2,0,1,20,2,0,1,0,0,55,42,1,18.736,29.546,23.867,7,0,0,0,0,0,0,1,33,33,0,0,0,0,0,0,0,46,33,55,13,0,0,0,0,0,0,0,0,18,1,3,0,0,1,0,1,5.572,21,0,97,122.27691667458
327,8,2,0,1,15,4,0,0,0,1,74,22,2,0,0,0,4,0,0,0,1,0,0,0,6,7,1,1,0,0,13,2,14,0,0,0,0,2,0,1,0,0,0,0,0,14,1,2,0,1,0,0,0,0,0,0,74,129.274900889538
328,0,1,1,0,29,2,0,1,0,0,104,20,1,26.978,32.254,21.668,1,1,0,0,0,0,0,0,14,14,0,0,0,0,0,0,0,0,0,0,0,0,0,0,0,0,0,1,69.99,14,1,3,0,0,1,0,1,3.426,14,68.4071328343665,132,112.974982661375
329,5,2,0,1,14,3,0,0,1,0,93,18,2,0,0,0,6,0,0,0,0,0,1,0,19,8,3,0,0,1,13,1,14,0,0,0,0,4,0,0,0,1,0,0,0,13,1,2,0,1,0,0,0,0,14,1836.408,110,147.322774885623
330,13,1,1,0,29,4,0,0,0,1,65,23,1,30.774,25.374,25.774,5,0,0,0,0,1,0,0,8,8,3,0,0,1,13,1,15,0,0,0,0,5,0,0,0,0,1,0,0,13,1,4,0,0,0,1,0,0,0,1170,65,115.077415327559
331,9,1,1,0,13,2,0,1,0,0,59,27,2,0,0,0,5,0,0,0,0,1,0,0,9,9,3,0,0,1,13,2,14,0,0,0,0,5,0,0,0,0,1,0,0,16,1,2,0,1,0,0,0,0,0,1148,59,71.8470597867442
332,5,1,1,0,25,3,0,0,1,0,108,46,2,0,0,0,2,0,1,0,0,0,0,0,12,12,0,0,0,0,0,0,0,0,0,0,0,0,0,0,0,0,0,1,69.99,12,1,2,0,1,0,0,1,2.997,7,87.9520279298998,122,152.800523559312
333,7,2,0,1,32,4,0,0,0,1,75,47,2,0,0,0,2,0,1,0,0,0,0,0,16,16,0,0,0,0,0,0,0,0,0,0,0,0,0,0,0,0,0,1,69.99,16,1,4,0,0,0,1,1,6.914,9,117.2693705732,93,141.266701645884
334,12,1,1,0,5,4,0,0,0,1,59,16,1,19.191,34.13,17.69,6,0,0,0,0,0,1,0,14,8,2,0,1,0,13,2,14,0,0,0,0,2,0,1,0,0,0,0,0,16,1,1,1,0,0,0,1,2.348,2,756,63.348,77.1295605069807
335,14,2,0,1,9,3,0,0,1,0,109,54,2,0,0,0,1,1,0,0,0,0,0,0,11,11,0,0,0,0,0,0,0,0,0,0,0,0,0,0,0,0,0,1,69.99,11,1,2,0,1,0,0,1,7.851,0,53.7484615127166,116.851,173.315193220329
336,7,1,1,0,4,3,0,0,1,0,110,46,2,0,0,0,3,0,0,1,0,0,0,0,20,20,0,0,0,0,0,0,0,0,0,0,0,0,0,0,0,0,0,1,69.99,20,1,1,1,0,0,0,0,0,13,195.448950955333,136,143.568798838745
337,13,1,1,0,5,2,0,1,0,0,92,44,2,0,0,0,5,0,0,0,0,1,0,0,6,6,1,1,0,0,13,1,14,0,0,0,0,3,0,0,1,0,0,0,0,18,1,4,0,0,0,1,1,3.033,0,1848,95.033,98.7463951697146
338,14,2,0,1,0,1,1,0,0,0,37,58,2,0,0,0,3,0,0,1,0,0,0,0,11,11,0,0,0,0,0,0,0,0,0,0,0,0,0,0,0,0,0,1,69.99,11,1,4,0,0,0,1,0,0,0,107.496923025433,37,140.02295598054
339,15,1,1,0,0,1,1,0,0,0,84,53,2,0,0,0,7,0,0,0,0,0,0,1,33,33,0,0,0,0,0,0,0,45,33,55,13,0,0,0,0,0,0,0,0,18,1,2,0,1,0,0,1,2.475,18,0,120,160.112460477003
340,6,1,1,0,0,1,1,0,0,0,46,27,2,0,0,0,2,0,1,0,0,0,0,0,13,13,0,0,0,0,0,0,0,0,0,0,0,0,0,0,0,0,0,1,69.99,13,1,2,0,1,0,0,0,0,7,95.2813635907248,60,80.7217442824423
341,2,1,1,0,11,3,0,0,1,0,46,29,1,25.025,25.847,23.195,5,0,0,0,0,1,0,0,9,7,1,1,0,0,13,2,15,0,0,0,0,5,0,0,0,0,1,0,0,18,1,4,0,0,0,1,0,0,7,1260,58,128.929524198909
342,5,1,1,0,0,1,1,0,0,0,118,30,1,13.726,32.302,29.078,4,0,0,0,1,0,0,0,4.5,6,1,1,0,0,13,1,14,0,0,0,0,1,1,0,0,0,0,0,0,19,1,1,1,0,0,0,1,2.94,0,0,120.94,134.128608432355
343,6,1,1,0,16,2,0,1,0,0,89,51,1,28.292,35.633,18.561,4,0,0,0,1,0,0,0,7,6,1,1,0,0,13,1,15,0,0,0,0,4,0,0,0,1,0,0,0,15,1,1,1,0,0,0,0,0,1,0,90,90
344,5,2,0,1,4,2,0,1,0,0,92,16,2,0,0,0,3,0,0,1,0,0,0,0,14,14,0,0,0,0,0,0,0,0,0,0,0,0,0,0,0,0,0,1,69.99,14,1,1,1,0,0,0,0,0,9,136.814265668733,110,110
345,4,2,0,1,8,4,0,0,0,1,65,57,1,36.234,35.234,14.975,6,0,0,0,0,0,1,0,13,6,1,1,0,0,13,1,15,0,0,0,0,2,0,1,0,0,0,0,0,17,1,2,0,1,0,0,1,4.327,9,1427.58,78.327,195.38710021135
346,10,1,1,0,11,4,0,0,0,1,100,46,2,0,0,0,1,1,0,0,0,0,0,0,13,13,0,0,0,0,0,0,0,0,0,0,0,0,0,0,0,0,0,1,69.99,13,1,1,1,0,0,0,1,6.417,3,63.5209090604832,109.417,118.693217535797
347,11,1,1,0,0,1,1,0,0,0,107,38,2,0,0,0,7,0,0,0,0,0,0,1,33,33,0,0,0,0,0,0,0,45,33,55,13,0,0,0,0,0,0,0,0,11,1,3,0,0,1,0,1,7.567,22,0,151,180.952836043204
348,4,1,1,0,14,2,0,1,0,0,84,55,2,0,0,0,5,0,0,0,0,1,0,0,6,8,3,0,0,1,13,1,14,0,0,0,0,3,0,0,1,0,0,0,0,19,1,3,0,0,1,0,1,5.705,2,2128,91.705,245.8401828151
349,7,2,0,1,32,4,0,0,0,1,67,45,2,0,0,0,2,0,1,0,0,0,0,0,12,12,0,0,0,0,0,0,0,0,0,0,0,0,0,0,0,0,0,1,69.99,12,1,3,0,0,1,0,1,5.86,5,87.9520279298998,77.86,157.381481548585
350,5,2,0,1,12,4,0,0,0,1,45,28,1,17.877,33.269,21.235,2,0,1,0,0,0,0,0,13,13,0,0,0,0,0,0,0,0,0,0,0,0,0,0,0,0,0,1,69.99,13,1,2,0,1,0,0,0,0,8,95.2813635907248,61,97.4525525576421
351,0,2,0,1,0,4,0,0,0,1,66,23,2,0,0,0,5,0,0,0,0,1,0,0,6,8,3,0,0,1,13,1,15,0,0,0,0,3,0,0,1,0,0,0,0,19,1,3,0,0,1,0,0,0,6,1980,80,192.492790339429
352,7,1,1,0,0,1,1,0,0,0,64,36,1,32.163,29.755,20.07,5,0,0,0,0,1,0,0,6,8,3,0,0,1,13,1,15,0,0,0,0,3,0,0,1,0,0,0,0,19,1,3,0,0,1,0,1,5.913,0,1500,69.913,178.736962378356
353,2,2,0,1,7,2,0,1,0,0,131,17,1,21.818,38.225,14.018,4,0,0,0,1,0,0,0,4.5,7,2,0,1,0,13,1,15,0,0,0,0,1,1,0,0,0,0,0,0,17,1,4,0,0,0,1,0,0,2.5,0,138.5,110.405942220511
354,9,2,0,1,0,1,1,0,0,0,73,26,1,28.082,24.053,12.048,1,1,0,0,0,0,0,0,17,17,0,0,0,0,0,0,0,0,0,0,0,0,0,0,0,0,0,1,69.99,17,1,2,0,1,0,0,1,2.179,8,83.0658041560165,89,114.477071940192
355,8,2,0,1,20,2,0,1,0,0,110,47,2,0,0,0,3,0,0,1,0,0,0,0,20,20,0,0,0,0,0,0,0,0,0,0,0,0,0,0,0,0,0,1,69.99,20,1,2,0,1,0,0,1,2.734,12,195.448950955333,134,163.682619724881
356,5,2,0,1,25,2,0,1,0,0,39,33,2,0,0,0,1,1,0,0,0,0,0,0,19,19,0,0,0,0,0,0,0,0,0,0,0,0,0,0,0,0,0,1,69.99,19,1,3,0,0,1,0,0,0,14,92.8382517037832,67,58.9257163190372
357,15,2,0,1,11,3,0,0,1,0,40,55,1,25.434,27.39,27.916,1,1,0,0,0,0,0,0,13,13,0,0,0,0,0,0,0,0,0,0,0,0,0,0,0,0,0,1,69.99,13,1,1,1,0,0,0,1,8.262,0,63.5209090604832,48.262,89.1864375563908
358,1,1,1,0,0,1,1,0,0,0,99,31,1,19.136,36.521,25.043,7,0,0,0,0,0,0,1,33,33,0,0,0,0,0,0,0,47,33,55,13,0,0,0,0,0,0,0,0,18,1,4,0,0,0,1,0,0,32,0,163,121.884853507005
359,13,1,1,0,0,1,1,0,0,0,95,40,2,0,0,0,4,0,0,0,1,0,0,0,4.5,7,2,0,1,0,13,1,15,0,0,0,0,1,1,0,0,0,0,0,0,15,1,3,0,0,1,0,0,0,0,0,95,210.197008082131
360,13,2,0,1,0,1,1,0,0,0,44,44,1,13.801,35.768,19.295,5,0,0,0,0,1,0,0,8,6,1,1,0,0,13,1,14,0,0,0,0,5,0,0,0,0,1,0,0,12,1,1,1,0,0,0,1,7.134,0,504,51.134,105.255336947824
361,5,2,0,1,8,3,0,0,1,0,66,48,1,14.161,31.256,27.414,6,0,0,0,0,0,1,0,13,6,1,1,0,0,13,1,15,0,0,0,0,2,0,1,0,0,0,0,0,13,1,4,0,0,0,1,0,0,8,1397.58,75,195.572698931879
362,13,1,1,0,15,4,0,0,0,1,91,36,1,37.787,32.643,17.967,6,0,0,0,0,0,1,0,16,8,3,0,0,1,13,1,14,0,0,0,0,3,0,0,1,0,0,0,0,15,1,4,0,0,0,1,1,8.542,3,1484,102.542,154.129025545931
363,13,1,1,0,0,4,0,0,0,1,84,58,2,0,0,0,1,1,0,0,0,0,0,0,16,16,0,0,0,0,0,0,0,0,0,0,0,0,0,0,0,0,0,1,69.99,16,1,1,1,0,0,0,1,3.286,3,78.1795803821332,90.286,107.310585666094
364,14,1,1,0,0,1,1,0,0,0,65,33,2,0,0,0,3,0,0,1,0,0,0,0,16,16,0,0,0,0,0,0,0,0,0,0,0,0,0,0,0,0,0,1,69.99,16,1,2,0,1,0,0,0,0,2,156.359160764266,69,95.4829827770373
365,0,1,1,0,0,1,1,0,0,0,70,17,2,0,0,0,1,1,0,0,0,0,0,0,13,13,0,0,0,0,0,0,0,0,0,0,0,0,0,0,0,0,0,1,69.99,13,1,2,0,1,0,0,0,0,13,63.5209090604832,96,101.843016451792
366,15,1,1,0,6,4,0,0,0,1,75,49,2,0,0,0,4,0,0,0,1,0,0,0,7,9,3,0,0,1,13,2,14,0,0,0,0,3,0,0,1,0,0,0,0,11,1,3,0,0,1,0,1,5.382,0,0,80.382,195.56326614052
367,4,2,0,1,17,4,0,0,0,1,97,36,2,0,0,0,3,0,0,1,0,0,0,0,16,16,0,0,0,0,0,0,0,0,0,0,0,0,0,0,0,0,0,1,69.99,16,1,2,0,1,0,0,1,8.035,12,156.359160764266,121,152.003289438091
368,0,1,1,0,0,1,1,0,0,0,83,18,2,0,0,0,7,0,0,0,0,0,0,1,33,33,0,0,0,0,0,0,0,46,33,55,13,0,0,0,0,0,0,0,0,16,1,1,1,0,0,0,1,3.849,33,0,149,150.083310198036
369,5,1,1,0,10,4,0,0,0,1,71,47,2,0,0,0,5,0,0,0,0,1,0,0,9,9,3,0,0,1,13,2,15,0,0,0,0,5,0,0,0,0,1,0,0,20,1,1,1,0,0,0,1,7.481,4,1830,82.481,112.836675602394
370,12,2,0,1,26,3,0,0,1,0,46,22,1,25.255,29.47,24.981,4,0,0,0,1,0,0,0,5,8,3,0,0,1,13,1,14,0,0,0,0,2,0,1,0,0,0,0,0,16,1,2,0,1,0,0,0,0,0,0,46,115.550854605234
371,5,1,1,0,13,3,0,0,1,0,34,41,2,0,0,0,3,0,0,1,0,0,0,0,13,13,0,0,0,0,0,0,0,0,0,0,0,0,0,0,0,0,0,1,69.99,13,1,3,0,0,1,0,1,3.978,8,127.041818120966,50,103.455765229548
372,10,2,0,1,27,3,0,0,1,0,91,18,2,0,0,0,5,0,0,0,0,1,0,0,4.5,7,2,0,1,0,13,1,15,0,0,0,0,1,1,0,0,0,0,0,0,20,1,4,0,0,0,1,1,4.797,0,2130,95.797,144.833243288632
373,1,1,1,0,0,1,1,0,0,0,116,57,2,0,0,0,1,1,0,0,0,0,0,0,19,19,0,0,0,0,0,0,0,0,0,0,0,0,0,0,0,0,0,1,69.99,19,1,4,0,0,0,1,1,4.402,18,92.8382517037832,152,164.957442420177
374,13,1,1,0,0,1,1,0,0,0,47,22,2,0,0,0,2,0,1,0,0,0,0,0,18,18,0,0,0,0,0,0,0,0,0,0,0,0,0,0,0,0,0,1,69.99,18,1,2,0,1,0,0,1,6.797,5,131.92804189485,58.797,73.4376416356081
375,15,2,0,1,31,3,0,0,1,0,101,38,2,0,0,0,3,0,0,1,0,0,0,0,11,11,0,0,0,0,0,0,0,0,0,0,0,0,0,0,0,0,0,1,69.99,11,1,1,1,0,0,0,0,0,0,107.496923025433,101,116.468879963705
376,5,2,0,1,0,1,1,0,0,0,82,16,1,34.68,27.631,12.604,4,0,0,0,1,0,0,0,6,7,1,1,0,0,13,2,15,0,0,0,0,2,0,1,0,0,0,0,0,15,1,3,0,0,1,0,1,6.257,1,0,89.257,185.901225824832
377,12,1,1,0,32,3,0,0,1,0,115,36,1,10.03,30.204,20.441,5,0,0,0,0,1,0,0,6,8,2,0,1,0,13,2,15,0,0,0,0,2,0,1,0,0,0,0,0,12,1,3,0,0,1,0,1,4.919,0,2730,119.919,229.361271528607
378,13,1,1,0,20,2,0,1,0,0,50,26,1,37.258,35.631,20.584,3,0,0,1,0,0,0,0,16,16,0,0,0,0,0,0,0,0,0,0,0,0,0,0,0,0,0,1,69.99,16,1,1,1,0,0,0,0,0,3,156.359160764266,56,56
379,8,2,0,1,15,2,0,1,0,0,85,45,1,14.915,27.744,26.036,6,0,0,0,0,0,1,0,13,7,2,0,1,0,13,1,15,0,0,0,0,2,0,1,0,0,0,0,0,19,1,3,0,0,1,0,0,0,5,1830,90,145.197008082131
380,8,1,1,0,9,4,0,0,0,1,67,56,1,15.584,23.591,27.328,3,0,0,1,0,0,0,0,14,14,0,0,0,0,0,0,0,0,0,0,0,0,0,0,0,0,0,1,69.99,14,1,3,0,0,1,0,1,8.628,6,136.814265668733,81.628,157.59350111279
381,7,1,1,0,28,4,0,0,0,1,125,32,1,20.025,30.592,28.992,6,0,0,0,0,0,1,0,13,8,3,0,0,1,13,1,14,0,0,0,0,2,0,1,0,0,0,0,0,13,1,3,0,0,1,0,0,0,6,2867.592,132,243.056056479949
382,5,2,0,1,16,2,0,1,0,0,91,57,2,0,0,0,4,0,0,0,1,0,0,0,7,7,1,1,0,0,13,2,14,0,0,0,0,3,0,0,1,0,0,0,0,15,1,2,0,1,0,0,1,5.635,2,0,98.635,184.566690453614
383,8,1,1,0,0,1,1,0,0,0,36,17,1,35.3,29.9,14.44,5,0,0,0,0,1,0,0,6,6,1,1,0,0,13,1,15,0,0,0,0,3,0,0,1,0,0,0,0,18,1,4,0,0,0,1,1,2.031,0,600,38.031,91.3473924756711
384,0,1,1,0,0,1,1,0,0,0,90,23,2,0,0,0,5,0,0,0,0,1,0,0,5.5,9,3,0,0,1,13,2,15,0,0,0,0,1,1,0,0,0,0,0,0,17,1,2,0,1,0,0,1,4.977,5.5,2700,104.5,138.568575081077
385,2,2,0,1,29,4,0,0,0,1,53,25,1,17.173,38.434,21.312,1,1,0,0,0,0,0,0,18,18,0,0,0,0,0,0,0,0,0,0,0,0,0,0,0,0,0,1,69.99,18,1,2,0,1,0,0,1,4.72,16,87.9520279298998,85,110.113577727726
386,4,1,1,0,0,1,1,0,0,0,88,52,2,0,0,0,2,0,1,0,0,0,0,0,13,13,0,0,0,0,0,0,0,0,0,0,0,0,0,0,0,0,0,1,69.99,13,1,1,1,0,0,0,1,4.445,9,95.2813635907248,106,118.067777145164
387,11,1,1,0,23,3,0,0,1,0,86,36,1,19.386,32.23,15.331,2,0,1,0,0,0,0,0,17,17,0,0,0,0,0,0,0,0,0,0,0,0,0,0,0,0,0,1,69.99,17,1,1,1,0,0,0,0,0,6,124.598706234025,98,104.403065089105
388,6,2,0,1,25,3,0,0,1,0,64,39,1,19.136,35.713,28.142,1,1,0,0,0,0,0,0,18,18,0,0,0,0,0,0,0,0,0,0,0,0,0,0,0,0,0,1,69.99,18,1,1,1,0,0,0,1,2.86,12,87.9520279298998,88,105.948100502085
389,14,2,0,1,0,1,1,0,0,0,60,45,1,28.476,31.52,23.561,1,1,0,0,0,0,0,0,19,19,0,0,0,0,0,0,0,0,0,0,0,0,0,0,0,0,0,1,69.99,19,1,2,0,1,0,0,0,0,5,92.8382517037832,70,130.384048104053
390,4,1,1,0,0,1,1,0,0,0,66,22,2,0,0,0,4,0,0,0,1,0,0,0,8,6,1,1,0,0,13,1,14,0,0,0,0,5,0,0,0,0,1,0,0,12,1,4,0,0,0,1,0,0,4,0,72,121.807438179446
391,11,2,0,1,2,2,0,1,0,0,90,47,1,18.382,27.29,19.042,1,1,0,0,0,0,0,0,14,14,0,0,0,0,0,0,0,0,0,0,0,0,0,0,0,0,0,1,69.99,14,1,2,0,1,0,0,1,4.874,3,68.4071328343665,97.874,108.574029472982
392,0,1,1,0,0,1,1,0,0,0,103,50,1,18.162,24.843,11.811,1,1,0,0,0,0,0,0,17,17,0,0,0,0,0,0,0,0,0,0,0,0,0,0,0,0,0,1,69.99,17,1,4,0,0,0,1,0,0,17,83.0658041560165,137,146.040496221738
393,5,2,0,1,10,3,0,0,1,0,95,18,2,0,0,0,7,0,0,0,0,0,0,1,33,33,0,0,0,0,0,0,0,46,33,55,13,0,0,0,0,0,0,0,0,18,1,1,1,0,0,0,1,4.05,28,0,151,155.708060163885
394,0,2,0,1,13,4,0,0,0,1,54,42,1,32.368,24.117,13.465,1,1,0,0,0,0,0,0,19,19,0,0,0,0,0,0,0,0,0,0,0,0,0,0,0,0,0,1,69.99,19,1,3,0,0,1,0,0,0,19,92.8382517037832,92,152.275471766483
395,3,2,0,1,0,1,1,0,0,0,126,56,1,22.697,27.921,22.444,3,0,0,1,0,0,0,0,19,19,0,0,0,0,0,0,0,0,0,0,0,0,0,0,0,0,0,1,69.99,19,1,2,0,1,0,0,0,0,16,185.676503407566,158,205.883462181886
396,12,1,1,0,0,1,1,0,0,0,76,22,2,0,0,0,6,0,0,0,0,0,1,0,19,6,1,1,0,0,13,1,15,0,0,0,0,4,0,0,0,1,0,0,0,15,1,1,1,0,0,0,0,0,7,952.74,83,97.9438614717635
397,6,1,1,0,9,2,0,1,0,0,99,58,2,0,0,0,6,0,0,0,0,0,1,0,19,8,3,0,0,1,13,1,14,0,0,0,0,4,0,0,0,1,0,0,0,18,1,1,1,0,0,0,1,5.558,13,1948.408,117.558,117.558
398,12,1,1,0,9,4,0,0,0,1,37,56,2,0,0,0,5,0,0,0,0,1,0,0,5.5,8,2,0,1,0,13,2,15,0,0,0,0,1,1,0,0,0,0,0,0,18,1,1,1,0,0,0,1,6.621,0,390,43.621,96.4302423568457
399,7,2,0,1,0,1,1,0,0,0,93,40,2,0,0,0,4,0,0,0,1,0,0,0,6,7,2,0,1,0,13,1,14,0,0,0,0,3,0,0,1,0,0,0,0,15,1,4,0,0,0,1,1,5.102,0,0,98.102,190.772200278901
400,0,2,0,1,8,2,0,1,0,0,61,39,2,0,0,0,4,0,0,0,1,0,0,0,6,9,3,0,0,1,13,2,14,0,0,0,0,2,0,1,0,0,0,0,0,19,1,2,0,1,0,0,1,2.896,6,0,76,92.655275079188
401,14,2,0,1,0,1,1,0,0,0,104,36,1,14.495,32.727,26.603,6,0,0,0,0,0,1,0,11.5,6,1,1,0,0,13,1,15,0,0,0,0,1,1,0,0,0,0,0,0,17,1,4,0,0,0,1,1,6.295,0,2160,110.295,183.92009140755
402,3,1,1,0,0,1,1,0,0,0,121,48,1,23.386,28.027,12.131,7,0,0,0,0,0,0,1,33,33,0,0,0,0,0,0,0,45,33,55,13,0,0,0,0,0,0,0,0,12,1,2,0,1,0,0,0,0,30,0,181,204.882893380585
403,8,1,1,0,10,4,0,0,0,1,84,23,2,0,0,0,5,0,0,0,0,1,0,0,8,7,1,1,0,0,13,2,14,0,0,0,0,4,0,0,0,1,0,0,0,20,1,1,1,0,0,0,1,8.725,0,1904,92.725,105.82497637609
404,14,1,1,0,0,1,1,0,0,0,61,38,2,0,0,0,6,0,0,0,0,0,1,0,17,7,1,1,0,0,13,2,14,0,0,0,0,3,0,0,1,0,0,0,0,17,1,1,1,0,0,0,1,2.302,3,508.816,66.302,93.5518850905742
405,6,2,0,1,30,4,0,0,0,1,101,23,2,0,0,0,7,0,0,0,0,0,0,1,33,33,0,0,0,0,0,0,0,47,33,55,13,0,0,0,0,0,0,0,0,15,1,2,0,1,0,0,0,0,27,0,155,168.466613903171
406,1,1,1,0,30,3,0,0,1,0,63,19,1,23.781,28.291,20.536,5,0,0,0,0,1,0,0,6,8,2,0,1,0,13,2,15,0,0,0,0,2,0,1,0,0,0,0,0,12,1,3,0,0,1,0,0,0,5,1830,75,158.319094101594
407,2,2,0,1,26,2,0,1,0,0,112,45,1,26.149,22.936,15.53,1,1,0,0,0,0,0,0,18,18,0,0,0,0,0,0,0,0,0,0,0,0,0,0,0,0,0,1,69.99,18,1,3,0,0,1,0,0,0,16,87.9520279298998,144,186.550943532966
408,12,2,0,1,0,1,1,0,0,0,101,54,1,26.004,38.611,20.866,6,0,0,0,0,0,1,0,22,7,2,0,1,0,13,1,15,0,0,0,0,5,0,0,0,0,1,0,0,20,1,2,0,1,0,0,0,0,10,1582.74,111,205.548047910945
409,2,2,0,1,30,3,0,0,1,0,79,45,2,0,0,0,6,0,0,0,0,0,1,0,20,7,1,1,0,0,13,2,15,0,0,0,0,4,0,0,0,1,0,0,0,11,1,4,0,0,0,1,1,5.135,18,1642.74,102.135,201.302721783767
410,10,2,0,1,4,4,0,0,0,1,65,30,1,10.814,26.077,24.105,3,0,0,1,0,0,0,0,19,19,0,0,0,0,0,0,0,0,0,0,0,0,0,0,0,0,0,1,69.99,19,1,4,0,0,0,1,0,0,9,185.676503407566,83,100.114779902701
411,4,2,0,1,0,1,1,0,0,0,55,37,2,0,0,0,5,0,0,0,0,1,0,0,6,9,3,0,0,1,13,2,15,0,0,0,0,2,0,1,0,0,0,0,0,15,1,2,0,1,0,0,0,0,2,1410,62,152.200525623271
412,15,2,0,1,0,1,1,0,0,0,126,53,1,29.72,30.701,26.704,4,0,0,0,1,0,0,0,6,8,2,0,1,0,13,2,15,0,0,0,0,2,0,1,0,0,0,0,0,20,1,1,1,0,0,0,0,0,0,0,126,162.742127305747
413,3,1,1,0,2,2,0,1,0,0,48,22,1,27.068,33.451,26.054,3,0,0,1,0,0,0,0,13,13,0,0,0,0,0,0,0,0,0,0,0,0,0,0,0,0,0,1,69.99,13,1,2,0,1,0,0,1,6.574,10,127.041818120966,68,71.4702735408225
414,13,1,1,0,14,2,0,1,0,0,79,40,2,0,0,0,7,0,0,0,0,0,0,1,33,33,0,0,0,0,0,0,0,47,33,55,13,0,0,0,0,0,0,0,0,17,1,1,1,0,0,0,0,0,20,0,119,125.542821379799
415,4,2,0,1,31,4,0,0,0,1,102,21,2,0,0,0,2,0,1,0,0,0,0,0,11,11,0,0,0,0,0,0,0,0,0,0,0,0,0,0,0,0,0,1,69.99,11,1,2,0,1,0,0,0,0,7,80.6226922690748,116,131.529464379659
416,13,1,1,0,23,3,0,0,1,0,125,48,2,0,0,0,5,0,0,0,0,1,0,0,6,8,2,0,1,0,13,2,14,0,0,0,0,2,0,1,0,0,0,0,0,16,1,2,0,1,0,0,1,6.839,0,2772,131.839,190.854714170229
417,14,2,0,1,5,2,0,1,0,0,59,22,1,26.468,38.286,28.332,4,0,0,0,1,0,0,0,5,8,3,0,0,1,13,1,14,0,0,0,0,2,0,1,0,0,0,0,0,17,1,2,0,1,0,0,1,5.403,0,0,64.403,73.7817484815859
418,2,2,0,1,15,3,0,0,1,0,96,19,2,0,0,0,2,0,1,0,0,0,0,0,17,17,0,0,0,0,0,0,0,0,0,0,0,0,0,0,0,0,0,1,69.99,17,1,4,0,0,0,1,1,4.442,15,124.598706234025,126,99.1235500233003
419,4,1,1,0,0,1,1,0,0,0,96,53,2,0,0,0,3,0,0,1,0,0,0,0,14,14,0,0,0,0,0,0,0,0,0,0,0,0,0,0,0,0,0,1,69.99,14,1,1,1,0,0,0,1,2.644,10,136.814265668733,116,127.534309109353
420,3,1,1,0,10,4,0,0,0,1,63,23,2,0,0,0,5,0,0,0,0,1,0,0,9,7,1,1,0,0,13,2,15,0,0,0,0,5,0,0,0,0,1,0,0,15,1,3,0,0,1,0,1,7.55,6,1710,76.55,161.380137111325
421,10,1,1,0,13,3,0,0,1,0,114,20,1,28.916,33.514,13.106,3,0,0,1,0,0,0,0,14,14,0,0,0,0,0,0,0,0,0,0,0,0,0,0,0,0,0,1,69.99,14,1,4,0,0,0,1,1,7.105,4,136.814265668733,125.105,82.0175402411982
422,8,1,1,0,19,4,0,0,0,1,113,19,1,27.412,35.11,13.246,4,0,0,0,1,0,0,0,6,6,1,1,0,0,13,1,15,0,0,0,0,3,0,0,1,0,0,0,0,16,1,2,0,1,0,0,1,4.169,0,0,117.169,143.588211775898
423,2,1,1,0,14,4,0,0,0,1,116,36,1,29.975,33.876,21.811,6,0,0,0,0,0,1,0,22,8,3,0,0,1,13,1,15,0,0,0,0,5,0,0,0,0,1,0,0,19,1,3,0,0,1,0,1,4.961,20,2675.16,142,255.290795727516
424,13,1,1,0,17,3,0,0,1,0,34,36,1,12.547,37.306,27.872,4,0,0,0,1,0,0,0,6,8,2,0,1,0,13,2,14,0,0,0,0,2,0,1,0,0,0,0,0,11,1,4,0,0,0,1,1,3.541,0,0,37.541,118.938956990268
425,2,2,0,1,31,3,0,0,1,0,76,22,1,15.3,29.192,14.446,7,0,0,0,0,0,0,1,33,33,0,0,0,0,0,0,0,46,33,55,13,0,0,0,0,0,0,0,0,19,1,3,0,0,1,0,0,0,31,0,138,152.901225824832
426,14,1,1,0,5,3,0,0,1,0,101,52,2,0,0,0,5,0,0,0,0,1,0,0,4.5,6,1,1,0,0,13,1,14,0,0,0,0,1,1,0,0,0,0,0,0,15,1,4,0,0,0,1,0,0,0,2044,101,191.0679825362
427,10,1,1,0,0,1,1,0,0,0,108,33,2,0,0,0,7,0,0,0,0,0,0,1,33,33,0,0,0,0,0,0,0,47,33,55,13,0,0,0,0,0,0,0,0,14,1,4,0,0,0,1,1,6.436,23,0,154,120.328526892953
428,7,2,0,1,24,3,0,0,1,0,101,19,1,17.652,35.884,23.219,1,1,0,0,0,0,0,0,15,15,0,0,0,0,0,0,0,0,0,0,0,0,0,0,0,0,0,1,69.99,15,1,1,1,0,0,0,1,2.462,8,73.2933566082499,117,123.328828746567
429,12,1,1,0,0,1,1,0,0,0,118,58,2,0,0,0,3,0,0,1,0,0,0,0,15,15,0,0,0,0,0,0,0,0,0,0,0,0,0,0,0,0,0,1,69.99,15,1,2,0,1,0,0,1,6.913,3,146.5867132165,127.913,172.678127071728
430,8,1,1,0,0,1,1,0,0,0,73,38,2,0,0,0,7,0,0,0,0,0,0,1,33,33,0,0,0,0,0,0,0,48,33,55,13,0,0,0,0,0,0,0,0,20,1,4,0,0,0,1,0,0,25,0,123,111.190068555663
431,12,1,1,0,14,2,0,1,0,0,75,39,1,11.418,33.625,17.791,4,0,0,0,1,0,0,0,9,9,3,0,0,1,13,2,14,0,0,0,0,5,0,0,0,0,1,0,0,12,1,1,1,0,0,0,1,2.69,0,0,77.69,77.69
432,7,2,0,1,8,2,0,1,0,0,73,49,1,18.382,33.882,22.56,6,0,0,0,0,0,1,0,11.5,6,1,1,0,0,13,1,14,0,0,0,0,1,1,0,0,0,0,0,0,13,1,1,1,0,0,0,1,7.727,4.5,1540,85.227,85.227
433,4,1,1,0,32,2,0,1,0,0,41,21,1,13.451,36.347,28.014,7,0,0,0,0,0,0,1,33,33,0,0,0,0,0,0,0,47,33,55,13,0,0,0,0,0,0,0,0,17,1,1,1,0,0,0,0,0,29,0,99,99
434,12,1,1,0,17,4,0,0,0,1,55,30,1,12.937,34.582,28.214,7,0,0,0,0,0,0,1,33,33,0,0,0,0,0,0,0,45,33,55,13,0,0,0,0,0,0,0,0,12,1,3,0,0,1,0,0,0,21,0,97,98.2769166745804
435,3,2,0,1,0,1,1,0,0,0,126,51,2,0,0,0,3,0,0,1,0,0,0,0,13,13,0,0,0,0,0,0,0,0,0,0,0,0,0,0,0,0,0,1,69.99,13,1,1,1,0,0,0,0,0,10,127.041818120966,146,162.348390814323
436,15,1,1,0,25,3,0,0,1,0,58,16,2,0,0,0,3,0,0,1,0,0,0,0,14,14,0,0,0,0,0,0,0,0,0,0,0,0,0,0,0,0,0,1,69.99,14,1,2,0,1,0,0,0,0,0,136.814265668733,58,66.2419806467168
437,13,2,0,1,0,1,1,0,0,0,101,17,2,0,0,0,2,0,1,0,0,0,0,0,15,15,0,0,0,0,0,0,0,0,0,0,0,0,0,0,0,0,0,1,69.99,15,1,1,1,0,0,0,0,0,2,109.940034912375,105,111.328343201541
438,0,2,0,1,31,2,0,1,0,0,82,56,2,0,0,0,2,0,1,0,0,0,0,0,11,11,0,0,0,0,0,0,0,0,0,0,0,0,0,0,0,0,0,1,69.99,11,1,2,0,1,0,0,1,8.205,11,80.6226922690748,104,152.839785396342
439,1,2,0,1,24,3,0,0,1,0,61,35,1,10.31,28.162,14.996,4,0,0,0,1,0,0,0,6,6,1,1,0,0,13,1,14,0,0,0,0,3,0,0,1,0,0,0,0,18,1,4,0,0,0,1,1,8.244,5,0,74.244,168.42480780323
440,13,2,0,1,12,3,0,0,1,0,129,48,1,25.07,36.627,24.289,2,0,1,0,0,0,0,0,12,12,0,0,0,0,0,0,0,0,0,0,0,0,0,0,0,0,0,1,69.99,12,1,3,0,0,1,0,0,0,0,87.9520279298998,129,208.080992443477
441,11,1,1,0,10,2,0,1,0,0,104,37,2,0,0,0,7,0,0,0,0,0,0,1,33,33,0,0,0,0,0,0,0,48,33,55,13,0,0,0,0,0,0,0,0,14,1,4,0,0,0,1,1,4.852,22,0,148,87.6243091502515
442,9,1,1,0,32,4,0,0,0,1,53,45,2,0,0,0,3,0,0,1,0,0,0,0,20,20,0,0,0,0,0,0,0,0,0,0,0,0,0,0,0,0,0,1,69.99,20,1,1,1,0,0,0,1,7.501,11,195.448950955333,75,87.4642784226795
443,11,2,0,1,0,1,1,0,0,0,117,24,1,36.793,23.385,19.651,7,0,0,0,0,0,0,1,33,33,0,0,0,0,0,0,0,48,33,55,13,0,0,0,0,0,0,0,0,11,1,3,0,0,1,0,0,0,22,0,161,185.300228518875
444,4,2,0,1,0,1,1,0,0,0,63,40,2,0,0,0,5,0,0,0,0,1,0,0,8,8,3,0,0,1,13,1,14,0,0,0,0,5,0,0,0,0,1,0,0,14,1,2,0,1,0,0,0,0,4,1540,71,158.760826402485
445,2,2,0,1,0,1,1,0,0,0,116,48,1,39.75,25.987,20.712,4,0,0,0,1,0,0,0,9,9,3,0,0,1,13,2,14,0,0,0,0,5,0,0,0,0,1,0,0,12,1,4,0,0,0,1,0,0,7,0,130,227.145397863758
446,13,2,0,1,22,3,0,0,1,0,115,56,2,0,0,0,5,0,0,0,0,1,0,0,6,8,2,0,1,0,13,2,15,0,0,0,0,2,0,1,0,0,0,0,0,13,1,3,0,0,1,0,1,4.433,0,2670,119.433,286.891793033473
447,3,2,0,1,0,1,1,0,0,0,93,58,2,0,0,0,3,0,0,1,0,0,0,0,14,14,0,0,0,0,0,0,0,0,0,0,0,0,0,0,0,0,0,1,69.99,14,1,3,0,0,1,0,1,5.13,11,136.814265668733,115,213.777148957112
448,8,2,0,1,0,1,1,0,0,0,96,55,2,0,0,0,2,0,1,0,0,0,0,0,17,17,0,0,0,0,0,0,0,0,0,0,0,0,0,0,0,0,0,1,69.99,17,1,3,0,0,1,0,0,0,9,124.598706234025,114,201.519217431827
449,7,1,1,0,33,3,0,0,1,0,116,56,1,14.925,26.262,20.528,6,0,0,0,0,0,1,0,12.5,8,2,0,1,0,13,2,15,0,0,0,0,1,1,0,0,0,0,0,0,18,1,1,1,0,0,0,1,7.528,5.5,2922.42,129.028,155.062003031046
450,14,1,1,0,5,3,0,0,1,0,38,55,1,38.192,28.32,14.493,5,0,0,0,0,1,0,0,8,6,1,1,0,0,13,1,15,0,0,0,0,5,0,0,0,0,1,0,0,13,1,2,0,1,0,0,0,0,0,300,38,159.590099943574
451,10,2,0,1,0,1,1,0,0,0,55,25,2,0,0,0,3,0,0,1,0,0,0,0,13,13,0,0,0,0,0,0,0,0,0,0,0,0,0,0,0,0,0,1,69.99,13,1,1,1,0,0,0,1,5.688,3,127.041818120966,63.688,77.9818013641645
452,10,1,1,0,14,3,0,0,1,0,47,27,1,19.291,23.898,21.897,4,0,0,0,1,0,0,0,7,7,1,1,0,0,13,2,15,0,0,0,0,3,0,0,1,0,0,0,0,19,1,1,1,0,0,0,0,0,0,0,47,73.8782782690555
453,11,2,0,1,8,4,0,0,0,1,39,37,2,0,0,0,5,0,0,0,0,1,0,0,6,7,1,1,0,0,13,2,15,0,0,0,0,2,0,1,0,0,0,0,0,19,1,2,0,1,0,0,0,0,0,510,39,144.367586389743
454,12,1,1,0,26,2,0,1,0,0,47,43,2,0,0,0,1,1,0,0,0,0,0,0,19,19,0,0,0,0,0,0,0,0,0,0,0,0,0,0,0,0,0,1,69.99,19,1,3,0,0,1,0,0,0,7,92.8382517037832,61,106.56177501165
455,7,1,1,0,10,2,0,1,0,0,120,32,2,0,0,0,6,0,0,0,0,0,1,0,14,8,2,0,1,0,13,2,14,0,0,0,0,2,0,1,0,0,0,0,0,12,1,1,1,0,0,0,1,8.012,7,2744,135.012,135.012
456,0,1,1,0,13,2,0,1,0,0,72,23,1,18.871,33.269,24.922,1,1,0,0,0,0,0,0,12,12,0,0,0,0,0,0,0,0,0,0,0,0,0,0,0,0,0,1,69.99,12,1,1,1,0,0,0,0,0,12,58.6346852865999,96,96
457,11,2,0,1,0,1,1,0,0,0,70,39,1,10.02,24.561,19.96,2,0,1,0,0,0,0,0,18,18,0,0,0,0,0,0,0,0,0,0,0,0,0,0,0,0,0,1,69.99,18,1,2,0,1,0,0,0,0,7,131.92804189485,84,129.0736224021
458,3,2,0,1,0,1,1,0,0,0,108,45,1,13.636,28.828,26.324,3,0,0,1,0,0,0,0,11,11,0,0,0,0,0,0,0,0,0,0,0,0,0,0,0,0,0,1,69.99,11,1,2,0,1,0,0,1,6.17,8,107.496923025433,124,165.758860999948
459,8,2,0,1,7,2,0,1,0,0,120,42,2,0,0,0,7,0,0,0,0,0,0,1,33,33,0,0,0,0,0,0,0,45,33,55,13,0,0,0,0,0,0,0,0,19,1,2,0,1,0,0,0,0,25,0,170,175.11139311878
460,4,2,0,1,29,4,0,0,0,1,49,24,1,9.895,23.089,23.08,5,0,0,0,0,1,0,0,5.5,7,1,1,0,0,13,2,14,0,0,0,0,1,1,0,0,0,0,0,0,15,1,2,0,1,0,0,1,2.245,1.5,1148,53.5,122.320276324083
461,7,2,0,1,4,3,0,0,1,0,85,53,2,0,0,0,6,0,0,0,0,0,1,0,14,9,3,0,0,1,13,2,15,0,0,0,0,2,0,1,0,0,0,0,0,19,1,1,1,0,0,0,1,7.111,7,1872.42,99.111,142.940513224908
462,12,2,0,1,9,4,0,0,0,1,92,41,2,0,0,0,5,0,0,0,0,1,0,0,8,8,2,0,1,0,13,2,14,0,0,0,0,4,0,0,0,1,0,0,0,19,1,3,0,0,1,0,1,5.006,0,1904,97.006,227.962268834563
463,4,1,1,0,28,2,0,1,0,0,84,44,2,0,0,0,3,0,0,1,0,0,0,0,20,20,0,0,0,0,0,0,0,0,0,0,0,0,0,0,0,0,0,1,69.99,20,1,1,1,0,0,0,0,0,16,195.448950955333,116,124.064499354167
464,7,1,1,0,28,3,0,0,1,0,56,35,1,34.665,37.694,16.555,1,1,0,0,0,0,0,0,19,19,0,0,0,0,0,0,0,0,0,0,0,0,0,0,0,0,0,1,69.99,19,1,2,0,1,0,0,1,4.155,12,92.8382517037832,80,106.301458127346
465,12,2,0,1,0,1,1,0,0,0,43,21,1,27.912,25.094,15.824,7,0,0,0,0,0,0,1,33,33,0,0,0,0,0,0,0,45,33,55,13,0,0,0,0,0,0,0,0,15,1,2,0,1,0,0,0,0,21,0,85,105.209315176937
466,13,2,0,1,18,3,0,0,1,0,56,47,1,28.202,26.621,19.39,6,0,0,0,0,0,1,0,16,7,2,0,1,0,13,1,15,0,0,0,0,3,0,0,1,0,0,0,0,13,1,4,0,0,0,1,1,8.074,3,497.58,67.074,177.521088713507
467,13,1,1,0,29,4,0,0,0,1,116,44,2,0,0,0,2,0,1,0,0,0,0,0,17,17,0,0,0,0,0,0,0,0,0,0,0,0,0,0,0,0,0,1,69.99,17,1,3,0,0,1,0,0,0,4,124.598706234025,124,168.459119610805
468,4,1,1,0,2,3,0,0,1,0,102,31,1,18.956,32.989,13.902,4,0,0,0,1,0,0,0,6,8,3,0,0,1,13,1,15,0,0,0,0,3,0,0,1,0,0,0,0,19,1,3,0,0,1,0,0,0,2,0,108,223.065489271308
469,14,1,1,0,24,4,0,0,0,1,123,37,2,0,0,0,5,0,0,0,0,1,0,0,4.5,6,1,1,0,0,13,1,15,0,0,0,0,1,1,0,0,0,0,0,0,16,1,3,0,0,1,0,0,0,0,2850,123,236.300228518875
470,10,2,0,1,12,2,0,1,0,0,79,58,2,0,0,0,6,0,0,0,0,0,1,0,23,8,2,0,1,0,13,2,15,0,0,0,0,5,0,0,0,0,1,0,0,11,1,4,0,0,0,1,0,0,13,1042.74,92,197.42480780323
471,14,1,1,0,3,4,0,0,0,1,116,50,1,20.025,27.079,22.652,5,0,0,0,0,1,0,0,8,8,3,0,0,1,13,1,15,0,0,0,0,5,0,0,0,0,1,0,0,17,1,4,0,0,0,1,0,0,0,2640,116,199.328526892953
472,0,2,0,1,30,2,0,1,0,0,101,47,2,0,0,0,1,1,0,0,0,0,0,0,13,13,0,0,0,0,0,0,0,0,0,0,0,0,0,0,0,0,0,1,69.99,13,1,1,1,0,0,0,1,6.304,13,63.5209090604832,127,135.417871789509
473,2,2,0,1,24,3,0,0,1,0,62,46,1,34.565,31.913,14.086,2,0,1,0,0,0,0,0,18,18,0,0,0,0,0,0,0,0,0,0,0,0,0,0,0,0,0,1,69.99,18,1,1,1,0,0,0,0,0,16,131.92804189485,94,114.85643212289
474,7,2,0,1,0,1,1,0,0,0,34,44,1,27.038,29.073,21.582,6,0,0,0,0,0,1,0,19,7,2,0,1,0,13,1,14,0,0,0,0,4,0,0,0,1,0,0,0,12,1,3,0,0,1,0,1,6.051,12,32.816,52.051,174.694784951342
475,15,1,1,0,28,2,0,1,0,0,68,31,1,18.416,34.616,19.425,7,0,0,0,0,0,0,1,33,33,0,0,0,0,0,0,0,45,33,55,13,0,0,0,0,0,0,0,0,20,1,2,0,1,0,0,0,0,18,0,104,121.078486941322
476,6,1,1,0,32,2,0,1,0,0,90,47,2,0,0,0,1,1,0,0,0,0,0,0,18,18,0,0,0,0,0,0,0,0,0,0,0,0,0,0,0,0,0,1,69.99,18,1,2,0,1,0,0,1,2.877,12,87.9520279298998,114,147.756556538111
477,2,1,1,0,0,1,1,0,0,0,46,23,1,39.161,38.299,13.257,3,0,0,1,0,0,0,0,20,20,0,0,0,0,0,0,0,0,0,0,0,0,0,0,0,0,0,1,69.99,20,1,3,0,0,1,0,0,0,18,195.448950955333,82,83.547589151709
478,10,1,1,0,2,3,0,0,1,0,100,28,2,0,0,0,6,0,0,0,0,0,1,0,23,8,2,0,1,0,13,2,14,0,0,0,0,5,0,0,0,0,1,0,0,18,1,4,0,0,0,1,0,0,13,1561.224,113,147.389569902684
479,15,1,1,0,9,3,0,0,1,0,130,22,2,0,0,0,7,0,0,0,0,0,0,1,33,33,0,0,0,0,0,0,0,47,33,55,13,0,0,0,0,0,0,0,0,16,1,4,0,0,0,1,0,0,18,0,166,105.736962378356
480,8,2,0,1,25,2,0,1,0,0,117,49,2,0,0,0,1,1,0,0,0,0,0,0,12,12,0,0,0,0,0,0,0,0,0,0,0,0,0,0,0,0,0,1,69.99,12,1,4,0,0,0,1,1,5.259,4,58.6346852865999,126.259,143.146506003841
481,14,1,1,0,11,3,0,0,1,0,89,20,1,10.999,23.515,18.002,4,0,0,0,1,0,0,0,6,8,2,0,1,0,13,2,15,0,0,0,0,2,0,1,0,0,0,0,0,20,1,4,0,0,0,1,0,0,0,0,89,122.659547050797
482,9,2,0,1,2,3,0,0,1,0,111,30,1,21.349,31.554,25.002,3,0,0,1,0,0,0,0,15,15,0,0,0,0,0,0,0,0,0,0,0,0,0,0,0,0,0,1,69.99,15,1,3,0,0,1,0,1,6.838,6,146.5867132165,123.838,163.141090264499
483,14,2,0,1,28,3,0,0,1,0,57,36,2,0,0,0,4,0,0,0,1,0,0,0,7,8,2,0,1,0,13,2,15,0,0,0,0,3,0,0,1,0,0,0,0,13,1,2,0,1,0,0,0,0,0,0,57,148.384635323203
484,10,1,1,0,33,2,0,1,0,0,124,45,1,29.236,34.87,16.745,4,0,0,0,1,0,0,0,4.5,6,1,1,0,0,13,1,14,0,0,0,0,1,1,0,0,0,0,0,0,11,1,1,1,0,0,0,0,0,0,0,124,143.892320851392
485,13,2,0,1,0,1,1,0,0,0,84,28,2,0,0,0,7,0,0,0,0,0,0,1,33,33,0,0,0,0,0,0,0,47,33,55,13,0,0,0,0,0,0,0,0,18,1,3,0,0,1,0,0,0,20,0,124,147.614876358892
486,15,1,1,0,16,3,0,0,1,0,63,18,1,16.933,25.335,20.4,1,1,0,0,0,0,0,0,12,12,0,0,0,0,0,0,0,0,0,0,0,0,0,0,0,0,0,1,69.99,12,1,4,0,0,0,1,0,0,0,58.6346852865999,63,50.7508385953142
487,1,1,1,0,25,4,0,0,0,1,61,51,2,0,0,0,7,0,0,0,0,0,0,1,33,33,0,0,0,0,0,0,0,47,33,55,13,0,0,0,0,0,0,0,0,12,1,4,0,0,0,1,0,0,32,0,125,138.42480780323
488,12,2,0,1,6,3,0,0,1,0,56,18,2,0,0,0,4,0,0,0,1,0,0,0,8,7,1,1,0,0,13,2,15,0,0,0,0,4,0,0,0,1,0,0,0,12,1,1,1,0,0,0,0,0,0,0,56,88.090862182181
489,1,2,0,1,0,1,1,0,0,0,49,22,2,0,0,0,4,0,0,0,1,0,0,0,5.5,8,2,0,1,0,13,2,14,0,0,0,0,1,1,0,0,0,0,0,0,13,1,3,0,0,1,0,0,0,4.5,0,60.5,164.032744635654
490,12,1,1,0,17,2,0,1,0,0,107,23,2,0,0,0,4,0,0,0,1,0,0,0,7,8,3,0,0,1,13,1,15,0,0,0,0,4,0,0,0,1,0,0,0,19,1,3,0,0,1,0,1,7.649,0,0,114.649,140.48335754807
491,3,1,1,0,17,3,0,0,1,0,81,30,2,0,0,0,4,0,0,0,1,0,0,0,9,7,1,1,0,0,13,2,15,0,0,0,0,5,0,0,0,0,1,0,0,18,1,3,0,0,1,0,1,8.419,6,0,95.419,197.605443567533
492,11,2,0,1,0,2,0,1,0,0,84,22,1,23.831,32.524,21.761,5,0,0,0,0,1,0,0,8,9,3,0,0,1,13,2,14,0,0,0,0,4,0,0,0,1,0,0,0,17,1,2,0,1,0,0,1,5.784,0,1736,89.784,96.7324488266476
493,13,1,1,0,15,3,0,0,1,0,49,58,1,35.569,29.969,12.723,1,1,0,0,0,0,0,0,19,19,0,0,0,0,0,0,0,0,0,0,0,0,0,0,0,0,0,1,69.99,19,1,3,0,0,1,0,1,8.169,6,92.8382517037832,63.169,136.56177501165
494,0,1,1,0,0,1,1,0,0,0,110,58,1,19.475,30.175,21.478,1,1,0,0,0,0,0,0,12,12,0,0,0,0,0,0,0,0,0,0,0,0,0,0,0,0,0,1,69.99,12,1,4,0,0,0,1,1,6.333,12,58.6346852865999,134,165.169461984381
495,7,1,1,0,26,4,0,0,0,1,71,26,1,24.111,36.315,25.97,7,0,0,0,0,0,0,1,33,33,0,0,0,0,0,0,0,48,33,55,13,0,0,0,0,0,0,0,0,14,1,2,0,1,0,0,1,5.425,26,0,123,133.540256102795
496,11,1,1,0,2,2,0,1,0,0,39,57,2,0,0,0,5,0,0,0,0,1,0,0,9,7,1,1,0,0,13,2,15,0,0,0,0,5,0,0,0,0,1,0,0,17,1,4,0,0,0,1,1,7.88,0,510,46.88,82.4952836043204
497,7,2,0,1,15,3,0,0,1,0,89,44,2,0,0,0,3,0,0,1,0,0,0,0,11,11,0,0,0,0,0,0,0,0,0,0,0,0,0,0,0,0,0,1,69.99,11,1,3,0,0,1,0,0,0,4,107.496923025433,97,175.049266342337
498,14,2,0,1,0,1,1,0,0,0,70,20,2,0,0,0,6,0,0,0,0,0,1,0,12.5,7,1,1,0,0,13,2,15,0,0,0,0,1,1,0,0,0,0,0,0,19,1,2,0,1,0,0,1,5.619,0,1140,75.619,129.395645834781
499,12,1,1,0,0,1,1,0,0,0,130,32,2,0,0,0,5,0,0,0,0,1,0,0,6,7,2,0,1,0,13,1,15,0,0,0,0,3,0,0,1,0,0,0,0,20,1,2,0,1,0,0,1,6.999,0,3180,136.999,175.070631463418
500,12,1,1,0,14,3,0,0,1,0,113,23,2,0,0,0,3,0,0,1,0,0,0,0,14,14,0,0,0,0,0,0,0,0,0,0,0,0,0,0,0,0,0,1,69.99,14,1,3,0,0,1,0,1,5.923,2,136.814265668733,120.923,125.565129392907
501,0,2,0,1,0,1,1,0,0,0,36,33,1,17.677,36.423,28.338,7,0,0,0,0,0,0,1,33,33,0,0,0,0,0,0,0,48,33,55,13,0,0,0,0,0,0,0,0,14,1,4,0,0,0,1,0,0,33,0,102,108.225306456208
502,5,2,0,1,19,3,0,0,1,0,74,32,1,15.924,37.055,24.898,1,1,0,0,0,0,0,0,16,16,0,0,0,0,0,0,0,0,0,0,0,0,0,0,0,0,0,1,69.99,16,1,1,1,0,0,0,0,0,11,78.1795803821332,96,109.178752511649
503,8,1,1,0,31,3,0,0,1,0,71,57,2,0,0,0,6,0,0,0,0,0,1,0,11.5,7,2,0,1,0,13,1,15,0,0,0,0,1,1,0,0,0,0,0,0,14,1,4,0,0,0,1,1,6.264,3.5,1512.42,80.764,192.955329308096
504,3,2,0,1,7,2,0,1,0,0,102,40,2,0,0,0,1,1,0,0,0,0,0,0,13,13,0,0,0,0,0,0,0,0,0,0,0,0,0,0,0,0,0,1,69.99,13,1,4,0,0,0,1,0,0,10,63.5209090604832,122,82.911530459096
505,13,1,1,0,23,4,0,0,0,1,131,54,2,0,0,0,5,0,0,0,0,1,0,0,8,9,3,0,0,1,13,2,14,0,0,0,0,4,0,0,0,1,0,0,0,18,1,3,0,0,1,0,1,5.914,0,2940,136.914,279.647620994547
506,9,2,0,1,5,3,0,0,1,0,126,57,1,19.231,28.722,18.908,3,0,0,1,0,0,0,0,19,19,0,0,0,0,0,0,0,0,0,0,0,0,0,0,0,0,0,1,69.99,19,1,3,0,0,1,0,0,0,10,185.676503407566,146,230.550943532966
507,4,1,1,0,31,4,0,0,0,1,77,52,2,0,0,0,4,0,0,0,1,0,0,0,6,7,1,1,0,0,13,2,15,0,0,0,0,2,0,1,0,0,0,0,0,13,1,3,0,0,1,0,0,0,2,0,82,234.197008082131
508,9,1,1,0,20,3,0,0,1,0,45,35,1,33.332,24.191,13.89,4,0,0,0,1,0,0,0,5,8,3,0,0,1,13,1,15,0,0,0,0,2,0,1,0,0,0,0,0,16,1,1,1,0,0,0,1,3.397,0,0,48.397,81.0386920489219
509,15,1,1,0,3,3,0,0,1,0,102,51,1,22.477,38.278,14.886,6,0,0,0,0,0,1,0,11.5,7,2,0,1,0,13,1,14,0,0,0,0,1,1,0,0,0,0,0,0,18,1,4,0,0,0,1,0,0,0,1887.592,102,188.450612912416
510,3,1,1,0,10,4,0,0,0,1,121,22,1,16.648,33.792,12.654,3,0,0,1,0,0,0,0,17,17,0,0,0,0,0,0,0,0,0,0,0,0,0,0,0,0,0,1,69.99,17,1,4,0,0,0,1,1,4.253,14,166.131608312033,149,95.4044375291254
511,8,1,1,0,8,2,0,1,0,0,60,16,2,0,0,0,1,1,0,0,0,0,0,0,13,13,0,0,0,0,0,0,0,0,0,0,0,0,0,0,0,0,0,1,69.99,13,1,3,0,0,1,0,0,0,5,63.5209090604832,70,55.3355695875047
512,11,1,1,0,0,1,1,0,0,0,85,36,2,0,0,0,3,0,0,1,0,0,0,0,19,19,0,0,0,0,0,0,0,0,0,0,0,0,0,0,0,0,0,1,69.99,19,1,3,0,0,1,0,1,8.026,8,185.676503407566,101.026,128.321383727564
513,13,2,0,1,32,4,0,0,0,1,81,35,1,17.692,31.295,23.689,1,1,0,0,0,0,0,0,12,12,0,0,0,0,0,0,0,0,0,0,0,0,0,0,0,0,0,1,69.99,12,1,3,0,0,1,0,1,3.484,0,58.6346852865999,84.484,139.169461984381
514,9,2,0,1,26,2,0,1,0,0,97,58,1,20.07,24.88,20.064,7,0,0,0,0,0,0,1,33,33,0,0,0,0,0,0,0,47,33,55,13,0,0,0,0,0,0,0,0,19,1,3,0,0,1,0,0,0,24,0,145,213.544400557802
515,9,1,1,0,7,4,0,0,0,1,43,34,2,0,0,0,1,1,0,0,0,0,0,0,17,17,0,0,0,0,0,0,0,0,0,0,0,0,0,0,0,0,0,1,69.99,17,1,3,0,0,1,0,0,0,8,83.0658041560165,59,90.3497554474458
516,3,1,1,0,3,4,0,0,0,1,53,22,1,34.725,33.95,28.157,7,0,0,0,0,0,0,1,33,33,0,0,0,0,0,0,0,46,33,55,13,0,0,0,0,0,0,0,0,18,1,1,1,0,0,0,1,7.631,30,0,113,115.121674761967
517,14,2,0,1,18,3,0,0,1,0,130,30,1,35.469,35.832,13.786,2,0,1,0,0,0,0,0,19,19,0,0,0,0,0,0,0,0,0,0,0,0,0,0,0,0,0,1,69.99,19,1,1,1,0,0,0,1,2.643,5,139.257377555675,140,148.660687473185
518,14,1,1,0,4,4,0,0,0,1,87,42,1,29.091,37.25,27.682,1,1,0,0,0,0,0,0,19,19,0,0,0,0,0,0,0,0,0,0,0,0,0,0,0,0,0,1,69.99,19,1,4,0,0,0,1,1,2.865,5,92.8382517037832,97,110.372711427986
519,8,1,1,0,0,1,1,0,0,0,107,47,1,10.759,37.628,16.802,6,0,0,0,0,0,1,0,20,7,1,1,0,0,13,2,14,0,0,0,0,4,0,0,0,1,0,0,0,11,1,4,0,0,0,1,1,3.992,12,1981.224,122.992,192.180635764304
520,1,2,0,1,0,1,1,0,0,0,78,52,1,23.851,27.993,20.483,5,0,0,0,0,1,0,0,5.5,9,3,0,0,1,13,2,14,0,0,0,0,1,1,0,0,0,0,0,0,19,1,2,0,1,0,0,1,6.658,4.5,2128,90.5,189.066787141475
521,11,2,0,1,33,2,0,1,0,0,59,40,1,17.577,35.24,25.257,6,0,0,0,0,0,1,0,13,8,3,0,0,1,13,1,14,0,0,0,0,2,0,1,0,0,0,0,0,11,1,2,0,1,0,0,0,0,2,795.592,61,136.400146627487
522,9,1,1,0,0,1,1,0,0,0,92,35,2,0,0,0,3,0,0,1,0,0,0,0,13,13,0,0,0,0,0,0,0,0,0,0,0,0,0,0,0,0,0,1,69.99,13,1,2,0,1,0,0,0,0,4,127.041818120966,100,122.065556157337
523,5,1,1,0,2,2,0,1,0,0,39,26,1,38.796,29.308,26.686,1,1,0,0,0,0,0,0,20,20,0,0,0,0,0,0,0,0,0,0,0,0,0,0,0,0,0,1,69.99,20,1,1,1,0,0,0,0,0,15,97.7244754776665,69,69
524,11,1,1,0,14,2,0,1,0,0,43,57,1,23.616,28.141,26.262,7,0,0,0,0,0,0,1,33,33,0,0,0,0,0,0,0,47,33,55,13,0,0,0,0,0,0,0,0,20,1,3,0,0,1,0,0,0,22,0,87,82.9295241989093
525,1,1,1,0,15,2,0,1,0,0,73,33,1,17.937,27.404,25.192,7,0,0,0,0,0,0,1,33,33,0,0,0,0,0,0,0,48,33,55,13,0,0,0,0,0,0,0,0,12,1,1,1,0,0,0,1,8.501,32,0,137,137
526,7,2,0,1,17,3,0,0,1,0,72,25,2,0,0,0,6,0,0,0,0,0,1,0,14,9,3,0,0,1,13,2,14,0,0,0,0,2,0,1,0,0,0,0,0,17,1,2,0,1,0,0,0,0,7,1383.592,81,138.220837792281
527,5,2,0,1,4,3,0,0,1,0,120,44,2,0,0,0,3,0,0,1,0,0,0,0,14,14,0,0,0,0,0,0,0,0,0,0,0,0,0,0,0,0,0,1,69.99,14,1,2,0,1,0,0,1,6.748,9,136.814265668733,138,175.236982398123
528,1,1,1,0,0,3,0,0,1,0,110,17,2,0,0,0,3,0,0,1,0,0,0,0,20,20,0,0,0,0,0,0,0,0,0,0,0,0,0,0,0,0,0,1,69.99,20,1,2,0,1,0,0,0,0,19,195.448950955333,148,151.855194181826
529,3,2,0,1,12,4,0,0,0,1,56,57,1,36.538,24.204,24.788,5,0,0,0,0,1,0,0,5.5,7,1,1,0,0,13,2,15,0,0,0,0,1,1,0,0,0,0,0,0,19,1,3,0,0,1,0,1,6.576,2.5,1500,65.076,240.736962378356
530,11,1,1,0,0,1,1,0,0,0,86,42,2,0,0,0,1,1,0,0,0,0,0,0,11,11,0,0,0,0,0,0,0,0,0,0,0,0,0,0,0,0,0,1,69.99,11,1,2,0,1,0,0,1,4.083,0,53.7484615127166,90.083,123.170397778849
531,3,2,0,1,0,1,1,0,0,0,73,44,1,15.125,34.125,19.91,5,0,0,0,0,1,0,0,5.5,8,2,0,1,0,13,2,15,0,0,0,0,1,1,0,0,0,0,0,0,11,1,1,1,0,0,0,1,4.347,2.5,2010,80.5,123.758838068237
532,9,1,1,0,14,2,0,1,0,0,95,24,2,0,0,0,1,1,0,0,0,0,0,0,12,12,0,0,0,0,0,0,0,0,0,0,0,0,0,0,0,0,0,1,69.99,12,1,3,0,0,1,0,0,0,3,58.6346852865999,101,92.8372467781332
533,3,2,0,1,7,2,0,1,0,0,35,36,1,18.352,32.275,27.812,5,0,0,0,0,1,0,0,6,8,3,0,0,1,13,1,15,0,0,0,0,3,0,0,1,0,0,0,0,17,1,1,1,0,0,0,1,4.958,3,870,43,43
534,13,1,1,0,24,4,0,0,0,1,39,38,2,0,0,0,5,0,0,0,0,1,0,0,7,7,1,1,0,0,13,2,14,0,0,0,0,3,0,0,1,0,0,0,0,14,1,1,1,0,0,0,0,0,0,364,39,76.6615940350838
535,12,2,0,1,32,4,0,0,0,1,106,57,2,0,0,0,2,0,1,0,0,0,0,0,13,13,0,0,0,0,0,0,0,0,0,0,0,0,0,0,0,0,0,1,69.99,13,1,2,0,1,0,0,0,0,1,95.2813635907248,108,172.104619345327
536,2,1,1,0,0,4,0,0,0,1,95,36,1,32.373,24.297,28.133,5,0,0,0,0,1,0,0,7,9,3,0,0,1,13,2,14,0,0,0,0,3,0,0,1,0,0,0,0,17,1,4,0,0,0,1,0,0,5,2548,107,170.180635764304
537,2,1,1,0,16,3,0,0,1,0,46,25,1,24.915,29.374,24.182,5,0,0,0,0,1,0,0,8,9,3,0,0,1,13,2,14,0,0,0,0,4,0,0,0,1,0,0,0,11,1,4,0,0,0,1,1,7.249,6,1176,59.249,117.929524198909
538,0,1,1,0,0,1,1,0,0,0,79,50,2,0,0,0,6,0,0,0,0,0,1,0,13,6,1,1,0,0,13,1,15,0,0,0,0,2,0,1,0,0,0,0,0,13,1,1,1,0,0,0,0,0,13,2087.58,98,126.506916806948
539,9,2,0,1,33,3,0,0,1,0,60,47,2,0,0,0,4,0,0,0,1,0,0,0,9,7,1,1,0,0,13,2,14,0,0,0,0,5,0,0,0,0,1,0,0,19,1,3,0,0,1,0,0,0,0,0,60,207.859048397819
540,11,2,0,1,0,1,1,0,0,0,115,25,2,0,0,0,5,0,0,0,0,1,0,0,9,8,2,0,1,0,13,2,14,0,0,0,0,5,0,0,0,0,1,0,0,11,1,1,1,0,0,0,0,0,0,2604,115,136.213068389197
541,6,1,1,0,28,3,0,0,1,0,59,39,1,12.942,24.991,27.768,5,0,0,0,0,1,0,0,5.5,8,2,0,1,0,13,2,15,0,0,0,0,1,1,0,0,0,0,0,0,11,1,3,0,0,1,0,1,8.193,0,1410,67.193,181.032744635654
542,15,2,0,1,0,1,1,0,0,0,87,22,2,0,0,0,1,1,0,0,0,0,0,0,13,13,0,0,0,0,0,0,0,0,0,0,0,0,0,0,0,0,0,1,69.99,13,1,3,0,0,1,0,1,2.041,0,63.5209090604832,89.041,114.957442420177
543,5,1,1,0,0,1,1,0,0,0,130,23,1,28.696,28.651,15.851,7,0,0,0,0,0,0,1,33,33,0,0,0,0,0,0,0,46,33,55,13,0,0,0,0,0,0,0,0,12,1,4,0,0,0,1,1,2.653,28,0,186,120.084354854027
544,1,2,0,1,5,3,0,0,1,0,112,25,2,0,0,0,6,0,0,0,0,0,1,0,23,7,1,1,0,0,13,2,15,0,0,0,0,5,0,0,0,0,1,0,0,11,1,1,1,0,0,0,1,7.169,22,2530.32,141.169,159.855204985637
545,4,2,0,1,13,3,0,0,1,0,80,47,1,28.701,29.842,17.363,5,0,0,0,0,1,0,0,7,9,3,0,0,1,13,2,15,0,0,0,0,3,0,0,1,0,0,0,0,19,1,1,1,0,0,0,0,0,3,2160,88,130.96946208945
546,9,1,1,0,30,3,0,0,1,0,107,44,2,0,0,0,4,0,0,0,1,0,0,0,5.5,9,3,0,0,1,13,2,14,0,0,0,0,1,1,0,0,0,0,0,0,18,1,4,0,0,0,1,0,0,0,0,107,184.945896516736
547,14,2,0,1,25,2,0,1,0,0,89,42,1,37.293,35.171,22.857,7,0,0,0,0,0,0,1,33,33,0,0,0,0,0,0,0,45,33,55,13,0,0,0,0,0,0,0,0,18,1,3,0,0,1,0,1,2.246,19,0,127,159.319094101594
548,0,1,1,0,0,1,1,0,0,0,64,54,1,11.718,30.397,19.116,7,0,0,0,0,0,0,1,33,33,0,0,0,0,0,0,0,48,33,55,13,0,0,0,0,0,0,0,0,15,1,2,0,1,0,0,0,0,33,0,130,169.008875506584
549,10,2,0,1,33,3,0,0,1,0,99,41,1,28.541,32.114,19.482,3,0,0,1,0,0,0,0,20,20,0,0,0,0,0,0,0,0,0,0,0,0,0,0,0,0,0,1,69.99,20,1,2,0,1,0,0,0,0,10,195.448950955333,119,156.732255773979
550,0,2,0,1,29,4,0,0,0,1,51,42,2,0,0,0,1,1,0,0,0,0,0,0,18,18,0,0,0,0,0,0,0,0,0,0,0,0,0,0,0,0,0,1,69.99,18,1,1,1,0,0,0,1,5.269,18,87.9520279298998,87,106.831643252362
551,15,1,1,0,0,1,1,0,0,0,60,40,1,31.913,28.835,22.985,3,0,0,1,0,0,0,0,20,20,0,0,0,0,0,0,0,0,0,0,0,0,0,0,0,0,0,1,69.99,20,1,2,0,1,0,0,0,0,5,195.448950955333,70,106.301458127346
552,3,2,0,1,0,1,1,0,0,0,81,33,1,38.012,36.209,25.299,1,1,0,0,0,0,0,0,19,19,0,0,0,0,0,0,0,0,0,0,0,0,0,0,0,0,0,1,69.99,19,1,2,0,1,0,0,0,0,16,92.8382517037832,113,142.003521083106
553,15,2,0,1,20,3,0,0,1,0,84,55,1,21.354,37.411,20.86,2,0,1,0,0,0,0,0,14,14,0,0,0,0,0,0,0,0,0,0,0,0,0,0,0,0,0,1,69.99,14,1,1,1,0,0,0,1,5.22,0,102.61069925155,89.22,116.555602181963
554,2,1,1,0,10,3,0,0,1,0,83,25,1,34.435,30.96,29.078,1,1,0,0,0,0,0,0,14,14,0,0,0,0,0,0,0,0,0,0,0,0,0,0,0,0,0,1,69.99,14,1,2,0,1,0,0,1,8.333,12,68.4071328343665,107,118.105884696742
555,5,1,1,0,27,2,0,1,0,0,103,23,1,14.181,31.417,11.576,7,0,0,0,0,0,0,1,33,33,0,0,0,0,0,0,0,46,33,55,13,0,0,0,0,0,0,0,0,17,1,1,1,0,0,0,0,0,28,0,159,160.654909666652
556,2,1,1,0,0,1,1,0,0,0,74,42,2,0,0,0,2,0,1,0,0,0,0,0,13,13,0,0,0,0,0,0,0,0,0,0,0,0,0,0,0,0,0,1,69.99,13,1,4,0,0,0,1,0,0,11,95.2813635907248,96,115.289657626424
557,12,1,1,0,31,3,0,0,1,0,39,49,1,23.042,27.422,12.435,2,0,1,0,0,0,0,0,12,12,0,0,0,0,0,0,0,0,0,0,0,0,0,0,0,0,0,1,69.99,12,1,4,0,0,0,1,1,3.481,0,87.9520279298998,42.481,104.704926634234
558,8,1,1,0,0,1,1,0,0,0,89,33,1,21.853,36.344,28.588,6,0,0,0,0,0,1,0,20,8,2,0,1,0,13,2,15,0,0,0,0,4,0,0,0,1,0,0,0,15,1,4,0,0,0,1,1,5.993,12,1625.16,106.993,156.0679825362
559,0,1,1,0,1,2,0,1,0,0,79,34,2,0,0,0,2,0,1,0,0,0,0,0,11,11,0,0,0,0,0,0,0,0,0,0,0,0,0,0,0,0,0,1,69.99,11,1,3,0,0,1,0,0,0,11,80.6226922690748,101,104.625227213929
560,7,2,0,1,15,3,0,0,1,0,105,19,1,34.301,27.715,17.557,6,0,0,0,0,0,1,0,17,7,1,1,0,0,13,2,14,0,0,0,0,3,0,0,1,0,0,0,0,14,1,3,0,0,1,0,1,3.794,10,2132.816,118.794,212.361271528607
561,8,2,0,1,0,1,1,0,0,0,108,53,1,35.799,26.458,15.1,1,1,0,0,0,0,0,0,15,15,0,0,0,0,0,0,0,0,0,0,0,0,0,0,0,0,0,1,69.99,15,1,1,1,0,0,0,0,0,7,73.2933566082499,122,142.172430520126
562,4,1,1,0,24,4,0,0,0,1,57,19,1,14.191,34.368,23.475,7,0,0,0,0,0,0,1,33,33,0,0,0,0,0,0,0,48,33,55,13,0,0,0,0,0,0,0,0,16,1,2,0,1,0,0,0,0,29,0,115,121.115647213727
563,10,2,0,1,0,1,1,0,0,0,61,25,1,29.311,28.54,19.612,1,1,0,0,0,0,0,0,14,14,0,0,0,0,0,0,0,0,0,0,0,0,0,0,0,0,0,1,69.99,14,1,4,0,0,0,1,0,0,4,68.4071328343665,69,88.3267994669056
564,2,1,1,0,22,3,0,0,1,0,53,51,2,0,0,0,4,0,0,0,1,0,0,0,8,8,2,0,1,0,13,2,14,0,0,0,0,4,0,0,0,1,0,0,0,13,1,2,0,1,0,0,1,5.154,6,0,65,157.990506043876
565,15,1,1,0,6,4,0,0,0,1,59,42,1,14.415,35.44,21.74,1,1,0,0,0,0,0,0,20,20,0,0,0,0,0,0,0,0,0,0,0,0,0,0,0,0,0,1,69.99,20,1,4,0,0,0,1,0,0,5,97.7244754776665,69,96.9628581595186
566,11,1,1,0,19,2,0,1,0,0,98,21,2,0,0,0,4,0,0,0,1,0,0,0,8,8,2,0,1,0,13,2,14,0,0,0,0,4,0,0,0,1,0,0,0,18,1,4,0,0,0,1,1,2.052,0,0,100.052,81.9200914075502
567,11,1,1,0,24,4,0,0,0,1,81,19,2,0,0,0,7,0,0,0,0,0,0,1,33,33,0,0,0,0,0,0,0,47,33,55,13,0,0,0,0,0,0,0,0,18,1,4,0,0,0,1,0,0,22,0,125,74.4248078032298
568,12,2,0,1,31,2,0,1,0,0,93,58,1,27.922,31.771,16.95,2,0,1,0,0,0,0,0,12,12,0,0,0,0,0,0,0,0,0,0,0,0,0,0,0,0,0,1,69.99,12,1,4,0,0,0,1,1,5.074,0,87.9520279298998,98.074,146.842662517475
569,15,1,1,0,33,2,0,1,0,0,117,45,2,0,0,0,5,0,0,0,0,1,0,0,6,8,3,0,0,1,13,1,14,0,0,0,0,3,0,0,1,0,0,0,0,18,1,1,1,0,0,0,0,0,0,2436,117,137.905764926634
570,13,2,0,1,12,4,0,0,0,1,121,19,2,0,0,0,4,0,0,0,1,0,0,0,9,9,3,0,0,1,13,2,15,0,0,0,0,5,0,0,0,0,1,0,0,12,1,1,1,0,0,0,0,0,0,0,121,139.291062168396
571,5,1,1,0,0,1,1,0,0,0,77,49,2,0,0,0,3,0,0,1,0,0,0,0,20,20,0,0,0,0,0,0,0,0,0,0,0,0,0,0,0,0,0,1,69.99,20,1,2,0,1,0,0,0,0,15,195.448950955333,107,145.096519599886
572,10,1,1,0,22,2,0,1,0,0,122,55,2,0,0,0,7,0,0,0,0,0,0,1,33,33,0,0,0,0,0,0,0,47,33,55,13,0,0,0,0,0,0,0,0,15,1,1,1,0,0,0,1,2.717,23,0,168,176.773866846884
573,14,2,0,1,16,3,0,0,1,0,51,29,2,0,0,0,4,0,0,0,1,0,0,0,6,8,3,0,0,1,13,1,14,0,0,0,0,3,0,0,1,0,0,0,0,16,1,3,0,0,1,0,1,5.122,0,0,56.122,148.399002694044
574,13,1,1,0,9,3,0,0,1,0,93,37,1,28.501,28.738,17.043,2,0,1,0,0,0,0,0,13,13,0,0,0,0,0,0,0,0,0,0,0,0,0,0,0,0,0,1,69.99,13,1,3,0,0,1,0,0,0,0,95.2813635907248,93,133.897344599155
575,7,2,0,1,1,4,0,0,0,1,123,44,2,0,0,0,7,0,0,0,0,0,0,1,33,33,0,0,0,0,0,0,0,48,33,55,13,0,0,0,0,0,0,0,0,16,1,4,0,0,0,1,1,5.864,26,0,175,175.293288992407
576,9,1,1,0,16,2,0,1,0,0,64,23,1,10.539,36.902,25.412,3,0,0,1,0,0,0,0,16,16,0,0,0,0,0,0,0,0,0,0,0,0,0,0,0,0,0,1,69.99,16,1,1,1,0,0,0,1,3.212,7,156.359160764266,78,78
577,3,2,0,1,0,2,0,1,0,0,35,40,2,0,0,0,7,0,0,0,0,0,0,1,33,33,0,0,0,0,0,0,0,45,33,55,13,0,0,0,0,0,0,0,0,13,1,3,0,0,1,0,0,0,30,0,95,75.8074381794462
578,12,1,1,0,18,3,0,0,1,0,132,47,1,35.619,38.146,11.727,7,0,0,0,0,0,0,1,33,33,0,0,0,0,0,0,0,48,33,55,13,0,0,0,0,0,0,0,0,16,1,1,1,0,0,0,1,7.682,21,0,174,180.235956457084
579,13,1,1,0,5,4,0,0,0,1,89,27,1,17.997,38.466,27.982,7,0,0,0,0,0,0,1,33,33,0,0,0,0,0,0,0,46,33,55,13,0,0,0,0,0,0,0,0,11,1,2,0,1,0,0,1,4.657,20,0,129,139.84634424968
580,7,1,1,0,0,1,1,0,0,0,42,27,2,0,0,0,1,1,0,0,0,0,0,0,12,12,0,0,0,0,0,0,0,0,0,0,0,0,0,0,0,0,0,1,69.99,12,1,3,0,0,1,0,1,5.667,5,58.6346852865999,52.667,79.0317261011393
581,10,2,0,1,0,2,0,1,0,0,88,50,1,32.183,25.39,16.178,7,0,0,0,0,0,0,1,33,33,0,0,0,0,0,0,0,45,33,55,13,0,0,0,0,0,0,0,0,11,1,2,0,1,0,0,1,3.363,23,0,134,143.024473430249
582,1,1,1,0,29,2,0,1,0,0,41,31,1,38.242,29.184,28.27,4,0,0,0,1,0,0,0,4.5,6,1,1,0,0,13,1,15,0,0,0,0,1,1,0,0,0,0,0,0,16,1,1,1,0,0,0,1,3.337,3.5,0,49.5,49.5
583,7,1,1,0,0,1,1,0,0,0,59,50,2,0,0,0,7,0,0,0,0,0,0,1,33,33,0,0,0,0,0,0,0,47,33,55,13,0,0,0,0,0,0,0,0,19,1,2,0,1,0,0,1,3.196,26,0,111,149.402141885583
584,8,1,1,0,28,3,0,0,1,0,129,26,2,0,0,0,1,1,0,0,0,0,0,0,20,20,0,0,0,0,0,0,0,0,0,0,0,0,0,0,0,0,0,1,69.99,20,1,2,0,1,0,0,0,0,12,97.7244754776665,153,161.595173195241
585,13,2,0,1,17,4,0,0,0,1,54,36,2,0,0,0,3,0,0,1,0,0,0,0,17,17,0,0,0,0,0,0,0,0,0,0,0,0,0,0,0,0,0,1,69.99,17,1,1,1,0,0,0,1,7.543,4,166.131608312033,65.543,86.2083803872918
586,15,1,1,0,20,2,0,1,0,0,39,50,2,0,0,0,7,0,0,0,0,0,0,1,33,33,0,0,0,0,0,0,0,45,33,55,13,0,0,0,0,0,0,0,0,11,1,4,0,0,0,1,1,4.639,18,0,75,105.556326614052
587,0,2,0,1,0,1,1,0,0,0,68,44,2,0,0,0,7,0,0,0,0,0,0,1,33,33,0,0,0,0,0,0,0,45,33,55,13,0,0,0,0,0,0,0,0,18,1,4,0,0,0,1,1,2.327,33,0,134,149.981134417282
588,12,2,0,1,16,3,0,0,1,0,35,36,2,0,0,0,5,0,0,0,0,1,0,0,7,7,2,0,1,0,13,1,14,0,0,0,0,4,0,0,0,1,0,0,0,19,1,2,0,1,0,0,0,0,0,308,35,138.495487291103
589,9,2,0,1,24,4,0,0,0,1,131,38,2,0,0,0,1,1,0,0,0,0,0,0,14,14,0,0,0,0,0,0,0,0,0,0,0,0,0,0,0,0,0,1,69.99,14,1,1,1,0,0,0,0,0,5,68.4071328343665,141,152.463110292293
590,14,2,0,1,9,4,0,0,0,1,90,24,1,21.229,24.542,14.556,2,0,1,0,0,0,0,0,13,13,0,0,0,0,0,0,0,0,0,0,0,0,0,0,0,0,0,1,69.99,13,1,4,0,0,0,1,0,0,0,95.2813635907248,90,95.7136967548328
591,10,1,1,0,3,3,0,0,1,0,68,23,1,37.987,31.834,23.79,4,0,0,0,1,0,0,0,5.5,8,2,0,1,0,13,2,14,0,0,0,0,1,1,0,0,0,0,0,0,17,1,2,0,1,0,0,0,0,0,0,68,111.211510195663
592,10,2,0,1,0,1,1,0,0,0,105,56,2,0,0,0,3,0,0,1,0,0,0,0,14,14,0,0,0,0,0,0,0,0,0,0,0,0,0,0,0,0,0,1,69.99,14,1,2,0,1,0,0,1,7.42,4,136.814265668733,116.42,176.00459198555
593,14,1,1,0,9,2,0,1,0,0,95,29,2,0,0,0,4,0,0,0,1,0,0,0,5,8,3,0,0,1,13,1,15,0,0,0,0,2,0,1,0,0,0,0,0,19,1,4,0,0,0,1,0,0,0,0,95,85.3637647934982
594,10,1,1,0,4,4,0,0,0,1,62,34,1,29.221,29.34,26.969,2,0,1,0,0,0,0,0,15,15,0,0,0,0,0,0,0,0,0,0,0,0,0,0,0,0,0,1,69.99,15,1,3,0,0,1,0,0,0,5,109.940034912375,72,105.547589151709
595,11,1,1,0,0,1,1,0,0,0,65,35,1,14.795,35.618,20.251,1,1,0,0,0,0,0,0,12,12,0,0,0,0,0,0,0,0,0,0,0,0,0,0,0,0,0,1,69.99,12,1,4,0,0,0,1,1,7.563,1,58.6346852865999,73.563,89.2207896848034
596,13,1,1,0,25,2,0,1,0,0,110,30,1,16.214,36.545,11.968,5,0,0,0,0,1,0,0,6,9,3,0,0,1,13,2,15,0,0,0,0,2,0,1,0,0,0,0,0,12,1,3,0,0,1,0,0,0,0,2520,110,208.718096795637
597,11,1,1,0,11,4,0,0,0,1,72,38,1,36.708,33.086,12.845,3,0,0,1,0,0,0,0,20,20,0,0,0,0,0,0,0,0,0,0,0,0,0,0,0,0,0,1,69.99,20,1,3,0,0,1,0,0,0,9,195.448950955333,90,120.699510894892
598,1,1,1,0,9,3,0,0,1,0,43,54,2,0,0,0,4,0,0,0,1,0,0,0,7,6,1,1,0,0,13,1,14,0,0,0,0,4,0,0,0,1,0,0,0,12,1,1,1,0,0,0,0,0,6,0,54,98.1835016690686
599,13,2,0,1,5,4,0,0,0,1,87,50,1,20.215,31.71,17.705,3,0,0,1,0,0,0,0,14,14,0,0,0,0,0,0,0,0,0,0,0,0,0,0,0,0,0,1,69.99,14,1,2,0,1,0,0,0,0,1,136.814265668733,89,149.402141885583
600,13,2,0,1,10,3,0,0,1,0,71,21,2,0,0,0,1,1,0,0,0,0,0,0,14,14,0,0,0,0,0,0,0,0,0,0,0,0,0,0,0,0,0,1,69.99,14,1,4,0,0,0,1,0,0,1,68.4071328343665,73,82.1147799027013
601,1,1,1,0,21,4,0,0,0,1,66,17,2,0,0,0,1,1,0,0,0,0,0,0,11,11,0,0,0,0,0,0,0,0,0,0,0,0,0,0,0,0,0,1,69.99,11,1,1,1,0,0,0,0,0,10,53.7484615127166,86,87.6641317757725
602,11,2,0,1,0,1,1,0,0,0,50,50,2,0,0,0,3,0,0,1,0,0,0,0,18,18,0,0,0,0,0,0,0,0,0,0,0,0,0,0,0,0,0,1,69.99,18,1,1,1,0,0,0,1,8.248,7,175.9040558598,65.248,95.6937903105525
603,0,1,1,0,4,3,0,0,1,0,105,22,2,0,0,0,6,0,0,0,0,0,1,0,12.5,7,1,1,0,0,13,2,14,0,0,0,0,1,1,0,0,0,0,0,0,14,1,4,0,0,0,1,0,0,12.5,2828,124.5,150.823810497273
604,12,2,0,1,22,4,0,0,0,1,91,45,1,37.632,28.64,22.165,3,0,0,1,0,0,0,0,17,17,0,0,0,0,0,0,0,0,0,0,0,0,0,0,0,0,0,1,69.99,17,1,3,0,0,1,0,0,0,5,166.131608312033,101,169.897344599155
605,8,2,0,1,0,1,1,0,0,0,69,25,2,0,0,0,6,0,0,0,0,0,1,0,11.5,8,3,0,0,1,13,1,14,0,0,0,0,1,1,0,0,0,0,0,0,19,1,2,0,1,0,0,1,7.241,3.5,1339.184,79.741,137.4868251179
606,6,2,0,1,18,3,0,0,1,0,95,26,2,0,0,0,5,0,0,0,0,1,0,0,7,7,1,1,0,0,13,2,15,0,0,0,0,3,0,0,1,0,0,0,0,13,1,4,0,0,0,1,1,8.533,1,2490,104.533,168.241678774035
607,0,1,1,0,4,2,0,1,0,0,127,56,2,0,0,0,4,0,0,0,1,0,0,0,7,6,1,1,0,0,13,1,14,0,0,0,0,4,0,0,0,1,0,0,0,18,1,2,0,1,0,0,0,0,7,0,140,156.524758424985
608,7,2,0,1,0,4,0,0,0,1,124,27,1,20.584,35.306,13.513,2,0,1,0,0,0,0,0,17,17,0,0,0,0,0,0,0,0,0,0,0,0,0,0,0,0,0,1,69.99,17,1,4,0,0,0,1,0,0,10,124.598706234025,144,123.169461984381
609,1,2,0,1,16,2,0,1,0,0,55,55,1,26.438,32.669,15.587,7,0,0,0,0,0,0,1,33,33,0,0,0,0,0,0,0,48,33,55,13,0,0,0,0,0,0,0,0,12,1,3,0,0,1,0,1,6.409,32,0,119,175.441180121057
610,5,1,1,0,23,3,0,0,1,0,112,45,2,0,0,0,5,0,0,0,0,1,0,0,6,8,2,0,1,0,13,2,15,0,0,0,0,2,0,1,0,0,0,0,0,19,1,4,0,0,0,1,0,0,1,3060,116,197.971701625923
611,11,2,0,1,24,3,0,0,1,0,122,30,2,0,0,0,2,0,1,0,0,0,0,0,16,16,0,0,0,0,0,0,0,0,0,0,0,0,0,0,0,0,0,1,69.99,16,1,1,1,0,0,0,1,2.337,5,117.2693705732,132,141.152399908751
612,5,1,1,0,0,1,1,0,0,0,132,33,2,0,0,0,4,0,0,0,1,0,0,0,4.5,7,2,0,1,0,13,1,14,0,0,0,0,1,1,0,0,0,0,0,0,13,1,3,0,0,1,0,1,6.357,0,0,138.357,258.638188203187
613,2,2,0,1,31,3,0,0,1,0,47,28,1,20.225,30.595,23.383,6,0,0,0,0,0,1,0,22,7,2,0,1,0,13,1,15,0,0,0,0,5,0,0,0,0,1,0,0,19,1,4,0,0,0,1,1,7.799,20,562.74,74.799,147.546893822693
614,7,1,1,0,16,2,0,1,0,0,129,32,1,11.883,36.156,19.773,4,0,0,0,1,0,0,0,9,8,2,0,1,0,13,2,14,0,0,0,0,5,0,0,0,0,1,0,0,13,1,3,0,0,1,0,1,6.733,2,0,137.733,187.995013470218
615,2,2,0,1,2,4,0,0,0,1,109,29,1,11.349,30.796,20.326,1,1,0,0,0,0,0,0,14,14,0,0,0,0,0,0,0,0,0,0,0,0,0,0,0,0,0,1,69.99,14,1,2,0,1,0,0,0,0,12,68.4071328343665,133,154.184953870344
616,0,1,1,0,30,4,0,0,0,1,41,35,1,20.3,38.344,16.57,6,0,0,0,0,0,1,0,13,6,1,1,0,0,13,1,14,0,0,0,0,2,0,1,0,0,0,0,0,16,1,3,0,0,1,0,1,3.92,13,884.408,60,162.624309150252
617,10,1,1,0,31,4,0,0,0,1,60,38,2,0,0,0,5,0,0,0,0,1,0,0,8,8,3,0,0,1,13,1,15,0,0,0,0,5,0,0,0,0,1,0,0,18,1,4,0,0,0,1,1,8.541,0,1200,68.541,145.694784951342
618,13,2,0,1,3,3,0,0,1,0,70,22,1,34.655,27.324,18.51,6,0,0,0,0,0,1,0,20,8,2,0,1,0,13,2,15,0,0,0,0,4,0,0,0,1,0,0,0,17,1,3,0,0,1,0,0,0,7,755.16,77,163.328526892953
619,0,1,1,0,15,2,0,1,0,0,48,43,2,0,0,0,4,0,0,0,1,0,0,0,7,9,3,0,0,1,13,2,15,0,0,0,0,3,0,0,1,0,0,0,0,12,1,4,0,0,0,1,0,0,7,0,64,87.6337419416107
620,15,1,1,0,4,3,0,0,1,0,91,52,2,0,0,0,5,0,0,0,0,1,0,0,4.5,6,1,1,0,0,13,1,15,0,0,0,0,1,1,0,0,0,0,0,0,16,1,3,0,0,1,0,1,4.465,0,1830,95.465,224.319094101594
621,2,2,0,1,27,3,0,0,1,0,116,40,1,24.815,24.254,28.104,1,1,0,0,0,0,0,0,11,11,0,0,0,0,0,0,0,0,0,0,0,0,0,0,0,0,0,1,69.99,11,1,3,0,0,1,0,0,0,9,53.7484615127166,134,200.126904404557
622,13,1,1,0,26,2,0,1,0,0,97,24,2,0,0,0,1,1,0,0,0,0,0,0,13,13,0,0,0,0,0,0,0,0,0,0,0,0,0,0,0,0,0,1,69.99,13,1,2,0,1,0,0,1,3.825,0,63.5209090604832,100.825,103.642079412756
623,14,2,0,1,0,1,1,0,0,0,35,42,2,0,0,0,2,0,1,0,0,0,0,0,19,19,0,0,0,0,0,0,0,0,0,0,0,0,0,0,0,0,0,1,69.99,19,1,2,0,1,0,0,1,8.103,5,139.257377555675,48.103,114.585769661856
624,3,2,0,1,0,1,1,0,0,0,84,42,2,0,0,0,7,0,0,0,0,0,0,1,33,33,0,0,0,0,0,0,0,47,33,55,13,0,0,0,0,0,0,0,0,14,1,4,0,0,0,1,1,4.548,30,0,144,152.154830655117
625,15,2,0,1,21,2,0,1,0,0,93,46,2,0,0,0,6,0,0,0,0,0,1,0,16,7,2,0,1,0,13,1,15,0,0,0,0,3,0,0,1,0,0,0,0,14,1,4,0,0,0,1,1,7.825,1,1487.58,101.825,175.894286298364
626,15,2,0,1,8,3,0,0,1,0,56,35,2,0,0,0,7,0,0,0,0,0,0,1,33,33,0,0,0,0,0,0,0,45,33,55,13,0,0,0,0,0,0,0,0,16,1,3,0,0,1,0,0,0,18,0,92,122.103220436745
627,8,2,0,1,7,4,0,0,0,1,84,35,1,29.256,34.949,22.23,6,0,0,0,0,0,1,0,14,9,3,0,0,1,13,2,14,0,0,0,0,2,0,1,0,0,0,0,0,16,1,2,0,1,0,0,0,0,6,1663.592,91,160.327789231936
628,14,1,1,0,0,1,1,0,0,0,130,33,1,27.298,23.723,24.901,6,0,0,0,0,0,1,0,20,7,1,1,0,0,13,2,15,0,0,0,0,4,0,0,0,1,0,0,0,11,1,2,0,1,0,0,1,5.954,6,2452.74,141.954,180.199717302775
629,4,2,0,1,26,3,0,0,1,0,98,46,2,0,0,0,3,0,0,1,0,0,0,0,16,16,0,0,0,0,0,0,0,0,0,0,0,0,0,0,0,0,0,1,69.99,16,1,3,0,0,1,0,1,5.646,12,156.359160764266,122,192.459119610805
630,8,1,1,0,4,4,0,0,0,1,65,20,1,27.492,24.241,21.407,3,0,0,1,0,0,0,0,12,12,0,0,0,0,0,0,0,0,0,0,0,0,0,0,0,0,0,1,69.99,12,1,3,0,0,1,0,0,0,4,117.2693705732,73,83.8055206769938
631,12,1,1,0,0,1,1,0,0,0,90,57,2,0,0,0,1,1,0,0,0,0,0,0,18,18,0,0,0,0,0,0,0,0,0,0,0,0,0,0,0,0,0,1,69.99,18,1,4,0,0,0,1,0,0,6,87.9520279298998,102,143.501677190628
632,4,2,0,1,12,3,0,0,1,0,124,50,1,29.196,34.566,24.149,7,0,0,0,0,0,0,1,33,33,0,0,0,0,0,0,0,48,33,55,13,0,0,0,0,0,0,0,0,16,1,4,0,0,0,1,0,0,29,0,182,191.614876358892
633,13,2,0,1,22,4,0,0,0,1,87,39,1,16.379,35.176,20.159,7,0,0,0,0,0,0,1,33,33,0,0,0,0,0,0,0,47,33,55,13,0,0,0,0,0,0,0,0,19,1,2,0,1,0,0,1,5.191,20,0,127,160.415086572305
634,6,1,1,0,9,3,0,0,1,0,123,45,1,22.732,30.854,16.49,5,0,0,0,0,1,0,0,5.5,9,3,0,0,1,13,2,15,0,0,0,0,1,1,0,0,0,0,0,0,13,1,2,0,1,0,0,1,2.541,0,3330,126,184.664560758149
635,2,2,0,1,24,4,0,0,0,1,38,28,2,0,0,0,5,0,0,0,0,1,0,0,6,7,2,0,1,0,13,1,15,0,0,0,0,3,0,0,1,0,0,0,0,15,1,4,0,0,0,1,1,2.79,4,1020,47,141.990567208641
636,13,2,0,1,0,1,1,0,0,0,76,42,1,37.328,33.647,24.648,2,0,1,0,0,0,0,0,12,12,0,0,0,0,0,0,0,0,0,0,0,0,0,0,0,0,0,1,69.99,12,1,2,0,1,0,0,1,8.213,0,87.9520279298998,84.213,133.820138129506
637,13,1,1,0,0,1,1,0,0,0,125,51,1,27.168,24.167,15.162,7,0,0,0,0,0,0,1,33,33,0,0,0,0,0,0,0,46,33,55,13,0,0,0,0,0,0,0,0,18,1,4,0,0,0,1,1,2.478,20,0,165,163.119592754572
638,7,2,0,1,0,1,1,0,0,0,104,34,2,0,0,0,1,1,0,0,0,0,0,0,11,11,0,0,0,0,0,0,0,0,0,0,0,0,0,0,0,0,0,1,69.99,11,1,1,1,0,0,0,0,0,4,53.7484615127166,112,124.338248338956
639,14,1,1,0,4,2,0,1,0,0,35,20,1,25.375,26.328,22.572,3,0,0,1,0,0,0,0,13,13,0,0,0,0,0,0,0,0,0,0,0,0,0,0,0,0,0,1,69.99,13,1,2,0,1,0,0,0,0,0,127.041818120966,35,40.3112887414927
640,11,2,0,1,23,2,0,1,0,0,46,17,1,11.064,33.691,27.934,3,0,0,1,0,0,0,0,17,17,0,0,0,0,0,0,0,0,0,0,0,0,0,0,0,0,0,1,69.99,17,1,4,0,0,0,1,0,0,6,166.131608312033,58,27.727882614774
641,10,1,1,0,17,3,0,0,1,0,66,58,2,0,0,0,6,0,0,0,0,0,1,0,19,6,1,1,0,0,13,1,14,0,0,0,0,4,0,0,0,1,0,0,0,19,1,1,1,0,0,0,0,0,9,721.224,75,114.109596441316
642,11,1,1,0,0,1,1,0,0,0,50,25,2,0,0,0,5,0,0,0,0,1,0,0,4.5,8,3,0,0,1,13,1,15,0,0,0,0,1,1,0,0,0,0,0,0,11,1,3,0,0,1,0,1,7.406,0,840,57.406,129.572698931879
643,13,1,1,0,18,3,0,0,1,0,59,36,2,0,0,0,6,0,0,0,0,0,1,0,22,8,3,0,0,1,13,1,14,0,0,0,0,5,0,0,0,0,1,0,0,13,1,1,1,0,0,0,1,4.227,9,284.816,72.227,96.5025363863562
644,8,2,0,1,10,3,0,0,1,0,126,33,2,0,0,0,6,0,0,0,0,0,1,0,17,7,1,1,0,0,13,2,15,0,0,0,0,3,0,0,1,0,0,0,0,15,1,4,0,0,0,1,1,6.774,9,2855.16,141.774,198.910658616191
645,6,2,0,1,25,4,0,0,0,1,79,58,1,33.781,33.499,27.536,6,0,0,0,0,0,1,0,11.5,7,2,0,1,0,13,1,14,0,0,0,0,1,1,0,0,0,0,0,0,12,1,3,0,0,1,0,1,6.356,5.5,1747.592,90.856,260.727529586996
646,7,1,1,0,17,2,0,1,0,0,98,20,2,0,0,0,6,0,0,0,0,0,1,0,20,7,1,1,0,0,13,2,15,0,0,0,0,4,0,0,0,1,0,0,0,11,1,3,0,0,1,0,0,0,13,1912.74,111,138.718096795637
647,4,1,1,0,0,1,1,0,0,0,75,21,2,0,0,0,3,0,0,1,0,0,0,0,18,18,0,0,0,0,0,0,0,0,0,0,0,0,0,0,0,0,0,1,69.99,18,1,4,0,0,0,1,0,0,14,175.9040558598,103,71.9486722995774
648,2,2,0,1,12,2,0,1,0,0,34,35,2,0,0,0,5,0,0,0,0,1,0,0,6,9,3,0,0,1,13,2,14,0,0,0,0,2,0,1,0,0,0,0,0,11,1,3,0,0,1,0,1,3.402,4,840,45,86.0421774270133
649,3,2,0,1,0,1,1,0,0,0,105,50,2,0,0,0,5,0,0,0,0,1,0,0,4.5,6,1,1,0,0,13,1,14,0,0,0,0,1,1,0,0,0,0,0,0,17,1,3,0,0,1,0,1,6.097,1.5,2772,112.597,284.239185509144
650,9,1,1,0,0,1,1,0,0,0,108,28,1,34.79,34.331,25.991,3,0,0,1,0,0,0,0,19,19,0,0,0,0,0,0,0,0,0,0,0,0,0,0,0,0,0,1,69.99,19,1,4,0,0,0,1,0,0,10,185.676503407566,128,96.2295598054025
651,9,2,0,1,0,1,1,0,0,0,89,49,1,28.696,25.155,18.944,5,0,0,0,0,1,0,0,5,7,2,0,1,0,13,1,15,0,0,0,0,2,0,1,0,0,0,0,0,11,1,1,1,0,0,0,0,0,0,2130,89,133.12400234368
652,11,1,1,0,26,4,0,0,0,1,80,52,1,21.563,32.244,24.847,4,0,0,0,1,0,0,0,5,6,1,1,0,0,13,1,14,0,0,0,0,2,0,1,0,0,0,0,0,12,1,1,1,0,0,0,1,8.723,0,0,88.723,119.464516610582
653,6,1,1,0,14,3,0,0,1,0,93,26,1,20.045,31.972,12.212,1,1,0,0,0,0,0,0,20,20,0,0,0,0,0,0,0,0,0,0,0,0,0,0,0,0,0,1,69.99,20,1,4,0,0,0,1,1,5.149,14,97.7244754776665,121,88.2066038248623
654,2,1,1,0,0,1,1,0,0,0,129,42,1,16.139,28.894,22.215,2,0,1,0,0,0,0,0,20,20,0,0,0,0,0,0,0,0,0,0,0,0,0,0,0,0,0,1,69.99,20,1,4,0,0,0,1,0,0,18,146.5867132165,165,139.874388618615
655,4,1,1,0,3,2,0,1,0,0,82,19,2,0,0,0,6,0,0,0,0,0,1,0,17,7,1,1,0,0,13,2,15,0,0,0,0,3,0,0,1,0,0,0,0,11,1,4,0,0,0,1,1,4.004,13,1775.16,99.004,79.6853521599831
656,9,1,1,0,0,1,1,0,0,0,107,47,1,18.092,23.343,22.988,2,0,1,0,0,0,0,0,20,20,0,0,0,0,0,0,0,0,0,0,0,0,0,0,0,0,0,1,69.99,20,1,2,0,1,0,0,0,0,11,146.5867132165,129,159.615162187055
657,12,1,1,0,0,1,1,0,0,0,76,45,2,0,0,0,5,0,0,0,0,1,0,0,6,6,1,1,0,0,13,1,14,0,0,0,0,3,0,0,1,0,0,0,0,18,1,3,0,0,1,0,1,3.917,0,1456,79.917,196.20644087349
658,13,1,1,0,26,4,0,0,0,1,104,25,2,0,0,0,2,0,1,0,0,0,0,0,13,13,0,0,0,0,0,0,0,0,0,0,0,0,0,0,0,0,0,1,69.99,13,1,1,1,0,0,0,0,0,0,95.2813635907248,104,106.962610289764
659,3,2,0,1,13,3,0,0,1,0,95,32,1,16.818,26.55,18.394,4,0,0,0,1,0,0,0,7,6,1,1,0,0,13,1,15,0,0,0,0,4,0,0,0,1,0,0,0,15,1,4,0,0,0,1,0,0,4,0,102,183.945896516736
660,1,2,0,1,0,1,1,0,0,0,107,30,2,0,0,0,6,0,0,0,0,0,1,0,12.5,9,3,0,0,1,13,2,14,0,0,0,0,1,1,0,0,0,0,0,0,15,1,4,0,0,0,1,1,5.692,11.5,2795.184,126.5,186.823810497273
661,8,2,0,1,26,4,0,0,0,1,37,51,2,0,0,0,3,0,0,1,0,0,0,0,13,13,0,0,0,0,0,0,0,0,0,0,0,0,0,0,0,0,0,1,69.99,13,1,1,1,0,0,0,0,0,5,127.041818120966,47,85.146931829632
662,10,1,1,0,19,2,0,1,0,0,100,37,2,0,0,0,4,0,0,0,1,0,0,0,9,9,3,0,0,1,13,2,14,0,0,0,0,5,0,0,0,0,1,0,0,11,1,4,0,0,0,1,1,6.013,0,0,106.013,165.389569902684
663,4,2,0,1,0,1,1,0,0,0,85,40,1,24.186,27.216,14.485,5,0,0,0,0,1,0,0,9,9,3,0,0,1,13,2,15,0,0,0,0,5,0,0,0,0,1,0,0,13,1,4,0,0,0,1,1,8.15,5,2310,98.15,192.537461031334
664,11,2,0,1,18,2,0,1,0,0,84,38,2,0,0,0,1,1,0,0,0,0,0,0,20,20,0,0,0,0,0,0,0,0,0,0,0,0,0,0,0,0,0,1,69.99,20,1,4,0,0,0,1,0,0,9,97.7244754776665,102,103.713696754833
665,4,1,1,0,31,2,0,1,0,0,124,52,1,24.016,26.431,18.056,2,0,1,0,0,0,0,0,18,18,0,0,0,0,0,0,0,0,0,0,0,0,0,0,0,0,0,1,69.99,18,1,2,0,1,0,0,1,3.078,14,131.92804189485,152,184.173830931541
666,10,2,0,1,16,4,0,0,0,1,58,31,1,34.311,32.267,24.357,7,0,0,0,0,0,0,1,33,33,0,0,0,0,0,0,0,47,33,55,13,0,0,0,0,0,0,0,0,13,1,4,0,0,0,1,0,0,23,0,104,105.460045703775
667,13,1,1,0,23,4,0,0,0,1,57,17,1,11.933,27.443,24.149,3,0,0,1,0,0,0,0,17,17,0,0,0,0,0,0,0,0,0,0,0,0,0,0,0,0,0,1,69.99,17,1,1,1,0,0,0,0,0,4,166.131608312033,65,67.1863081289633
668,13,2,0,1,0,1,1,0,0,0,75,43,1,29.86,25.404,23.962,2,0,1,0,0,0,0,0,20,20,0,0,0,0,0,0,0,0,0,0,0,0,0,0,0,0,0,1,69.99,20,1,2,0,1,0,0,0,0,7,146.5867132165,89,138.408814748194
669,10,1,1,0,0,1,1,0,0,0,109,34,2,0,0,0,4,0,0,0,1,0,0,0,8,6,1,1,0,0,13,1,14,0,0,0,0,5,0,0,0,0,1,0,0,20,1,4,0,0,0,1,1,8.169,0,0,117.169,164.945896516736
670,1,2,0,1,17,4,0,0,0,1,86,29,2,0,0,0,7,0,0,0,0,0,0,1,33,33,0,0,0,0,0,0,0,46,33,55,13,0,0,0,0,0,0,0,0,18,1,3,0,0,1,0,0,0,32,0,150,181.718096795637
671,4,2,0,1,7,2,0,1,0,0,56,25,2,0,0,0,1,1,0,0,0,0,0,0,17,17,0,0,0,0,0,0,0,0,0,0,0,0,0,0,0,0,0,1,69.99,17,1,4,0,0,0,1,0,0,13,83.0658041560165,82,46.455765229548
672,14,2,0,1,32,3,0,0,1,0,131,35,2,0,0,0,5,0,0,0,0,1,0,0,7,7,2,0,1,0,13,1,15,0,0,0,0,4,0,0,0,1,0,0,0,16,1,1,1,0,0,0,0,0,0,3090,131,156.160174180231
673,3,2,0,1,20,3,0,0,1,0,132,31,2,0,0,0,3,0,0,1,0,0,0,0,16,16,0,0,0,0,0,0,0,0,0,0,0,0,0,0,0,0,0,1,69.99,16,1,1,1,0,0,0,0,0,13,156.359160764266,158,166.027106220641
674,0,2,0,1,15,4,0,0,0,1,78,56,2,0,0,0,3,0,0,1,0,0,0,0,20,20,0,0,0,0,0,0,0,0,0,0,0,0,0,0,0,0,0,1,69.99,20,1,3,0,0,1,0,0,0,20,195.448950955333,118,201.731236996031
675,4,2,0,1,15,3,0,0,1,0,123,23,2,0,0,0,3,0,0,1,0,0,0,0,12,12,0,0,0,0,0,0,0,0,0,0,0,0,0,0,0,0,0,1,69.99,12,1,4,0,0,0,1,1,3.769,8,117.2693705732,139,117.404437529125
676,2,2,0,1,11,3,0,0,1,0,105,22,2,0,0,0,6,0,0,0,0,0,1,0,13,7,2,0,1,0,13,1,14,0,0,0,0,2,0,1,0,0,0,0,0,20,1,4,0,0,0,1,1,7.575,11,2604,123.575,168.354332002139
677,14,2,0,1,15,3,0,0,1,0,82,42,1,13.401,30.772,27.117,3,0,0,1,0,0,0,0,11,11,0,0,0,0,0,0,0,0,0,0,0,0,0,0,0,0,0,1,69.99,11,1,4,0,0,0,1,0,0,0,107.496923025433,82,128.137735883242
678,4,2,0,1,6,2,0,1,0,0,81,16,2,0,0,0,4,0,0,0,1,0,0,0,8,7,1,1,0,0,13,2,15,0,0,0,0,4,0,0,0,1,0,0,0,12,1,2,0,1,0,0,1,4.77,4,0,89.77,94.9718531987241
679,0,1,1,0,5,4,0,0,0,1,131,29,1,12.592,27.248,12.345,7,0,0,0,0,0,0,1,33,33,0,0,0,0,0,0,0,47,33,55,13,0,0,0,0,0,0,0,0,15,1,3,0,0,1,0,1,7.67,33,0,197,219.750841431291
680,6,1,1,0,15,3,0,0,1,0,118,17,2,0,0,0,2,0,1,0,0,0,0,0,18,18,0,0,0,0,0,0,0,0,0,0,0,0,0,0,0,0,0,1,69.99,18,1,2,0,1,0,0,1,7.448,12,131.92804189485,142,146.013697987552
681,13,2,0,1,20,3,0,0,1,0,83,46,1,32.158,23.853,25.391,3,0,0,1,0,0,0,0,13,13,0,0,0,0,0,0,0,0,0,0,0,0,0,0,0,0,0,1,69.99,13,1,3,0,0,1,0,1,7.491,0,127.041818120966,90.491,162.957442420177
682,11,1,1,0,32,2,0,1,0,0,56,48,1,35.045,33.686,16.19,3,0,0,1,0,0,0,0,13,13,0,0,0,0,0,0,0,0,0,0,0,0,0,0,0,0,0,1,69.99,13,1,4,0,0,0,1,0,0,2,127.041818120966,60,111.197833704263
683,14,1,1,0,4,3,0,0,1,0,131,42,1,11.448,28.204,26.452,1,1,0,0,0,0,0,0,11,11,0,0,0,0,0,0,0,0,0,0,0,0,0,0,0,0,0,1,69.99,11,1,2,0,1,0,0,1,5.646,0,53.7484615127166,136.646,160.399904351592
684,7,1,1,0,18,4,0,0,0,1,41,57,1,16.359,31.306,23.819,5,0,0,0,0,1,0,0,8,8,3,0,0,1,13,1,14,0,0,0,0,5,0,0,0,0,1,0,0,18,1,3,0,0,1,0,1,5.679,1,756,47.679,189.337959684312
685,12,2,0,1,0,1,1,0,0,0,44,45,2,0,0,0,4,0,0,0,1,0,0,0,8,7,2,0,1,0,13,1,14,0,0,0,0,5,0,0,0,0,1,0,0,18,1,4,0,0,0,1,0,0,0,0,44,164.347392475671
686,12,2,0,1,17,2,0,1,0,0,82,34,2,0,0,0,3,0,0,1,0,0,0,0,13,13,0,0,0,0,0,0,0,0,0,0,0,0,0,0,0,0,0,1,69.99,13,1,3,0,0,1,0,1,4.664,1,127.041818120966,87.664,85.8514326380743
687,5,1,1,0,0,1,1,0,0,0,101,51,1,31.064,36.402,23.929,6,0,0,0,0,0,1,0,17,8,2,0,1,0,13,2,14,0,0,0,0,3,0,0,1,0,0,0,0,15,1,2,0,1,0,0,1,7.894,12,2172.408,120.894,188.019571417446
688,14,2,0,1,7,3,0,0,1,0,47,27,1,30.974,29.514,26.82,5,0,0,0,0,1,0,0,5,8,3,0,0,1,13,1,15,0,0,0,0,2,0,1,0,0,0,0,0,18,1,4,0,0,0,1,0,0,0,570,47,130.730022851888
689,3,2,0,1,31,3,0,0,1,0,62,21,1,23.142,34.843,17.77,7,0,0,0,0,0,0,1,33,33,0,0,0,0,0,0,0,47,33,55,13,0,0,0,0,0,0,0,0,12,1,1,1,0,0,0,1,4.828,30,0,122,128.705089254466
690,2,2,0,1,14,4,0,0,0,1,68,38,1,14.58,27.023,24.342,4,0,0,0,1,0,0,0,7,7,2,0,1,0,13,1,15,0,0,0,0,4,0,0,0,1,0,0,0,17,1,3,0,0,1,0,0,0,5,0,78,220.023311844295
691,4,1,1,0,18,4,0,0,0,1,78,43,1,35.604,30.154,27.42,5,0,0,0,0,1,0,0,8,9,3,0,0,1,13,2,14,0,0,0,0,4,0,0,0,1,0,0,0,18,1,1,1,0,0,0,0,0,4,1960,87,112.294256309038
692,3,1,1,0,13,4,0,0,0,1,58,58,2,0,0,0,5,0,0,0,0,1,0,0,6,7,1,1,0,0,13,2,15,0,0,0,0,2,0,1,0,0,0,0,0,14,1,4,0,0,0,1,1,8.296,3,1560,69.296,193.103220436745
693,11,1,1,0,25,3,0,0,1,0,89,28,1,9.985,33.293,15.801,2,0,1,0,0,0,0,0,17,17,0,0,0,0,0,0,0,0,0,0,0,0,0,0,0,0,0,1,69.99,17,1,1,1,0,0,0,0,0,6,124.598706234025,101,104.809350727881
694,8,2,0,1,0,1,1,0,0,0,42,35,1,23.716,32.03,12.678,3,0,0,1,0,0,0,0,17,17,0,0,0,0,0,0,0,0,0,0,0,0,0,0,0,0,0,1,69.99,17,1,1,1,0,0,0,0,0,9,166.131608312033,60,81.3941029804985
695,15,1,1,0,9,2,0,1,0,0,35,27,2,0,0,0,2,0,1,0,0,0,0,0,12,12,0,0,0,0,0,0,0,0,0,0,0,0,0,0,0,0,0,1,69.99,12,1,1,1,0,0,0,1,6.089,0,87.9520279298998,41.089,41.089
696,11,1,1,0,0,1,1,0,0,0,88,32,1,39.221,30.109,23.154,2,0,1,0,0,0,0,0,20,20,0,0,0,0,0,0,0,0,0,0,0,0,0,0,0,0,0,1,69.99,20,1,4,0,0,0,1,0,0,9,146.5867132165,106,93.5016771906285
697,12,1,1,0,0,1,1,0,0,0,43,34,2,0,0,0,6,0,0,0,0,0,1,0,23,8,2,0,1,0,13,2,15,0,0,0,0,5,0,0,0,0,1,0,0,16,1,2,0,1,0,0,1,4.166,11,-157.26,58.166,127.091634484729
698,11,1,1,0,33,3,0,0,1,0,107,32,1,16.633,36.014,24.527,3,0,0,1,0,0,0,0,11,11,0,0,0,0,0,0,0,0,0,0,0,0,0,0,0,0,0,1,69.99,11,1,2,0,1,0,0,0,0,0,107.496923025433,107,124.679589348056
699,3,1,1,0,0,1,1,0,0,0,70,18,1,37.477,36.516,15.409,5,0,0,0,0,1,0,0,5,6,1,1,0,0,13,1,15,0,0,0,0,2,0,1,0,0,0,0,0,17,1,4,0,0,0,1,1,2.93,2,1920,75,120.511655922148
700,10,1,1,0,21,2,0,1,0,0,99,34,1,31.029,38.281,13.347,5,0,0,0,0,1,0,0,7,7,1,1,0,0,13,2,14,0,0,0,0,3,0,0,1,0,0,0,0,16,1,2,0,1,0,0,1,5.134,0,2212,104.134,114.664248813656
701,1,1,1,0,17,4,0,0,0,1,107,52,2,0,0,0,1,1,0,0,0,0,0,0,19,19,0,0,0,0,0,0,0,0,0,0,0,0,0,0,0,0,0,1,69.99,19,1,3,0,0,1,0,1,2.27,18,92.8382517037832,143,197.868972879273
702,7,1,1,0,7,4,0,0,0,1,66,34,1,19.321,27.636,16.407,6,0,0,0,0,0,1,0,13,7,2,0,1,0,13,1,15,0,0,0,0,2,0,1,0,0,0,0,0,17,1,1,1,0,0,0,1,6.095,6,1320,78.095,100.969445997292
703,3,1,1,0,0,1,1,0,0,0,114,30,2,0,0,0,6,0,0,0,0,0,1,0,13,7,2,0,1,0,13,1,14,0,0,0,0,2,0,1,0,0,0,0,0,13,1,2,0,1,0,0,1,2.527,10,2800,128,163.670400500518
704,0,1,1,0,15,2,0,1,0,0,55,54,1,17.258,30.038,18.926,5,0,0,0,0,1,0,0,4.5,8,3,0,0,1,13,1,14,0,0,0,0,1,1,0,0,0,0,0,0,20,1,4,0,0,0,1,0,0,4.5,1540,67.5,101.955329308096
705,0,2,0,1,30,4,0,0,0,1,126,56,2,0,0,0,5,0,0,0,0,1,0,0,8,8,2,0,1,0,13,2,14,0,0,0,0,4,0,0,0,1,0,0,0,11,1,2,0,1,0,0,1,7.095,8,3528,142,224.588512618077
706,1,2,0,1,0,1,1,0,0,0,83,35,1,18.062,29.504,24.66,2,0,1,0,0,0,0,0,14,14,0,0,0,0,0,0,0,0,0,0,0,0,0,0,0,0,0,1,69.99,14,1,1,1,0,0,0,1,4.215,13,102.61069925155,109,122.09013064126
707,2,2,0,1,5,3,0,0,1,0,49,38,2,0,0,0,7,0,0,0,0,0,0,1,33,33,0,0,0,0,0,0,0,46,33,55,13,0,0,0,0,0,0,0,0,14,1,3,0,0,1,0,0,0,31,0,111,151.56326614052
708,6,1,1,0,33,3,0,0,1,0,72,30,2,0,0,0,6,0,0,0,0,0,1,0,13,8,3,0,0,1,13,1,14,0,0,0,0,2,0,1,0,0,0,0,0,12,1,1,1,0,0,0,1,4.517,7,1439.592,83.517,101.681312388265
709,15,2,0,1,12,3,0,0,1,0,90,17,2,0,0,0,3,0,0,1,0,0,0,0,20,20,0,0,0,0,0,0,0,0,0,0,0,0,0,0,0,0,0,1,69.99,20,1,4,0,0,0,1,0,0,5,195.448950955333,100,80.819706536935
710,3,2,0,1,0,2,0,1,0,0,54,45,2,0,0,0,2,0,1,0,0,0,0,0,15,15,0,0,0,0,0,0,0,0,0,0,0,0,0,0,0,0,0,1,69.99,15,1,1,1,0,0,0,1,4.772,12,109.940034912375,78,78
711,9,1,1,0,5,2,0,1,0,0,79,47,1,10.13,38.04,29.007,7,0,0,0,0,0,0,1,33,33,0,0,0,0,0,0,0,47,33,55,13,0,0,0,0,0,0,0,0,20,1,3,0,0,1,0,1,5.214,24,0,127,122.319094101594
712,6,1,1,0,0,1,1,0,0,0,108,37,1,30.939,36.088,27.281,6,0,0,0,0,0,1,0,22,6,1,1,0,0,13,1,14,0,0,0,0,5,0,0,0,0,1,0,0,19,1,4,0,0,0,1,1,7.894,16,1969.632,131.894,175.267483883221
713,8,1,1,0,32,2,0,1,0,0,131,20,1,24.96,32.421,14.493,6,0,0,0,0,0,1,0,14,8,2,0,1,0,13,2,14,0,0,0,0,2,0,1,0,0,0,0,0,17,1,2,0,1,0,0,0,0,6,2996,137,159.665274872152
714,14,1,1,0,5,4,0,0,0,1,130,43,1,29.705,34.508,13.284,3,0,0,1,0,0,0,0,13,13,0,0,0,0,0,0,0,0,0,0,0,0,0,0,0,0,0,1,69.99,13,1,4,0,0,0,1,1,8.473,0,127.041818120966,138.473,131.59350111279
715,10,2,0,1,29,3,0,0,1,0,99,17,2,0,0,0,5,0,0,0,0,1,0,0,8,9,3,0,0,1,13,2,14,0,0,0,0,4,0,0,0,1,0,0,0,12,1,3,0,0,1,0,0,0,0,2212,99,193.544400557802
716,5,1,1,0,31,4,0,0,0,1,119,34,1,11.394,36.933,21.481,7,0,0,0,0,0,0,1,33,33,0,0,0,0,0,0,0,47,33,55,13,0,0,0,0,0,0,0,0,11,1,2,0,1,0,0,0,0,28,0,175,187.747170418092
717,3,2,0,1,0,1,1,0,0,0,126,31,2,0,0,0,2,0,1,0,0,0,0,0,12,12,0,0,0,0,0,0,0,0,0,0,0,0,0,0,0,0,0,1,69.99,12,1,1,1,0,0,0,0,0,9,87.9520279298998,144,152.764524677688
718,9,1,1,0,12,2,0,1,0,0,99,32,2,0,0,0,2,0,1,0,0,0,0,0,14,14,0,0,0,0,0,0,0,0,0,0,0,0,0,0,0,0,0,1,69.99,14,1,3,0,0,1,0,1,5.29,5,102.61069925155,109.29,104.413207649725
719,0,1,1,0,0,1,1,0,0,0,110,57,2,0,0,0,5,0,0,0,0,1,0,0,7,7,2,0,1,0,13,1,14,0,0,0,0,4,0,0,0,1,0,0,0,20,1,2,0,1,0,0,0,0,7,3080,124,199.278699313298
720,7,1,1,0,0,1,1,0,0,0,99,25,2,0,0,0,5,0,0,0,0,1,0,0,6,7,2,0,1,0,13,1,15,0,0,0,0,3,0,0,1,0,0,0,0,15,1,4,0,0,0,1,0,0,0,2550,99,147.476418021602
721,5,2,0,1,19,2,0,1,0,0,54,40,2,0,0,0,1,1,0,0,0,0,0,0,14,14,0,0,0,0,0,0,0,0,0,0,0,0,0,0,0,0,0,1,69.99,14,1,4,0,0,0,1,1,4.305,9,68.4071328343665,72,59.6677847937523
722,13,1,1,0,18,3,0,0,1,0,42,58,2,0,0,0,7,0,0,0,0,0,0,1,33,33,0,0,0,0,0,0,0,45,33,55,13,0,0,0,0,0,0,0,0,13,1,4,0,0,0,1,1,7.594,20,0,82,125.877913980537
723,10,1,1,0,0,1,1,0,0,0,118,33,1,22.942,24.621,23.326,6,0,0,0,0,0,1,0,17,9,3,0,0,1,13,2,15,0,0,0,0,3,0,0,1,0,0,0,0,19,1,4,0,0,0,1,0,0,7,2580,125,171.502223130788
724,9,2,0,1,0,1,1,0,0,0,128,19,2,0,0,0,6,0,0,0,0,0,1,0,22,7,2,0,1,0,13,1,14,0,0,0,0,5,0,0,0,0,1,0,0,12,1,3,0,0,1,0,1,5.648,13,2401.224,146.648,235.821317232382
725,2,2,0,1,23,3,0,0,1,0,122,29,2,0,0,0,1,1,0,0,0,0,0,0,11,11,0,0,0,0,0,0,0,0,0,0,0,0,0,0,0,0,0,1,69.99,11,1,2,0,1,0,0,1,8.525,9,53.7484615127166,140,160.262285020525
726,3,1,1,0,17,3,0,0,1,0,85,38,1,16.049,30.238,23.314,3,0,0,1,0,0,0,0,16,16,0,0,0,0,0,0,0,0,0,0,0,0,0,0,0,0,0,1,69.99,16,1,1,1,0,0,0,0,0,13,156.359160764266,111,117.324336776306
727,15,1,1,0,0,1,1,0,0,0,107,29,2,0,0,0,4,0,0,0,1,0,0,0,7,7,2,0,1,0,13,1,14,0,0,0,0,4,0,0,0,1,0,0,0,18,1,2,0,1,0,0,1,4.338,0,0,111.338,149.653433786198
728,11,1,1,0,12,3,0,0,1,0,131,48,1,11.523,32.714,23.843,2,0,1,0,0,0,0,0,13,13,0,0,0,0,0,0,0,0,0,0,0,0,0,0,0,0,0,1,69.99,13,1,1,1,0,0,0,0,0,2,95.2813635907248,135,143.279447235115
729,8,1,1,0,0,1,1,0,0,0,97,50,2,0,0,0,3,0,0,1,0,0,0,0,16,16,0,0,0,0,0,0,0,0,0,0,0,0,0,0,0,0,0,1,69.99,16,1,4,0,0,0,1,0,0,8,156.359160764266,113,136.206603824862
730,15,1,1,0,20,2,0,1,0,0,104,58,2,0,0,0,7,0,0,0,0,0,0,1,33,33,0,0,0,0,0,0,0,48,33,55,13,0,0,0,0,0,0,0,0,15,1,3,0,0,1,0,0,0,18,0,140,207.370704319966
731,14,2,0,1,0,1,1,0,0,0,53,40,2,0,0,0,3,0,0,1,0,0,0,0,11,11,0,0,0,0,0,0,0,0,0,0,0,0,0,0,0,0,0,1,69.99,11,1,4,0,0,0,1,0,0,0,107.496923025433,53,111.174877723723
732,4,1,1,0,32,3,0,0,1,0,121,16,2,0,0,0,2,0,1,0,0,0,0,0,12,12,0,0,0,0,0,0,0,0,0,0,0,0,0,0,0,0,0,1,69.99,12,1,1,1,0,0,0,1,2.542,8,87.9520279298998,137,137.931142241337
733,11,2,0,1,0,1,1,0,0,0,99,30,1,25.544,25.137,14.095,5,0,0,0,0,1,0,0,7,9,3,0,0,1,13,2,15,0,0,0,0,3,0,0,1,0,0,0,0,13,1,1,1,0,0,0,1,7.221,0,2310,106.221,132.977068853995
734,1,1,1,0,11,3,0,0,1,0,83,55,2,0,0,0,6,0,0,0,0,0,1,0,20,7,1,1,0,0,13,2,14,0,0,0,0,4,0,0,0,1,0,0,0,12,1,2,0,1,0,0,1,2.423,19,1701.224,108,186.461792332907
735,7,1,1,0,0,1,1,0,0,0,70,52,1,12.148,32.627,19.829,7,0,0,0,0,0,0,1,33,33,0,0,0,0,0,0,0,47,33,55,13,0,0,0,0,0,0,0,0,18,1,2,0,1,0,0,0,0,26,0,122,160.312195418814
736,3,2,0,1,22,4,0,0,0,1,72,17,2,0,0,0,2,0,1,0,0,0,0,0,11,11,0,0,0,0,0,0,0,0,0,0,0,0,0,0,0,0,0,1,69.99,11,1,1,1,0,0,0,0,0,8,80.6226922690748,88,95.4620343382645
737,9,1,1,0,29,3,0,0,1,0,114,36,2,0,0,0,7,0,0,0,0,0,0,1,33,33,0,0,0,0,0,0,0,46,33,55,13,0,0,0,0,0,0,0,0,16,1,2,0,1,0,0,1,5.489,24,0,162,177.27944043233
738,3,2,0,1,1,4,0,0,0,1,62,26,2,0,0,0,6,0,0,0,0,0,1,0,17,7,1,1,0,0,13,2,14,0,0,0,0,3,0,0,1,0,0,0,0,16,1,2,0,1,0,0,1,7.068,14,1152.816,83.068,141.054218738753
739,9,2,0,1,15,2,0,1,0,0,47,53,2,0,0,0,1,1,0,0,0,0,0,0,14,14,0,0,0,0,0,0,0,0,0,0,0,0,0,0,0,0,0,1,69.99,14,1,2,0,1,0,0,1,5.46,5,68.4071328343665,57.46,78.1706568988646
740,4,2,0,1,0,1,1,0,0,0,104,56,2,0,0,0,4,0,0,0,1,0,0,0,8,8,2,0,1,0,13,2,14,0,0,0,0,4,0,0,0,1,0,0,0,13,1,1,1,0,0,0,1,7.607,4,0,115.607,155.502342262102
741,5,1,1,0,14,3,0,0,1,0,53,43,2,0,0,0,2,0,1,0,0,0,0,0,11,11,0,0,0,0,0,0,0,0,0,0,0,0,0,0,0,0,0,1,69.99,11,1,4,0,0,0,1,0,0,6,80.6226922690748,65,105.220789684803
742,15,2,0,1,10,3,0,0,1,0,74,42,2,0,0,0,2,0,1,0,0,0,0,0,15,15,0,0,0,0,0,0,0,0,0,0,0,0,0,0,0,0,0,1,69.99,15,1,3,0,0,1,0,0,0,0,109.940034912375,74,143.335569587505
743,10,2,0,1,17,4,0,0,0,1,96,57,2,0,0,0,7,0,0,0,0,0,0,1,33,33,0,0,0,0,0,0,0,46,33,55,13,0,0,0,0,0,0,0,0,18,1,3,0,0,1,0,0,0,23,0,142,227.8401828151
744,7,2,0,1,31,2,0,1,0,0,109,22,2,0,0,0,7,0,0,0,0,0,0,1,33,33,0,0,0,0,0,0,0,47,33,55,13,0,0,0,0,0,0,0,0,11,1,1,1,0,0,0,1,7.295,26,0,161,162.496153800636
745,1,2,0,1,16,3,0,0,1,0,121,21,1,19.066,23.219,18.653,1,1,0,0,0,0,0,0,19,19,0,0,0,0,0,0,0,0,0,0,0,0,0,0,0,0,0,1,69.99,19,1,3,0,0,1,0,1,7.216,18,92.8382517037832,157,168.384835929842
746,5,1,1,0,12,4,0,0,0,1,84,41,1,38.926,22.965,23.837,2,0,1,0,0,0,0,0,17,17,0,0,0,0,0,0,0,0,0,0,0,0,0,0,0,0,0,1,69.99,17,1,4,0,0,0,1,0,0,12,124.598706234025,108,115.07763806222
747,5,1,1,0,6,3,0,0,1,0,45,47,1,22.512,32.141,20.533,1,1,0,0,0,0,0,0,18,18,0,0,0,0,0,0,0,0,0,0,0,0,0,0,0,0,0,1,69.99,18,1,3,0,0,1,0,1,4.237,13,87.9520279298998,71,125.289657626424
748,12,1,1,0,0,1,1,0,0,0,50,32,2,0,0,0,1,1,0,0,0,0,0,0,11,11,0,0,0,0,0,0,0,0,0,0,0,0,0,0,0,0,0,1,69.99,11,1,1,1,0,0,0,1,6.426,0,53.7484615127166,56.426,64.8682778868069
749,12,1,1,0,28,3,0,0,1,0,65,29,2,0,0,0,2,0,1,0,0,0,0,0,11,11,0,0,0,0,0,0,0,0,0,0,0,0,0,0,0,0,0,1,69.99,11,1,4,0,0,0,1,1,4.081,0,80.6226922690748,69.081,76.3267994669056
750,14,2,0,1,2,4,0,0,0,1,93,25,2,0,0,0,5,0,0,0,0,1,0,0,8,7,1,1,0,0,13,2,14,0,0,0,0,4,0,0,0,1,0,0,0,12,1,2,0,1,0,0,0,0,0,1820,93,145.578157702315
751,0,1,1,0,0,1,1,0,0,0,81,16,2,0,0,0,2,0,1,0,0,0,0,0,20,20,0,0,0,0,0,0,0,0,0,0,0,0,0,0,0,0,0,1,69.99,20,1,1,1,0,0,0,0,0,20,146.5867132165,121,122.053267059919
752,2,2,0,1,31,4,0,0,0,1,131,34,1,17.507,30.801,15.174,6,0,0,0,0,0,1,0,16,8,3,0,0,1,13,1,14,0,0,0,0,3,0,0,1,0,0,0,0,12,1,1,1,0,0,0,0,0,14,3220,151,171.828402774396
753,4,1,1,0,23,4,0,0,0,1,75,30,1,26.943,37.628,15.373,5,0,0,0,0,1,0,0,7,7,1,1,0,0,13,2,14,0,0,0,0,3,0,0,1,0,0,0,0,15,1,1,1,0,0,0,1,5.007,3,1876,83.007,101.262836465309
754,4,2,0,1,0,1,1,0,0,0,90,51,2,0,0,0,2,0,1,0,0,0,0,0,13,13,0,0,0,0,0,0,0,0,0,0,0,0,0,0,0,0,0,1,69.99,13,1,1,1,0,0,0,1,7.682,9,95.2813635907248,108,129.247823966208
755,9,1,1,0,30,4,0,0,0,1,54,32,1,11.978,32.989,25.715,2,0,1,0,0,0,0,0,18,18,0,0,0,0,0,0,0,0,0,0,0,0,0,0,0,0,0,1,69.99,18,1,1,1,0,0,0,0,0,9,131.92804189485,72,78.7908624143688
756,9,1,1,0,25,2,0,1,0,0,90,53,2,0,0,0,1,1,0,0,0,0,0,0,16,16,0,0,0,0,0,0,0,0,0,0,0,0,0,0,0,0,0,1,69.99,16,1,2,0,1,0,0,1,4.184,7,78.1795803821332,104,148.499158246773
757,14,2,0,1,1,3,0,0,1,0,80,32,2,0,0,0,4,0,0,0,1,0,0,0,5.5,9,3,0,0,1,13,2,14,0,0,0,0,1,1,0,0,0,0,0,0,12,1,2,0,1,0,0,0,0,0,0,80,149.251465654445
758,0,1,1,0,0,1,1,0,0,0,105,47,1,33.846,22.904,13.183,3,0,0,1,0,0,0,0,16,16,0,0,0,0,0,0,0,0,0,0,0,0,0,0,0,0,0,1,69.99,16,1,3,0,0,1,0,0,0,16,156.359160764266,137,187.868972879273
759,13,2,0,1,2,2,0,1,0,0,74,25,1,24.261,27.425,26.808,2,0,1,0,0,0,0,0,19,19,0,0,0,0,0,0,0,0,0,0,0,0,0,0,0,0,0,1,69.99,19,1,4,0,0,0,1,0,0,6,139.257377555675,86,46.455765229548
760,13,2,0,1,0,1,1,0,0,0,65,42,1,22.972,36.151,20.81,5,0,0,0,0,1,0,0,6,7,1,1,0,0,13,2,14,0,0,0,0,2,0,1,0,0,0,0,0,11,1,3,0,0,1,0,0,0,0,1092,65,194.154830655117
761,4,2,0,1,0,1,1,0,0,0,39,26,2,0,0,0,1,1,0,0,0,0,0,0,15,15,0,0,0,0,0,0,0,0,0,0,0,0,0,0,0,0,0,1,69.99,15,1,4,0,0,0,1,1,2.133,11,73.2933566082499,61,85.8568483774164
762,3,1,1,0,13,3,0,0,1,0,65,41,2,0,0,0,7,0,0,0,0,0,0,1,33,33,0,0,0,0,0,0,0,48,33,55,13,0,0,0,0,0,0,0,0,14,1,1,1,0,0,0,0,0,30,0,125,131.552270980018
763,0,2,0,1,8,2,0,1,0,0,113,34,1,22.862,34.759,23.151,3,0,0,1,0,0,0,0,12,12,0,0,0,0,0,0,0,0,0,0,0,0,0,0,0,0,0,1,69.99,12,1,1,1,0,0,0,0,0,12,117.2693705732,137,137
764,12,1,1,0,8,2,0,1,0,0,58,58,1,21.603,34.851,12.12,5,0,0,0,0,1,0,0,5.5,7,1,1,0,0,13,2,15,0,0,0,0,1,1,0,0,0,0,0,0,19,1,3,0,0,1,0,0,0,0,1020,58,114.981134417282
765,15,1,1,0,29,4,0,0,0,1,70,38,1,10.19,36.289,26.874,5,0,0,0,0,1,0,0,7,7,1,1,0,0,13,2,14,0,0,0,0,3,0,0,1,0,0,0,0,18,1,3,0,0,1,0,0,0,0,1120,70,167.389569902684
766,15,1,1,0,31,4,0,0,0,1,55,29,1,34.176,28.154,27.126,7,0,0,0,0,0,0,1,33,33,0,0,0,0,0,0,0,45,33,55,13,0,0,0,0,0,0,0,0,14,1,2,0,1,0,0,1,3.683,18,0,91,107.912001186152
767,6,2,0,1,27,2,0,1,0,0,129,26,1,39.281,26.067,27.896,3,0,0,1,0,0,0,0,16,16,0,0,0,0,0,0,0,0,0,0,0,0,0,0,0,0,0,1,69.99,16,1,3,0,0,1,0,1,6.548,10,156.359160764266,149,156.596855494047
768,10,1,1,0,5,4,0,0,0,1,111,46,1,24.67,34.64,22.607,4,0,0,0,1,0,0,0,5.5,9,3,0,0,1,13,2,14,0,0,0,0,1,1,0,0,0,0,0,0,13,1,1,1,0,0,0,0,0,0,0,111,133.405397192168
769,6,1,1,0,0,1,1,0,0,0,75,38,1,15.929,29.639,25.421,7,0,0,0,0,0,0,1,33,33,0,0,0,0,0,0,0,45,33,55,13,0,0,0,0,0,0,0,0,19,1,2,0,1,0,0,0,0,27,0,129,149.723077713491
770,7,2,0,1,0,1,1,0,0,0,39,38,2,0,0,0,5,0,0,0,0,1,0,0,5.5,9,3,0,0,1,13,2,14,0,0,0,0,1,1,0,0,0,0,0,0,17,1,4,0,0,0,1,0,0,0,700,41,153.434240594589
771,6,2,0,1,20,4,0,0,0,1,42,27,2,0,0,0,7,0,0,0,0,0,0,1,33,33,0,0,0,0,0,0,0,46,33,55,13,0,0,0,0,0,0,0,0,13,1,2,0,1,0,0,1,8.139,27,0,96,121.210560596014
772,1,2,0,1,4,4,0,0,0,1,68,41,1,17.572,24.178,27.506,5,0,0,0,0,1,0,0,5,7,2,0,1,0,13,1,15,0,0,0,0,2,0,1,0,0,0,0,0,11,1,3,0,0,1,0,0,0,4,1980,78,228.492790339429
773,14,1,1,0,1,4,0,0,0,1,78,39,1,31.983,33.158,18.831,7,0,0,0,0,0,0,1,33,33,0,0,0,0,0,0,0,45,33,55,13,0,0,0,0,0,0,0,0,13,1,3,0,0,1,0,1,3.739,19,0,116,139.736962378356
774,15,2,0,1,18,2,0,1,0,0,104,49,1,31.319,25.892,28.193,5,0,0,0,0,1,0,0,7,8,3,0,0,1,13,1,15,0,0,0,0,4,0,0,0,1,0,0,0,16,1,1,1,0,0,0,1,4.441,0,2220,108.441,134.165757483048
775,12,1,1,0,10,4,0,0,0,1,95,16,1,12.602,29.271,13.457,1,1,0,0,0,0,0,0,11,11,0,0,0,0,0,0,0,0,0,0,0,0,0,0,0,0,0,1,69.99,11,1,2,0,1,0,0,0,0,0,53.7484615127166,95,100.244700608062
776,8,2,0,1,20,4,0,0,0,1,83,19,1,34.116,36.022,18.136,5,0,0,0,0,1,0,0,8,6,1,1,0,0,13,1,14,0,0,0,0,5,0,0,0,0,1,0,0,20,1,4,0,0,0,1,0,0,0,1876,83,141.363764793498
777,11,2,0,1,27,3,0,0,1,0,126,54,2,0,0,0,7,0,0,0,0,0,0,1,33,33,0,0,0,0,0,0,0,45,33,55,13,0,0,0,0,0,0,0,0,11,1,1,1,0,0,0,0,0,22,0,170,185.407658957229
778,1,2,0,1,19,3,0,0,1,0,80,16,2,0,0,0,3,0,0,1,0,0,0,0,20,20,0,0,0,0,0,0,0,0,0,0,0,0,0,0,0,0,0,1,69.99,20,1,1,1,0,0,0,0,0,19,195.448950955333,118,123.369364106329
779,14,2,0,1,28,3,0,0,1,0,111,31,1,12.542,31.205,17.28,2,0,1,0,0,0,0,0,12,12,0,0,0,0,0,0,0,0,0,0,0,0,0,0,0,0,0,1,69.99,12,1,4,0,0,0,1,1,2.276,0,87.9520279298998,113.276,119.10059404276
780,4,2,0,1,6,3,0,0,1,0,54,35,1,29.875,31.258,16.475,2,0,1,0,0,0,0,0,12,12,0,0,0,0,0,0,0,0,0,0,0,0,0,0,0,0,0,1,69.99,12,1,2,0,1,0,0,0,0,8,87.9520279298998,70,114.017542509914
781,7,1,1,0,11,4,0,0,0,1,61,39,2,0,0,0,3,0,0,1,0,0,0,0,13,13,0,0,0,0,0,0,0,0,0,0,0,0,0,0,0,0,0,1,69.99,13,1,1,1,0,0,0,1,8.091,6,127.041818120966,75.091,84.6147639658706
782,1,2,0,1,13,4,0,0,0,1,42,48,2,0,0,0,5,0,0,0,0,1,0,0,7,8,2,0,1,0,13,2,15,0,0,0,0,3,0,0,1,0,0,0,0,11,1,2,0,1,0,0,0,0,6,1200,55,170.135240323691
783,14,1,1,0,2,3,0,0,1,0,99,33,1,25.674,33.071,12.47,4,0,0,0,1,0,0,0,5.5,8,2,0,1,0,13,2,14,0,0,0,0,1,1,0,0,0,0,0,0,16,1,1,1,0,0,0,0,0,0,0,99,116.284134773408
784,3,1,1,0,17,2,0,1,0,0,46,51,2,0,0,0,6,0,0,0,0,0,1,0,19,8,3,0,0,1,13,1,14,0,0,0,0,4,0,0,0,1,0,0,0,14,1,4,0,0,0,1,0,0,16,632.408,67,89.6947849513422
785,14,2,0,1,23,3,0,0,1,0,89,43,1,13.117,27.546,13.439,3,0,0,1,0,0,0,0,13,13,0,0,0,0,0,0,0,0,0,0,0,0,0,0,0,0,0,1,69.99,13,1,1,1,0,0,0,1,7.713,0,127.041818120966,96.713,115.422720332697
786,0,2,0,1,0,1,1,0,0,0,73,45,1,31.793,37.625,21.193,5,0,0,0,0,1,0,0,7,9,3,0,0,1,13,2,14,0,0,0,0,3,0,0,1,0,0,0,0,15,1,4,0,0,0,1,0,0,7,2044,89,197.0679825362
787,7,2,0,1,29,2,0,1,0,0,57,25,2,0,0,0,3,0,0,1,0,0,0,0,15,15,0,0,0,0,0,0,0,0,0,0,0,0,0,0,0,0,0,1,69.99,15,1,3,0,0,1,0,0,0,8,146.5867132165,73,63.4415793696068
788,9,1,1,0,9,2,0,1,0,0,113,26,1,25.664,27.081,16.38,4,0,0,0,1,0,0,0,7,8,3,0,0,1,13,1,15,0,0,0,0,4,0,0,0,1,0,0,0,16,1,1,1,0,0,0,0,0,0,0,113,113
789,9,2,0,1,0,1,1,0,0,0,44,34,1,24.815,32.437,21.309,5,0,0,0,0,1,0,0,8,7,1,1,0,0,13,2,14,0,0,0,0,4,0,0,0,1,0,0,0,17,1,4,0,0,0,1,0,0,0,728,44,146.051610218372
790,10,2,0,1,29,2,0,1,0,0,112,24,2,0,0,0,7,0,0,0,0,0,0,1,33,33,0,0,0,0,0,0,0,46,33,55,13,0,0,0,0,0,0,0,0,13,1,2,0,1,0,0,0,0,23,0,158,165.130251619744
791,7,1,1,0,0,1,1,0,0,0,65,44,2,0,0,0,4,0,0,0,1,0,0,0,9,7,1,1,0,0,13,2,14,0,0,0,0,5,0,0,0,0,1,0,0,16,1,4,0,0,0,1,0,0,2,0,67,161.485850812961
792,1,1,1,0,31,2,0,1,0,0,43,33,1,28.971,37.271,15.911,2,0,1,0,0,0,0,0,18,18,0,0,0,0,0,0,0,0,0,0,0,0,0,0,0,0,0,1,69.99,18,1,2,0,1,0,0,1,2.412,17,131.92804189485,77,83.773504164503
793,8,2,0,1,7,3,0,0,1,0,37,47,1,38.736,33.396,24.598,6,0,0,0,0,0,1,0,20,8,2,0,1,0,13,2,15,0,0,0,0,4,0,0,0,1,0,0,0,15,1,1,1,0,0,0,0,0,12,65.16,49,108.673823895177
794,2,1,1,0,13,4,0,0,0,1,119,58,1,33.536,37.903,16.891,1,1,0,0,0,0,0,0,14,14,0,0,0,0,0,0,0,0,0,0,0,0,0,0,0,0,0,1,69.99,14,1,1,1,0,0,0,0,0,12,68.4071328343665,143,154.314613695528
795,10,1,1,0,3,4,0,0,0,1,114,19,2,0,0,0,2,0,1,0,0,0,0,0,15,15,0,0,0,0,0,0,0,0,0,0,0,0,0,0,0,0,0,1,69.99,15,1,2,0,1,0,0,0,0,5,109.940034912375,124,129.691942694988
796,5,1,1,0,14,4,0,0,0,1,123,44,2,0,0,0,7,0,0,0,0,0,0,1,33,33,0,0,0,0,0,0,0,47,33,55,13,0,0,0,0,0,0,0,0,18,1,3,0,0,1,0,1,3.603,28,0,179,227.525534975083
797,6,1,1,0,0,1,1,0,0,0,94,53,2,0,0,0,7,0,0,0,0,0,0,1,33,33,0,0,0,0,0,0,0,48,33,55,13,0,0,0,0,0,0,0,0,19,1,4,0,0,0,1,0,0,27,0,148,156.624309150252
798,0,1,1,0,0,1,1,0,0,0,131,37,2,0,0,0,7,0,0,0,0,0,0,1,33,33,0,0,0,0,0,0,0,45,33,55,13,0,0,0,0,0,0,0,0,17,1,4,0,0,0,1,0,0,33,0,197,154.875420715646
799,7,2,0,1,30,2,0,1,0,0,112,43,1,15.499,30.125,16.009,7,0,0,0,0,0,0,1,33,33,0,0,0,0,0,0,0,46,33,55,13,0,0,0,0,0,0,0,0,19,1,4,0,0,0,1,0,0,26,0,164,146.502223130788
800,10,1,1,0,16,2,0,1,0,0,98,36,1,28.062,36.254,23.959,3,0,0,1,0,0,0,0,11,11,0,0,0,0,0,0,0,0,0,0,0,0,0,0,0,0,0,1,69.99,11,1,3,0,0,1,0,0,0,1,107.496923025433,100,105.731236996031
801,7,1,1,0,15,3,0,0,1,0,110,53,2,0,0,0,6,0,0,0,0,0,1,0,22,8,3,0,0,1,13,1,14,0,0,0,0,5,0,0,0,0,1,0,0,16,1,1,1,0,0,0,1,7.398,15,2048.816,132.398,155.210278023074
802,1,2,0,1,27,3,0,0,1,0,109,57,1,37.502,31.731,12.562,7,0,0,0,0,0,0,1,33,33,0,0,0,0,0,0,0,46,33,55,13,0,0,0,0,0,0,0,0,16,1,1,1,0,0,0,1,6.762,32,0,173,189.362087018495
803,5,1,1,0,17,3,0,0,1,0,85,50,2,0,0,0,4,0,0,0,1,0,0,0,7,9,3,0,0,1,13,2,14,0,0,0,0,3,0,0,1,0,0,0,0,15,1,2,0,1,0,0,1,2.952,2,0,91,168.656455553886
804,15,1,1,0,18,4,0,0,0,1,107,55,1,39.256,35.411,21.044,1,1,0,0,0,0,0,0,18,18,0,0,0,0,0,0,0,0,0,0,0,0,0,0,0,0,0,1,69.99,18,1,1,1,0,0,0,0,0,3,87.9520279298998,113,125.674181914982
805,12,1,1,0,3,2,0,1,0,0,132,36,1,19.4,36.719,17.788,6,0,0,0,0,0,1,0,23,8,2,0,1,0,13,2,15,0,0,0,0,5,0,0,0,0,1,0,0,19,1,3,0,0,1,0,1,8.49,11,2512.74,151.49,184.351838737248
806,7,1,1,0,3,4,0,0,0,1,132,58,2,0,0,0,4,0,0,0,1,0,0,0,4.5,8,3,0,0,1,13,1,15,0,0,0,0,1,1,0,0,0,0,0,0,14,1,2,0,1,0,0,0,0,0,0,133,208.830074462468
807,6,1,1,0,0,1,1,0,0,0,60,16,2,0,0,0,7,0,0,0,0,0,0,1,33,33,0,0,0,0,0,0,0,45,33,55,13,0,0,0,0,0,0,0,0,11,1,4,0,0,0,1,0,0,27,0,114,61.6337419416106
808,1,2,0,1,0,1,1,0,0,0,95,37,1,30.494,28.78,23.285,2,0,1,0,0,0,0,0,19,19,0,0,0,0,0,0,0,0,0,0,0,0,0,0,0,0,0,1,69.99,19,1,2,0,1,0,0,0,0,18,139.257377555675,131,161.235852092517
809,10,2,0,1,0,1,1,0,0,0,73,44,2,0,0,0,3,0,0,1,0,0,0,0,15,15,0,0,0,0,0,0,0,0,0,0,0,0,0,0,0,0,0,1,69.99,15,1,1,1,0,0,0,0,0,5,146.5867132165,83,104.809350727881
810,4,1,1,0,5,4,0,0,0,1,74,50,2,0,0,0,5,0,0,0,0,1,0,0,7,7,1,1,0,0,13,2,14,0,0,0,0,3,0,0,1,0,0,0,0,14,1,2,0,1,0,0,1,4.085,3,1848,81.085,163.519959714403
811,2,1,1,0,0,1,1,0,0,0,35,20,1,19.97,25.884,14.648,7,0,0,0,0,0,0,1,33,33,0,0,0,0,0,0,0,46,33,55,13,0,0,0,0,0,0,0,0,16,1,2,0,1,0,0,0,0,31,0,97,104.92378186093
812,4,1,1,0,0,3,0,0,1,0,96,46,2,0,0,0,6,0,0,0,0,0,1,0,12.5,9,3,0,0,1,13,2,15,0,0,0,0,1,1,0,0,0,0,0,0,14,1,2,0,1,0,0,0,0,8.5,2484.84,109.5,175.383151984448
813,4,2,0,1,20,2,0,1,0,0,96,29,2,0,0,0,1,1,0,0,0,0,0,0,11,11,0,0,0,0,0,0,0,0,0,0,0,0,0,0,0,0,0,1,69.99,11,1,4,0,0,0,1,1,8.503,7,53.7484615127166,111.503,97.3355695875047
814,15,1,1,0,13,3,0,0,1,0,79,55,1,16.054,31.538,21.042,6,0,0,0,0,0,1,0,23,7,1,1,0,0,13,2,14,0,0,0,0,5,0,0,0,0,1,0,0,17,1,4,0,0,0,1,1,4.2,8,653.632,91.2,182.251111565394
815,5,1,1,0,0,1,1,0,0,0,104,52,1,21.843,35.898,19.645,7,0,0,0,0,0,0,1,33,33,0,0,0,0,0,0,0,46,33,55,13,0,0,0,0,0,0,0,0,20,1,4,0,0,0,1,0,0,28,0,160,162.032744635654
816,13,2,0,1,31,4,0,0,0,1,80,26,2,0,0,0,5,0,0,0,0,1,0,0,9,9,3,0,0,1,13,2,14,0,0,0,0,5,0,0,0,0,1,0,0,15,1,1,1,0,0,0,1,7.945,0,1512,87.945,114.936169350644
817,9,1,1,0,12,2,0,1,0,0,62,27,2,0,0,0,4,0,0,0,1,0,0,0,6,6,1,1,0,0,13,1,15,0,0,0,0,3,0,0,1,0,0,0,0,18,1,1,1,0,0,0,0,0,0,0,62,62
818,7,2,0,1,0,1,1,0,0,0,85,23,2,0,0,0,4,0,0,0,1,0,0,0,6,7,1,1,0,0,13,2,14,0,0,0,0,2,0,1,0,0,0,0,0,15,1,4,0,0,0,1,1,5.718,0,0,90.718,151.833243288632
819,12,1,1,0,5,2,0,1,0,0,127,44,1,27.712,25.76,19.342,3,0,0,1,0,0,0,0,13,13,0,0,0,0,0,0,0,0,0,0,0,0,0,0,0,0,0,1,69.99,13,1,1,1,0,0,0,1,4.563,1,127.041818120966,132.563,132.563
820,15,1,1,0,32,4,0,0,0,1,119,47,1,32.298,24.159,20.949,2,0,1,0,0,0,0,0,15,15,0,0,0,0,0,0,0,0,0,0,0,0,0,0,0,0,0,1,69.99,15,1,1,1,0,0,0,0,0,0,109.940034912375,119,127.945300812496
821,9,2,0,1,26,4,0,0,0,1,46,40,2,0,0,0,4,0,0,0,1,0,0,0,5.5,9,3,0,0,1,13,2,14,0,0,0,0,1,1,0,0,0,0,0,0,14,1,1,1,0,0,0,0,0,0,0,46,99.2975326984513
822,3,2,0,1,26,4,0,0,0,1,76,21,2,0,0,0,2,0,1,0,0,0,0,0,17,17,0,0,0,0,0,0,0,0,0,0,0,0,0,0,0,0,0,1,69.99,17,1,4,0,0,0,1,1,5.005,14,124.598706234025,104,93.2896576264242
823,14,1,1,0,0,3,0,0,1,0,90,34,2,0,0,0,3,0,0,1,0,0,0,0,20,20,0,0,0,0,0,0,0,0,0,0,0,0,0,0,0,0,0,1,69.99,20,1,4,0,0,0,1,0,0,6,195.448950955333,102,95.7136967548328
824,13,2,0,1,10,4,0,0,0,1,83,46,2,0,0,0,4,0,0,0,1,0,0,0,7,9,3,0,0,1,13,2,15,0,0,0,0,3,0,0,1,0,0,0,0,19,1,1,1,0,0,0,0,0,0,0,83,126.905476635171
825,4,2,0,1,33,3,0,0,1,0,44,55,1,10.604,27.081,25.403,5,0,0,0,0,1,0,0,8,9,3,0,0,1,13,2,15,0,0,0,0,4,0,0,0,1,0,0,0,13,1,1,1,0,0,0,0,0,4,1080,53,117.618025829377
826,3,1,1,0,0,1,1,0,0,0,86,48,1,32.323,23.771,17.224,7,0,0,0,0,0,0,1,33,33,0,0,0,0,0,0,0,48,33,55,13,0,0,0,0,0,0,0,0,17,1,1,1,0,0,0,1,3.984,30,0,146,153.687995627505
827,5,2,0,1,13,2,0,1,0,0,78,43,2,0,0,0,5,0,0,0,0,1,0,0,7,7,1,1,0,0,13,2,14,0,0,0,0,3,0,0,1,0,0,0,0,20,1,2,0,1,0,0,0,0,2,1904,82,99.8649087517733
828,3,2,0,1,7,3,0,0,1,0,70,34,2,0,0,0,7,0,0,0,0,0,0,1,33,33,0,0,0,0,0,0,0,48,33,55,13,0,0,0,0,0,0,0,0,16,1,4,0,0,0,1,1,2.369,30,0,130,127.511655922148
829,8,1,1,0,29,4,0,0,0,1,112,36,1,31.543,31.155,28.27,3,0,0,1,0,0,0,0,17,17,0,0,0,0,0,0,0,0,0,0,0,0,0,0,0,0,0,1,69.99,17,1,1,1,0,0,0,0,0,9,166.131608312033,130,134.892549831338
830,12,1,1,0,0,1,1,0,0,0,127,23,1,29.765,30.574,14.072,5,0,0,0,0,1,0,0,4.5,6,1,1,0,0,13,1,15,0,0,0,0,1,1,0,0,0,0,0,0,20,1,3,0,0,1,0,1,8.629,0,3090,135.629,218.178142499412
831,5,1,1,0,0,1,1,0,0,0,78,45,1,16.573,31.839,15.899,6,0,0,0,0,0,1,0,12.5,7,1,1,0,0,13,2,15,0,0,0,0,1,1,0,0,0,0,0,0,20,1,2,0,1,0,0,1,7.774,7.5,1920,93.274,164.088509884148
832,15,1,1,0,0,1,1,0,0,0,127,34,1,30.429,28.666,13.201,2,0,1,0,0,0,0,0,19,19,0,0,0,0,0,0,0,0,0,0,0,0,0,0,0,0,0,1,69.99,19,1,1,1,0,0,0,0,0,4,139.257377555675,135,139.215660038661
833,13,2,0,1,0,1,1,0,0,0,118,24,2,0,0,0,1,1,0,0,0,0,0,0,15,15,0,0,0,0,0,0,0,0,0,0,0,0,0,0,0,0,0,1,69.99,15,1,4,0,0,0,1,0,0,2,73.2933566082499,122,109.1235500233
834,7,2,0,1,10,4,0,0,0,1,116,20,1,16.393,37.456,12.616,2,0,1,0,0,0,0,0,20,20,0,0,0,0,0,0,0,0,0,0,0,0,0,0,0,0,0,1,69.99,20,1,1,1,0,0,0,1,6.574,13,146.5867132165,142,147.52626884728
835,7,2,0,1,15,4,0,0,0,1,34,45,1,14.59,32.68,11.739,3,0,0,1,0,0,0,0,11,11,0,0,0,0,0,0,0,0,0,0,0,0,0,0,0,0,0,1,69.99,11,1,2,0,1,0,0,0,0,4,107.496923025433,42,117.74548823628
836,4,2,0,1,29,4,0,0,0,1,103,28,2,0,0,0,5,0,0,0,0,1,0,0,9,7,1,1,0,0,13,2,15,0,0,0,0,5,0,0,0,0,1,0,0,17,1,1,1,0,0,0,1,2.534,5,2850,111,135.66502865514
837,14,1,1,0,0,1,1,0,0,0,112,31,2,0,0,0,3,0,0,1,0,0,0,0,17,17,0,0,0,0,0,0,0,0,0,0,0,0,0,0,0,0,0,1,69.99,17,1,2,0,1,0,0,0,0,3,166.131608312033,118,133.296661623613
838,8,2,0,1,11,3,0,0,1,0,99,26,2,0,0,0,2,0,1,0,0,0,0,0,11,11,0,0,0,0,0,0,0,0,0,0,0,0,0,0,0,0,0,1,69.99,11,1,1,1,0,0,0,1,8.318,3,80.6226922690748,110.318,119.524311853279
839,11,2,0,1,0,1,1,0,0,0,44,50,2,0,0,0,5,0,0,0,0,1,0,0,7,6,1,1,0,0,13,1,14,0,0,0,0,4,0,0,0,1,0,0,0,15,1,4,0,0,0,1,0,0,0,616,44,175.582131723238
840,1,2,0,1,22,4,0,0,0,1,114,56,2,0,0,0,5,0,0,0,0,1,0,0,4.5,8,3,0,0,1,13,1,14,0,0,0,0,1,1,0,0,0,0,0,0,11,1,1,1,0,0,0,1,3.367,3.5,3136,124.5,162.222840561987
841,1,2,0,1,0,1,1,0,0,0,50,35,1,23.781,35.847,11.742,4,0,0,0,1,0,0,0,9,7,1,1,0,0,13,2,15,0,0,0,0,5,0,0,0,0,1,0,0,15,1,4,0,0,0,1,0,0,8,0,64,164.633741941611
842,5,1,1,0,0,1,1,0,0,0,113,41,1,23.102,28.37,25.721,1,1,0,0,0,0,0,0,12,12,0,0,0,0,0,0,0,0,0,0,0,0,0,0,0,0,0,1,69.99,12,1,3,0,0,1,0,0,0,7,58.6346852865999,127,174.080992443477
843,6,2,0,1,12,2,0,1,0,0,118,32,2,0,0,0,6,0,0,0,0,0,1,0,19,6,1,1,0,0,13,1,14,0,0,0,0,4,0,0,0,1,0,0,0,19,1,1,1,0,0,0,1,5.983,13,2401.224,136.983,136.983
844,3,1,1,0,32,3,0,0,1,0,122,53,1,30.824,30.035,12.732,3,0,0,1,0,0,0,0,14,14,0,0,0,0,0,0,0,0,0,0,0,0,0,0,0,0,0,1,69.99,14,1,2,0,1,0,0,1,8.103,11,136.814265668733,144,178.807158693381
845,12,1,1,0,0,1,1,0,0,0,89,58,2,0,0,0,7,0,0,0,0,0,0,1,33,33,0,0,0,0,0,0,0,47,33,55,13,0,0,0,0,0,0,0,0,14,1,1,1,0,0,0,1,4.097,21,0,131,143.265487818944
846,14,1,1,0,0,1,1,0,0,0,121,37,2,0,0,0,7,0,0,0,0,0,0,1,33,33,0,0,0,0,0,0,0,46,33,55,13,0,0,0,0,0,0,0,0,11,1,1,1,0,0,0,1,5.854,19,0,159,163.248277173145
847,13,1,1,0,9,3,0,0,1,0,86,38,1,14.071,35.364,22.527,1,1,0,0,0,0,0,0,13,13,0,0,0,0,0,0,0,0,0,0,0,0,0,0,0,0,0,1,69.99,13,1,1,1,0,0,0,0,0,0,63.5209090604832,86,94.0212741883453
848,11,2,0,1,21,4,0,0,0,1,131,49,2,0,0,0,6,0,0,0,0,0,1,0,12.5,9,3,0,0,1,13,2,14,0,0,0,0,1,1,0,0,0,0,0,0,14,1,1,1,0,0,0,1,7.663,1.5,2907.184,140.163,170.454294662822
849,10,2,0,1,8,3,0,0,1,0,124,34,2,0,0,0,3,0,0,1,0,0,0,0,17,17,0,0,0,0,0,0,0,0,0,0,0,0,0,0,0,0,0,1,69.99,17,1,4,0,0,0,1,1,3.664,7,166.131608312033,138,134.487491330687
850,4,2,0,1,5,4,0,0,0,1,35,36,2,0,0,0,6,0,0,0,0,0,1,0,13,7,2,0,1,0,13,1,15,0,0,0,0,2,0,1,0,0,0,0,0,18,1,3,0,0,1,0,1,5.125,9,570,49.125,170.337959684312
851,10,2,0,1,6,4,0,0,0,1,41,48,1,25.035,33.544,19.773,7,0,0,0,0,0,0,1,33,33,0,0,0,0,0,0,0,47,33,55,13,0,0,0,0,0,0,0,0,17,1,3,0,0,1,0,1,2.575,23,0,87,141.929524198909
852,4,1,1,0,4,4,0,0,0,1,66,57,2,0,0,0,1,1,0,0,0,0,0,0,15,15,0,0,0,0,0,0,0,0,0,0,0,0,0,0,0,0,0,1,69.99,15,1,2,0,1,0,0,1,6.171,11,73.2933566082499,88,144.013888219158
853,10,2,0,1,0,1,1,0,0,0,107,27,2,0,0,0,5,0,0,0,0,1,0,0,8,8,3,0,0,1,13,1,15,0,0,0,0,5,0,0,0,0,1,0,0,20,1,3,0,0,1,0,1,3.129,0,2610,110.129,226.422314538339
854,12,1,1,0,27,4,0,0,0,1,75,46,2,0,0,0,7,0,0,0,0,0,0,1,33,33,0,0,0,0,0,0,0,46,33,55,13,0,0,0,0,0,0,0,0,20,1,2,0,1,0,0,1,2.145,21,0,117,148.83883901724
855,15,1,1,0,22,3,0,0,1,0,61,57,2,0,0,0,1,1,0,0,0,0,0,0,13,13,0,0,0,0,0,0,0,0,0,0,0,0,0,0,0,0,0,1,69.99,13,1,2,0,1,0,0,1,8.064,0,63.5209090604832,69.064,133.28854450402
856,9,2,0,1,13,2,0,1,0,0,41,33,1,34.246,27.1,25.703,1,1,0,0,0,0,0,0,20,20,0,0,0,0,0,0,0,0,0,0,0,0,0,0,0,0,0,1,69.99,20,1,3,0,0,1,0,1,3.899,11,97.7244754776665,63,53.5617750116502
857,13,2,0,1,32,2,0,1,0,0,106,18,2,0,0,0,6,0,0,0,0,0,1,0,13,8,3,0,0,1,13,1,15,0,0,0,0,2,0,1,0,0,0,0,0,13,1,3,0,0,1,0,1,2.548,0,2142.42,108.548,131.779139805369
858,15,1,1,0,2,4,0,0,0,1,126,35,1,15.09,35.414,26.125,2,0,1,0,0,0,0,0,13,13,0,0,0,0,0,0,0,0,0,0,0,0,0,0,0,0,0,1,69.99,13,1,1,1,0,0,0,1,8.45,0,95.2813635907248,134.45,138.930927082489
859,0,2,0,1,11,2,0,1,0,0,131,36,1,25.774,29.258,25.474,1,1,0,0,0,0,0,0,11,11,0,0,0,0,0,0,0,0,0,0,0,0,0,0,0,0,0,1,69.99,11,1,1,1,0,0,0,1,6.434,11,53.7484615127166,153,153
860,0,1,1,0,11,4,0,0,0,1,71,56,2,0,0,0,2,0,1,0,0,0,0,0,17,17,0,0,0,0,0,0,0,0,0,0,0,0,0,0,0,0,0,1,69.99,17,1,2,0,1,0,0,1,5.89,17,124.598706234025,105,153.521985396229
861,15,1,1,0,31,4,0,0,0,1,109,28,2,0,0,0,6,0,0,0,0,0,1,0,14,8,2,0,1,0,13,2,15,0,0,0,0,2,0,1,0,0,0,0,0,18,1,2,0,1,0,0,1,5.036,0,2130,114.036,152.33256150935
862,1,1,1,0,0,1,1,0,0,0,48,22,1,10.449,25.116,23.724,4,0,0,0,1,0,0,0,7,8,3,0,0,1,13,1,14,0,0,0,0,4,0,0,0,1,0,0,0,11,1,1,1,0,0,0,0,0,6,0,61,78.873316146844
863,14,2,0,1,8,3,0,0,1,0,92,21,2,0,0,0,7,0,0,0,0,0,0,1,33,33,0,0,0,0,0,0,0,46,33,55,13,0,0,0,0,0,0,0,0,14,1,4,0,0,0,1,0,0,19,0,130,101.511655922148
864,8,2,0,1,6,4,0,0,0,1,89,25,2,0,0,0,3,0,0,1,0,0,0,0,20,20,0,0,0,0,0,0,0,0,0,0,0,0,0,0,0,0,0,1,69.99,20,1,1,1,0,0,0,1,6.92,12,195.448950955333,113,121.630588258053
865,10,2,0,1,16,4,0,0,0,1,77,52,1,22.148,23.237,18.567,4,0,0,0,1,0,0,0,9,9,3,0,0,1,13,2,15,0,0,0,0,5,0,0,0,0,1,0,0,19,1,4,0,0,0,1,0,0,0,0,77,204.190068555663
866,3,1,1,0,3,2,0,1,0,0,66,49,2,0,0,0,5,0,0,0,0,1,0,0,5,8,3,0,0,1,13,1,15,0,0,0,0,2,0,1,0,0,0,0,0,18,1,4,0,0,0,1,0,0,2,1800,73,101.042177427013
867,7,2,0,1,15,4,0,0,0,1,58,39,2,0,0,0,6,0,0,0,0,0,1,0,19,6,1,1,0,0,13,1,15,0,0,0,0,4,0,0,0,1,0,0,0,15,1,3,0,0,1,0,1,4.63,12,712.74,74.63,197.328526892953
868,14,1,1,0,0,1,1,0,0,0,54,21,1,29.495,28.582,23.475,7,0,0,0,0,0,0,1,33,33,0,0,0,0,0,0,0,48,33,55,13,0,0,0,0,0,0,0,0,17,1,2,0,1,0,0,1,4.116,19,0,92,101.133575038164
869,12,1,1,0,21,2,0,1,0,0,66,19,2,0,0,0,7,0,0,0,0,0,0,1,33,33,0,0,0,0,0,0,0,45,33,55,13,0,0,0,0,0,0,0,0,11,1,3,0,0,1,0,0,0,21,0,108,70.8590483978186
870,7,2,0,1,15,4,0,0,0,1,127,47,2,0,0,0,7,0,0,0,0,0,0,1,33,33,0,0,0,0,0,0,0,46,33,55,13,0,0,0,0,0,0,0,0,14,1,4,0,0,0,1,1,5.082,26,0,179,183.762767487542
871,0,1,1,0,0,2,0,1,0,0,72,50,1,20.449,23.515,16.781,6,0,0,0,0,0,1,0,23,9,3,0,0,1,13,2,15,0,0,0,0,5,0,0,0,0,1,0,0,18,1,1,1,0,0,0,0,0,23,1475.16,104,104
872,5,1,1,0,31,3,0,0,1,0,60,54,2,0,0,0,2,0,1,0,0,0,0,0,14,14,0,0,0,0,0,0,0,0,0,0,0,0,0,0,0,0,0,1,69.99,14,1,1,1,0,0,0,1,5.33,9,102.61069925155,78,94.8683298050514
873,1,2,0,1,8,2,0,1,0,0,132,58,1,33.696,24.896,16.502,5,0,0,0,0,1,0,0,6,7,2,0,1,0,13,1,14,0,0,0,0,3,0,0,1,0,0,0,0,13,1,3,0,0,1,0,1,7.827,5,3640,144.827,232.516102183724
874,6,2,0,1,18,3,0,0,1,0,91,31,2,0,0,0,5,0,0,0,0,1,0,0,5,8,3,0,0,1,13,1,15,0,0,0,0,2,0,1,0,0,0,0,0,11,1,3,0,0,1,0,0,0,0,2370,93,224.544400557802
875,9,1,1,0,5,3,0,0,1,0,46,57,2,0,0,0,2,0,1,0,0,0,0,0,17,17,0,0,0,0,0,0,0,0,0,0,0,0,0,0,0,0,0,1,69.99,17,1,4,0,0,0,1,0,0,8,124.598706234025,62,126.51586305057
876,1,2,0,1,18,2,0,1,0,0,65,17,2,0,0,0,2,0,1,0,0,0,0,0,14,14,0,0,0,0,0,0,0,0,0,0,0,0,0,0,0,0,0,1,69.99,14,1,2,0,1,0,0,0,0,13,102.61069925155,91,92.5742944882649
877,11,1,1,0,26,3,0,0,1,0,88,24,2,0,0,0,4,0,0,0,1,0,0,0,6,7,2,0,1,0,13,1,14,0,0,0,0,3,0,0,1,0,0,0,0,12,1,4,0,0,0,1,1,5.863,0,0,93.863,130.746395169715
878,0,1,1,0,0,1,1,0,0,0,93,57,1,18.252,36.053,21.564,3,0,0,1,0,0,0,0,16,16,0,0,0,0,0,0,0,0,0,0,0,0,0,0,0,0,0,1,69.99,16,1,1,1,0,0,0,0,0,16,156.359160764266,125,137.38267721951
879,11,1,1,0,32,4,0,0,0,1,84,57,2,0,0,0,3,0,0,1,0,0,0,0,18,18,0,0,0,0,0,0,0,0,0,0,0,0,0,0,0,0,0,1,69.99,18,1,1,1,0,0,0,0,0,7,175.9040558598,98,113.371072148057
880,9,2,0,1,0,1,1,0,0,0,56,38,2,0,0,0,1,1,0,0,0,0,0,0,17,17,0,0,0,0,0,0,0,0,0,0,0,0,0,0,0,0,0,1,69.99,17,1,2,0,1,0,0,1,8.33,8,83.0658041560165,72.33,120.19828992128
881,3,1,1,0,31,3,0,0,1,0,101,29,2,0,0,0,4,0,0,0,1,0,0,0,8,8,3,0,0,1,13,1,15,0,0,0,0,5,0,0,0,0,1,0,0,11,1,1,1,0,0,0,0,0,5,0,111,125.706006220864
882,6,2,0,1,29,4,0,0,0,1,74,23,2,0,0,0,3,0,0,1,0,0,0,0,20,20,0,0,0,0,0,0,0,0,0,0,0,0,0,0,0,0,0,1,69.99,20,1,4,0,0,0,1,1,6.324,14,195.448950955333,102,93.7136967548328
883,7,2,0,1,20,4,0,0,0,1,48,42,2,0,0,0,2,0,1,0,0,0,0,0,12,12,0,0,0,0,0,0,0,0,0,0,0,0,0,0,0,0,0,1,69.99,12,1,3,0,0,1,0,0,0,5,87.9520279298998,58,134.395667408526
884,12,1,1,0,2,3,0,0,1,0,45,36,1,17.063,35.763,13.433,7,0,0,0,0,0,0,1,33,33,0,0,0,0,0,0,0,46,33,55,13,0,0,0,0,0,0,0,0,14,1,3,0,0,1,0,1,4.689,21,0,87,97.9295241989093
885,0,1,1,0,3,4,0,0,0,1,44,36,2,0,0,0,6,0,0,0,0,0,1,0,22,7,2,0,1,0,13,1,14,0,0,0,0,5,0,0,0,0,1,0,0,11,1,4,0,0,0,1,1,7.063,22,553.224,73.063,141.164263446476
886,15,2,0,1,18,4,0,0,0,1,85,34,2,0,0,0,3,0,0,1,0,0,0,0,13,13,0,0,0,0,0,0,0,0,0,0,0,0,0,0,0,0,0,1,69.99,13,1,3,0,0,1,0,1,6.353,0,127.041818120966,91.353,137.169461984381
887,14,2,0,1,2,2,0,1,0,0,116,37,1,22.243,26.627,12.072,7,0,0,0,0,0,0,1,33,33,0,0,0,0,0,0,0,45,33,55,13,0,0,0,0,0,0,0,0,17,1,4,0,0,0,1,0,0,19,0,154,91.3285268929529
888,10,2,0,1,4,4,0,0,0,1,81,23,1,22.188,25.245,20.275,5,0,0,0,0,1,0,0,7,7,1,1,0,0,13,2,14,0,0,0,0,3,0,0,1,0,0,0,0,11,1,4,0,0,0,1,1,3.85,0,1708,84.85,145.659547050797
889,0,2,0,1,0,1,1,0,0,0,55,53,1,32.168,38.41,19.847,7,0,0,0,0,0,0,1,33,33,0,0,0,0,0,0,0,48,33,55,13,0,0,0,0,0,0,0,0,17,1,4,0,0,0,1,1,6.383,33,0,121,159.955329308096
890,5,2,0,1,0,1,1,0,0,0,90,32,1,15.235,24.814,19.384,5,0,0,0,0,1,0,0,7,8,2,0,1,0,13,2,15,0,0,0,0,3,0,0,1,0,0,0,0,16,1,4,0,0,0,1,1,2.457,2,2400,95,178.389569902684
891,1,1,1,0,11,2,0,1,0,0,51,33,2,0,0,0,3,0,0,1,0,0,0,0,11,11,0,0,0,0,0,0,0,0,0,0,0,0,0,0,0,0,0,1,69.99,11,1,2,0,1,0,0,1,5.268,10,107.496923025433,71,78.2943165242535
892,8,1,1,0,10,4,0,0,0,1,106,19,1,33.941,25.242,25.751,7,0,0,0,0,0,0,1,33,33,0,0,0,0,0,0,0,48,33,55,13,0,0,0,0,0,0,0,0,20,1,4,0,0,0,1,1,3.225,25,0,156,93.56326614052
893,13,2,0,1,0,1,1,0,0,0,69,58,1,17.023,33.028,25.551,4,0,0,0,1,0,0,0,6,7,2,0,1,0,13,1,14,0,0,0,0,3,0,0,1,0,0,0,0,11,1,3,0,0,1,0,1,6.434,0,0,75.434,231.093787645386
894,2,2,0,1,24,2,0,1,0,0,67,39,2,0,0,0,3,0,0,1,0,0,0,0,20,20,0,0,0,0,0,0,0,0,0,0,0,0,0,0,0,0,0,1,69.99,20,1,1,1,0,0,0,1,6.803,18,195.448950955333,103,110.136279218067
895,14,1,1,0,0,1,1,0,0,0,119,38,2,0,0,0,6,0,0,0,0,0,1,0,22,7,2,0,1,0,13,1,14,0,0,0,0,5,0,0,0,0,1,0,0,11,1,4,0,0,0,1,0,0,8,1869.224,127,174.180635764304
896,12,2,0,1,30,3,0,0,1,0,132,30,2,0,0,0,1,1,0,0,0,0,0,0,12,12,0,0,0,0,0,0,0,0,0,0,0,0,0,0,0,0,0,1,69.99,12,1,4,0,0,0,1,0,0,0,58.6346852865999,132,128.275471766483
897,13,2,0,1,0,1,1,0,0,0,46,29,2,0,0,0,2,0,1,0,0,0,0,0,13,13,0,0,0,0,0,0,0,0,0,0,0,0,0,0,0,0,0,1,69.99,13,1,2,0,1,0,0,0,0,0,95.2813635907248,46,90.5538513813742
898,9,2,0,1,9,4,0,0,0,1,102,37,2,0,0,0,7,0,0,0,0,0,0,1,33,33,0,0,0,0,0,0,0,45,33,55,13,0,0,0,0,0,0,0,0,17,1,2,0,1,0,0,1,4.845,24,0,150,177.01977290687
899,14,2,0,1,0,1,1,0,0,0,110,30,2,0,0,0,1,1,0,0,0,0,0,0,19,19,0,0,0,0,0,0,0,0,0,0,0,0,0,0,0,0,0,1,69.99,19,1,1,1,0,0,0,1,4.386,5,92.8382517037832,120,130
900,15,1,1,0,31,3,0,0,1,0,117,19,2,0,0,0,5,0,0,0,0,1,0,0,8,6,1,1,0,0,13,1,15,0,0,0,0,5,0,0,0,0,1,0,0,13,1,2,0,1,0,0,1,3.642,0,2610,120.642,146.43596608757
901,14,1,1,0,16,3,0,0,1,0,45,36,2,0,0,0,2,0,1,0,0,0,0,0,16,16,0,0,0,0,0,0,0,0,0,0,0,0,0,0,0,0,0,1,69.99,16,1,2,0,1,0,0,0,0,2,117.2693705732,49,87.091905479212
902,10,2,0,1,1,3,0,0,1,0,128,43,1,38.921,27.266,20.789,5,0,0,0,0,1,0,0,7,9,3,0,0,1,13,2,15,0,0,0,0,3,0,0,1,0,0,0,0,14,1,2,0,1,0,0,1,2.631,0,3240,130.631,199.663362089794
903,12,1,1,0,20,3,0,0,1,0,106,35,2,0,0,0,7,0,0,0,0,0,0,1,33,33,0,0,0,0,0,0,0,48,33,55,13,0,0,0,0,0,0,0,0,11,1,4,0,0,0,1,1,5.066,21,0,148,120.624309150252
904,9,2,0,1,10,2,0,1,0,0,36,21,2,0,0,0,5,0,0,0,0,1,0,0,8,7,2,0,1,0,13,1,14,0,0,0,0,5,0,0,0,0,1,0,0,14,1,3,0,0,1,0,1,6.237,0,504,42.237,57.225306456208
905,5,2,0,1,12,2,0,1,0,0,44,17,2,0,0,0,5,0,0,0,0,1,0,0,6,9,3,0,0,1,13,2,14,0,0,0,0,2,0,1,0,0,0,0,0,16,1,1,1,0,0,0,0,0,1,952,49,49
906,8,1,1,0,27,2,0,1,0,0,97,36,2,0,0,0,4,0,0,0,1,0,0,0,7,8,3,0,0,1,13,1,15,0,0,0,0,4,0,0,0,1,0,0,0,11,1,2,0,1,0,0,1,3.368,0,0,100.368,154.151663708181
907,12,2,0,1,1,3,0,0,1,0,123,45,1,15.01,36.518,12.678,1,1,0,0,0,0,0,0,11,11,0,0,0,0,0,0,0,0,0,0,0,0,0,0,0,0,0,1,69.99,11,1,4,0,0,0,1,1,3.463,0,53.7484615127166,126.463,154.252515785943
908,10,2,0,1,4,2,0,1,0,0,73,50,2,0,0,0,6,0,0,0,0,0,1,0,16,7,2,0,1,0,13,1,14,0,0,0,0,3,0,0,1,0,0,0,0,18,1,2,0,1,0,0,0,0,6,1108.408,79,101.671038157383
909,4,1,1,0,2,4,0,0,0,1,71,54,2,0,0,0,1,1,0,0,0,0,0,0,18,18,0,0,0,0,0,0,0,0,0,0,0,0,0,0,0,0,0,1,69.99,18,1,4,0,0,0,1,0,0,14,87.9520279298998,99,136.160691863782
910,6,2,0,1,16,4,0,0,0,1,126,22,1,12.437,28.392,27.818,1,1,0,0,0,0,0,0,15,15,0,0,0,0,0,0,0,0,0,0,0,0,0,0,0,0,0,1,69.99,15,1,2,0,1,0,0,0,0,9,73.2933566082499,144,157.581724828738
911,12,1,1,0,31,2,0,1,0,0,118,45,1,31.583,27.332,26.541,2,0,1,0,0,0,0,0,18,18,0,0,0,0,0,0,0,0,0,0,0,0,0,0,0,0,0,1,69.99,18,1,2,0,1,0,0,1,7.832,6,131.92804189485,131.832,159.623545330882
912,7,2,0,1,16,2,0,1,0,0,36,46,1,18.936,25.768,29.328,1,1,0,0,0,0,0,0,12,12,0,0,0,0,0,0,0,0,0,0,0,0,0,0,0,0,0,1,69.99,12,1,2,0,1,0,0,1,6.423,5,58.6346852865999,47.423,66.0676995891336
913,2,1,1,0,4,3,0,0,1,0,128,24,1,21.309,35.385,21.968,3,0,0,1,0,0,0,0,15,15,0,0,0,0,0,0,0,0,0,0,0,0,0,0,0,0,0,1,69.99,15,1,3,0,0,1,0,0,0,13,146.5867132165,154,158.854787019331
914,2,1,1,0,0,1,1,0,0,0,50,38,2,0,0,0,1,1,0,0,0,0,0,0,14,14,0,0,0,0,0,0,0,0,0,0,0,0,0,0,0,0,0,1,69.99,14,1,2,0,1,0,0,0,0,12,68.4071328343665,74,106.075444849409
915,3,2,0,1,20,4,0,0,0,1,125,48,2,0,0,0,3,0,0,1,0,0,0,0,20,20,0,0,0,0,0,0,0,0,0,0,0,0,0,0,0,0,0,1,69.99,20,1,3,0,0,1,0,0,0,17,195.448950955333,159,222.384835929842
916,3,2,0,1,15,3,0,0,1,0,131,20,1,10.679,36.479,28.044,4,0,0,0,1,0,0,0,9,8,2,0,1,0,13,2,15,0,0,0,0,5,0,0,0,0,1,0,0,20,1,2,0,1,0,0,0,0,6,0,142,176.604076963132
917,7,2,0,1,0,1,1,0,0,0,71,28,2,0,0,0,3,0,0,1,0,0,0,0,17,17,0,0,0,0,0,0,0,0,0,0,0,0,0,0,0,0,0,1,69.99,17,1,4,0,0,0,1,1,5.246,10,166.131608312033,91,101.478721210088
918,11,2,0,1,18,2,0,1,0,0,48,56,2,0,0,0,1,1,0,0,0,0,0,0,17,17,0,0,0,0,0,0,0,0,0,0,0,0,0,0,0,0,0,1,69.99,17,1,2,0,1,0,0,1,3.296,6,83.0658041560165,60,82.0731381147328
919,5,2,0,1,17,4,0,0,0,1,43,54,1,38.277,30.661,16.169,5,0,0,0,0,1,0,0,7,7,1,1,0,0,13,2,15,0,0,0,0,3,0,0,1,0,0,0,0,17,1,2,0,1,0,0,0,0,2,990,47,179.270744964146
920,14,2,0,1,7,2,0,1,0,0,101,51,1,18.237,29.911,27.304,3,0,0,1,0,0,0,0,19,19,0,0,0,0,0,0,0,0,0,0,0,0,0,0,0,0,0,1,69.99,19,1,2,0,1,0,0,0,0,5,185.676503407566,111,122.155638429014
921,7,1,1,0,0,1,1,0,0,0,103,50,1,27.912,29.324,25.557,6,0,0,0,0,0,1,0,13,7,2,0,1,0,13,1,15,0,0,0,0,2,0,1,0,0,0,0,0,14,1,4,0,0,0,1,0,0,6,2430,109,199.945896516736
922,6,1,1,0,12,3,0,0,1,0,37,21,2,0,0,0,6,0,0,0,0,0,1,0,14,7,1,1,0,0,13,2,14,0,0,0,0,2,0,1,0,0,0,0,0,18,1,1,1,0,0,0,0,0,8,436.408,46,67.2086303981862
923,2,1,1,0,1,4,0,0,0,1,67,54,2,0,0,0,6,0,0,0,0,0,1,0,20,9,3,0,0,1,13,2,14,0,0,0,0,4,0,0,0,1,0,0,0,14,1,1,1,0,0,0,1,7.511,18,1276.408,92.511,123.621539874732
924,3,2,0,1,0,1,1,0,0,0,108,20,2,0,0,0,5,0,0,0,0,1,0,0,5,6,1,1,0,0,13,1,15,0,0,0,0,2,0,1,0,0,0,0,0,18,1,3,0,0,1,0,0,0,2,3060,113,230.943403251845
925,7,1,1,0,18,2,0,1,0,0,45,48,1,37.288,38.479,17.295,7,0,0,0,0,0,0,1,33,33,0,0,0,0,0,0,0,45,33,55,13,0,0,0,0,0,0,0,0,20,1,4,0,0,0,1,0,0,26,0,97,67.1384583372902
926,13,1,1,0,24,2,0,1,0,0,56,39,1,12.243,25.459,24.535,4,0,0,0,1,0,0,0,7,7,1,1,0,0,13,2,15,0,0,0,0,3,0,0,1,0,0,0,0,15,1,1,1,0,0,0,0,0,0,0,56,56
927,12,1,1,0,24,4,0,0,0,1,59,56,1,14.735,26.357,13.109,2,0,1,0,0,0,0,0,18,18,0,0,0,0,0,0,0,0,0,0,0,0,0,0,0,0,0,1,69.99,18,1,4,0,0,0,1,0,0,6,131.92804189485,71,127.644828813212
928,3,1,1,0,29,4,0,0,0,1,39,32,1,20.23,30.286,16.356,6,0,0,0,0,0,1,0,14,9,3,0,0,1,13,2,15,0,0,0,0,2,0,1,0,0,0,0,0,14,1,1,1,0,0,0,0,0,11,732.42,56,83.5463942968217
929,11,2,0,1,0,1,1,0,0,0,95,21,2,0,0,0,7,0,0,0,0,0,0,1,33,33,0,0,0,0,0,0,0,45,33,55,13,0,0,0,0,0,0,0,0,14,1,2,0,1,0,0,1,7.66,22,0,139,152.200525623271
930,0,1,1,0,31,3,0,0,1,0,107,47,2,0,0,0,3,0,0,1,0,0,0,0,13,13,0,0,0,0,0,0,0,0,0,0,0,0,0,0,0,0,0,1,69.99,13,1,3,0,0,1,0,1,5.376,13,127.041818120966,133,189.656953315068
931,4,1,1,0,0,1,1,0,0,0,50,41,1,33.631,26.88,13.207,5,0,0,0,0,1,0,0,5,7,2,0,1,0,13,1,15,0,0,0,0,2,0,1,0,0,0,0,0,12,1,2,0,1,0,0,0,0,1,1260,54,138.003623140844
932,9,1,1,0,18,3,0,0,1,0,128,21,2,0,0,0,6,0,0,0,0,0,1,0,16,8,3,0,0,1,13,1,15,0,0,0,0,3,0,0,1,0,0,0,0,14,1,4,0,0,0,1,0,0,7,2940,135,154.910658616191
933,14,1,1,0,29,3,0,0,1,0,91,50,1,33.212,38.001,26.817,6,0,0,0,0,0,1,0,13,8,3,0,0,1,13,1,15,0,0,0,0,2,0,1,0,0,0,0,0,14,1,4,0,0,0,1,1,4.331,0,1632.42,95.331,183.894286298364
934,3,1,1,0,0,1,1,0,0,0,74,26,1,17.318,23.816,20.465,4,0,0,0,1,0,0,0,7,8,3,0,0,1,13,1,14,0,0,0,0,4,0,0,0,1,0,0,0,16,1,4,0,0,0,1,1,4.155,4,0,83,135.981134417282
935,13,1,1,0,3,3,0,0,1,0,87,41,1,13.097,29.118,25.008,5,0,0,0,0,1,0,0,4.5,8,3,0,0,1,13,1,15,0,0,0,0,1,1,0,0,0,0,0,0,16,1,2,0,1,0,0,0,0,0,1830,87,153.941547348336
936,12,2,0,1,0,1,1,0,0,0,86,33,2,0,0,0,4,0,0,0,1,0,0,0,8,7,2,0,1,0,13,1,14,0,0,0,0,5,0,0,0,0,1,0,0,19,1,1,1,0,0,0,0,0,0,0,86,118.139747756629
937,7,1,1,0,27,4,0,0,0,1,128,18,2,0,0,0,4,0,0,0,1,0,0,0,4.5,7,2,0,1,0,13,1,15,0,0,0,0,1,1,0,0,0,0,0,0,18,1,1,1,0,0,0,0,0,0,0,128,136.70405992508
938,3,1,1,0,1,3,0,0,1,0,35,29,2,0,0,0,4,0,0,0,1,0,0,0,7,9,3,0,0,1,13,2,14,0,0,0,0,3,0,0,1,0,0,0,0,18,1,1,1,0,0,0,0,0,4,0,45,72.6223106214612
939,4,2,0,1,25,3,0,0,1,0,71,24,2,0,0,0,1,1,0,0,0,0,0,0,12,12,0,0,0,0,0,0,0,0,0,0,0,0,0,0,0,0,0,1,69.99,12,1,1,1,0,0,0,1,8.567,8,58.6346852865999,87.567,97.9998953519849
940,6,2,0,1,22,4,0,0,0,1,109,19,2,0,0,0,5,0,0,0,0,1,0,0,4.5,7,2,0,1,0,13,1,15,0,0,0,0,1,1,0,0,0,0,0,0,15,1,3,0,0,1,0,1,2.625,0,2910,111.625,222.76970701401
941,3,2,0,1,0,1,1,0,0,0,45,54,2,0,0,0,4,0,0,0,1,0,0,0,5.5,9,3,0,0,1,13,2,15,0,0,0,0,1,1,0,0,0,0,0,0,16,1,3,0,0,1,0,1,4.851,2.5,0,53.5,221.154830655117
942,9,1,1,0,18,3,0,0,1,0,87,42,2,0,0,0,5,0,0,0,0,1,0,0,5.5,7,1,1,0,0,13,2,14,0,0,0,0,1,1,0,0,0,0,0,0,20,1,1,1,0,0,0,0,0,0,1932,87,111.664676599182
943,8,2,0,1,0,1,1,0,0,0,102,51,1,35.964,29.879,24.452,6,0,0,0,0,0,1,0,19,7,2,0,1,0,13,1,15,0,0,0,0,4,0,0,0,1,0,0,0,14,1,1,1,0,0,0,1,5.731,11,2015.16,118.731,155.878319085754
944,1,2,0,1,24,2,0,1,0,0,42,39,1,23.486,32.788,23.068,6,0,0,0,0,0,1,0,20,9,3,0,0,1,13,2,15,0,0,0,0,4,0,0,0,1,0,0,0,15,1,2,0,1,0,0,1,5.446,19,677.58,69,87.6184911990614
945,14,1,1,0,0,1,1,0,0,0,60,49,1,35.744,23.158,18.356,5,0,0,0,0,1,0,0,4.5,7,2,0,1,0,13,1,14,0,0,0,0,1,1,0,0,0,0,0,0,15,1,4,0,0,0,1,0,0,0,896,60,159.755827961074
946,0,1,1,0,31,3,0,0,1,0,55,51,2,0,0,0,6,0,0,0,0,0,1,0,22,7,2,0,1,0,13,1,15,0,0,0,0,5,0,0,0,0,1,0,0,20,1,3,0,0,1,0,0,0,22,922.74,84,214.910658616191
947,14,1,1,0,29,3,0,0,1,0,94,32,1,26.493,23.19,18.831,3,0,0,1,0,0,0,0,11,11,0,0,0,0,0,0,0,0,0,0,0,0,0,0,0,0,0,1,69.99,11,1,4,0,0,0,1,0,0,0,107.496923025433,94,93.5016771906285
948,0,1,1,0,24,3,0,0,1,0,57,43,2,0,0,0,1,1,0,0,0,0,0,0,15,15,0,0,0,0,0,0,0,0,0,0,0,0,0,0,0,0,0,1,69.99,15,1,4,0,0,0,1,1,3.052,15,73.2933566082499,87,111.478721210088
949,0,2,0,1,25,3,0,0,1,0,110,27,2,0,0,0,6,0,0,0,0,0,1,0,22,6,1,1,0,0,13,1,15,0,0,0,0,5,0,0,0,0,1,0,0,14,1,3,0,0,1,0,0,0,22,2530.32,138,254.821317232382
950,14,2,0,1,29,3,0,0,1,0,73,43,1,28.521,35.285,28.421,6,0,0,0,0,0,1,0,23,9,3,0,0,1,13,2,15,0,0,0,0,5,0,0,0,0,1,0,0,14,1,1,1,0,0,0,1,7.335,9,665.16,89.335,128.956357830857
951,0,1,1,0,0,1,1,0,0,0,67,38,1,34.086,25.676,18.163,4,0,0,0,1,0,0,0,4.5,7,2,0,1,0,13,1,14,0,0,0,0,1,1,0,0,0,0,0,0,17,1,1,1,0,0,0,1,5.155,4.5,0,78.5,102.558519880115
952,15,2,0,1,0,1,1,0,0,0,83,23,2,0,0,0,1,1,0,0,0,0,0,0,19,19,0,0,0,0,0,0,0,0,0,0,0,0,0,0,0,0,0,1,69.99,19,1,2,0,1,0,0,1,2.471,4,92.8382517037832,91,112.414411887444
953,4,2,0,1,1,4,0,0,0,1,41,32,1,26.938,24.828,16.386,5,0,0,0,0,1,0,0,5,7,2,0,1,0,13,1,14,0,0,0,0,2,0,1,0,0,0,0,0,18,1,4,0,0,0,1,0,0,1,924,45,146.373197584857
954,4,2,0,1,0,1,1,0,0,0,125,20,1,11.738,28.854,13.216,4,0,0,0,1,0,0,0,4.5,8,3,0,0,1,13,1,15,0,0,0,0,1,1,0,0,0,0,0,0,17,1,3,0,0,1,0,1,7.364,0.5,0,132.864,249.464491965352
955,13,1,1,0,21,2,0,1,0,0,116,53,1,37.253,36.791,27.747,4,0,0,0,1,0,0,0,6,8,3,0,0,1,13,1,15,0,0,0,0,3,0,0,1,0,0,0,0,13,1,4,0,0,0,1,0,0,0,0,116,206.56326614052
956,14,2,0,1,0,1,1,0,0,0,86,49,1,30.494,26.973,12.687,6,0,0,0,0,0,1,0,13,8,3,0,0,1,13,1,14,0,0,0,0,2,0,1,0,0,0,0,0,19,1,2,0,1,0,0,0,0,0,1383.592,86,181.648011274553
957,6,2,0,1,15,4,0,0,0,1,70,22,2,0,0,0,4,0,0,0,1,0,0,0,7,7,1,1,0,0,13,2,15,0,0,0,0,3,0,0,1,0,0,0,0,18,1,2,0,1,0,0,1,4.906,1,0,75.906,132.825904235582
958,2,1,1,0,10,4,0,0,0,1,35,41,2,0,0,0,7,0,0,0,0,0,0,1,33,33,0,0,0,0,0,0,0,45,33,55,13,0,0,0,0,0,0,0,0,14,1,2,0,1,0,0,1,5.25,31,0,97,127.015747055237
959,9,1,1,0,17,3,0,0,1,0,109,37,2,0,0,0,6,0,0,0,0,0,1,0,11.5,7,2,0,1,0,13,1,14,0,0,0,0,1,1,0,0,0,0,0,0,19,1,4,0,0,0,1,1,6.137,2.5,2419.592,117.637,172.180635764304
960,0,2,0,1,0,1,1,0,0,0,104,20,2,0,0,0,4,0,0,0,1,0,0,0,9,7,1,1,0,0,13,2,15,0,0,0,0,5,0,0,0,0,1,0,0,12,1,2,0,1,0,0,0,0,9,0,120,159.45218719102
961,7,2,0,1,7,2,0,1,0,0,57,52,1,28.092,36.558,19.993,2,0,1,0,0,0,0,0,17,17,0,0,0,0,0,0,0,0,0,0,0,0,0,0,0,0,0,1,69.99,17,1,1,1,0,0,0,0,0,10,124.598706234025,77,77
962,3,1,1,0,32,2,0,1,0,0,60,58,1,16.933,24.323,21.027,5,0,0,0,0,1,0,0,5,8,3,0,0,1,13,1,14,0,0,0,0,2,0,1,0,0,0,0,0,14,1,1,1,0,0,0,0,0,2,1512,67,109.018347079746
963,6,1,1,0,8,3,0,0,1,0,50,18,1,34.026,31.174,17.586,6,0,0,0,0,0,1,0,12.5,8,2,0,1,0,13,2,14,0,0,0,0,1,1,0,0,0,0,0,0,20,1,2,0,1,0,0,1,5.227,6.5,935.592,61.727,99.4697065894939
964,5,1,1,0,7,2,0,1,0,0,81,46,2,0,0,0,7,0,0,0,0,0,0,1,33,33,0,0,0,0,0,0,0,46,33,55,13,0,0,0,0,0,0,0,0,20,1,1,1,0,0,0,1,6.829,28,0,137,137
965,10,1,1,0,24,3,0,0,1,0,99,26,1,13.202,33.245,23.279,5,0,0,0,0,1,0,0,9,9,3,0,0,1,13,2,15,0,0,0,0,5,0,0,0,0,1,0,0,18,1,1,1,0,0,0,0,0,0,2370,99,113.740933704625
966,14,1,1,0,25,4,0,0,0,1,78,53,2,0,0,0,6,0,0,0,0,0,1,0,13,6,1,1,0,0,13,1,15,0,0,0,0,2,0,1,0,0,0,0,0,17,1,3,0,0,1,0,1,7.421,0,1217.58,85.421,212.736962378356
967,2,1,1,0,27,2,0,1,0,0,83,17,2,0,0,0,1,1,0,0,0,0,0,0,18,18,0,0,0,0,0,0,0,0,0,0,0,0,0,0,0,0,0,1,69.99,18,1,2,0,1,0,0,1,7.681,16,87.9520279298998,115,116.249731182485
968,8,2,0,1,21,2,0,1,0,0,130,23,2,0,0,0,3,0,0,1,0,0,0,0,12,12,0,0,0,0,0,0,0,0,0,0,0,0,0,0,0,0,0,1,69.99,12,1,2,0,1,0,0,1,5.56,4,117.2693705732,139.56,146.945546376881
969,11,1,1,0,13,2,0,1,0,0,132,34,1,32.802,28.968,23.98,7,0,0,0,0,0,0,1,33,33,0,0,0,0,0,0,0,46,33,55,13,0,0,0,0,0,0,0,0,13,1,4,0,0,0,1,0,0,22,0,176,101.910658616191
970,14,1,1,0,23,2,0,1,0,0,120,33,2,0,0,0,4,0,0,0,1,0,0,0,6,8,3,0,0,1,13,1,14,0,0,0,0,3,0,0,1,0,0,0,0,17,1,4,0,0,0,1,0,0,0,0,120,164.798005388087
971,15,1,1,0,0,1,1,0,0,0,34,16,2,0,0,0,7,0,0,0,0,0,0,1,33,33,0,0,0,0,0,0,0,47,33,55,13,0,0,0,0,0,0,0,0,16,1,3,0,0,1,0,0,0,18,0,70,36.9389569902684
972,7,2,0,1,32,2,0,1,0,0,111,27,1,30.529,26.891,22.135,1,1,0,0,0,0,0,0,17,17,0,0,0,0,0,0,0,0,0,0,0,0,0,0,0,0,0,1,69.99,17,1,3,0,0,1,0,1,8.549,10,83.0658041560165,131,140.71705113609
973,7,2,0,1,0,1,1,0,0,0,100,51,2,0,0,0,7,0,0,0,0,0,0,1,33,33,0,0,0,0,0,0,0,47,33,55,13,0,0,0,0,0,0,0,0,11,1,2,0,1,0,0,0,0,26,0,152,194.905105115284
974,2,2,0,1,19,3,0,0,1,0,69,51,2,0,0,0,5,0,0,0,0,1,0,0,5.5,9,3,0,0,1,13,2,14,0,0,0,0,1,1,0,0,0,0,0,0,15,1,4,0,0,0,1,0,0,3.5,1820,79.5,204.129025545931
975,15,1,1,0,22,2,0,1,0,0,83,49,2,0,0,0,5,0,0,0,0,1,0,0,7,7,2,0,1,0,13,1,14,0,0,0,0,4,0,0,0,1,0,0,0,13,1,4,0,0,0,1,1,7.509,0,1484,90.509,172.720590060528
976,10,1,1,0,23,3,0,0,1,0,113,19,2,0,0,0,5,0,0,0,0,1,0,0,8,9,3,0,0,1,13,2,15,0,0,0,0,4,0,0,0,1,0,0,0,14,1,2,0,1,0,0,0,0,0,2790,113,140.206989840022
977,10,2,0,1,28,2,0,1,0,0,65,48,1,23.207,25.372,17.111,2,0,1,0,0,0,0,0,15,15,0,0,0,0,0,0,0,0,0,0,0,0,0,0,0,0,0,1,69.99,15,1,2,0,1,0,0,0,0,5,109.940034912375,75,121.823643025482
978,13,1,1,0,0,1,1,0,0,0,52,20,1,30.994,33.337,18.54,4,0,0,0,1,0,0,0,7,8,3,0,0,1,13,1,14,0,0,0,0,4,0,0,0,1,0,0,0,20,1,2,0,1,0,0,0,0,0,0,52,97.0978887515068
979,3,1,1,0,0,1,1,0,0,0,63,40,1,37.647,24.894,18.778,2,0,1,0,0,0,0,0,13,13,0,0,0,0,0,0,0,0,0,0,0,0,0,0,0,0,0,1,69.99,13,1,1,1,0,0,0,0,0,10,95.2813635907248,83,92.1357693840997
980,6,2,0,1,0,1,1,0,0,0,84,58,2,0,0,0,7,0,0,0,0,0,0,1,33,33,0,0,0,0,0,0,0,48,33,55,13,0,0,0,0,0,0,0,0,16,1,1,1,0,0,0,1,5.05,27,0,138,158.518137763475
981,0,1,1,0,32,3,0,0,1,0,58,57,2,0,0,0,4,0,0,0,1,0,0,0,5.5,9,3,0,0,1,13,2,15,0,0,0,0,1,1,0,0,0,0,0,0,15,1,4,0,0,0,1,0,0,5.5,0,72.5,194.807438179446
982,5,2,0,1,31,2,0,1,0,0,114,24,1,33.651,24.196,26.033,6,0,0,0,0,0,1,0,16,8,3,0,0,1,13,1,14,0,0,0,0,3,0,0,1,0,0,0,0,16,1,4,0,0,0,1,0,0,11,2576,128,154.20644087349
983,10,2,0,1,0,1,1,0,0,0,90,43,1,15.619,31.337,15.34,6,0,0,0,0,0,1,0,16,8,3,0,0,1,13,1,15,0,0,0,0,3,0,0,1,0,0,0,0,14,1,2,0,1,0,0,0,0,6,1740,96,178.932948335403
984,11,2,0,1,0,1,1,0,0,0,117,22,2,0,0,0,3,0,0,1,0,0,0,0,20,20,0,0,0,0,0,0,0,0,0,0,0,0,0,0,0,0,0,1,69.99,20,1,1,1,0,0,0,0,0,9,195.448950955333,135,141.382460015378
985,0,2,0,1,14,4,0,0,0,1,104,56,1,14.515,28.886,23.032,6,0,0,0,0,0,1,0,19,6,1,1,0,0,13,1,14,0,0,0,0,4,0,0,0,1,0,0,0,14,1,2,0,1,0,0,1,4.967,19,2345.224,129,216.603324074216
986,14,2,0,1,23,3,0,0,1,0,43,32,2,0,0,0,6,0,0,0,0,0,1,0,17,7,1,1,0,0,13,2,14,0,0,0,0,3,0,0,1,0,0,0,0,17,1,3,0,0,1,0,0,0,3,4.81600000000007,46,144.521088713507
987,8,2,0,1,5,4,0,0,0,1,110,32,1,11.044,37.953,22.809,7,0,0,0,0,0,0,1,33,33,0,0,0,0,0,0,0,45,33,55,13,0,0,0,0,0,0,0,0,14,1,3,0,0,1,0,1,7.46,25,0,160,200.065489271308
988,5,1,1,0,0,1,1,0,0,0,89,51,2,0,0,0,1,1,0,0,0,0,0,0,11,11,0,0,0,0,0,0,0,0,0,0,0,0,0,0,0,0,0,1,69.99,11,1,3,0,0,1,0,1,8.232,6,53.7484615127166,103.232,172.625227213929
989,0,2,0,1,8,2,0,1,0,0,64,20,2,0,0,0,7,0,0,0,0,0,0,1,33,33,0,0,0,0,0,0,0,47,33,55,13,0,0,0,0,0,0,0,0,15,1,4,0,0,0,1,0,0,33,0,130,59.5116559221475
990,9,1,1,0,5,2,0,1,0,0,39,44,2,0,0,0,1,1,0,0,0,0,0,0,14,14,0,0,0,0,0,0,0,0,0,0,0,0,0,0,0,0,0,1,69.99,14,1,2,0,1,0,0,1,4.188,5,68.4071328343665,49,65.8559033041078
991,6,1,1,0,30,2,0,1,0,0,101,18,2,0,0,0,2,0,1,0,0,0,0,0,11,11,0,0,0,0,0,0,0,0,0,0,0,0,0,0,0,0,0,1,69.99,11,1,3,0,0,1,0,0,0,5,80.6226922690748,111,97.5651293929072
992,5,2,0,1,8,3,0,0,1,0,100,50,2,0,0,0,6,0,0,0,0,0,1,0,20,7,1,1,0,0,13,2,15,0,0,0,0,4,0,0,0,1,0,0,0,15,1,2,0,1,0,0,0,0,15,2092.74,117,202.272093972451
993,11,1,1,0,10,2,0,1,0,0,36,54,1,12.932,37.625,15.59,6,0,0,0,0,0,1,0,11.5,7,2,0,1,0,13,1,15,0,0,0,0,1,1,0,0,0,0,0,0,18,1,1,1,0,0,0,1,6.467,0.5,282.42,42.967,42.967
994,11,2,0,1,17,3,0,0,1,0,76,40,1,27.632,31.578,14.654,1,1,0,0,0,0,0,0,14,14,0,0,0,0,0,0,0,0,0,0,0,0,0,0,0,0,0,1,69.99,14,1,1,1,0,0,0,0,0,3,68.4071328343665,82,101.607086367044
995,8,2,0,1,0,1,1,0,0,0,95,49,2,0,0,0,1,1,0,0,0,0,0,0,15,15,0,0,0,0,0,0,0,0,0,0,0,0,0,0,0,0,0,1,69.99,15,1,2,0,1,0,0,1,5.208,7,73.2933566082499,109,160.639347608237
996,5,2,0,1,0,1,1,0,0,0,99,43,1,25.15,25.9,12.069,5,0,0,0,0,1,0,0,6,6,1,1,0,0,13,1,15,0,0,0,0,3,0,0,1,0,0,0,0,20,1,2,0,1,0,0,1,8.161,1,2670,108.161,185.741222998558
997,8,2,0,1,10,4,0,0,0,1,118,56,1,18.516,38.075,21.576,2,0,1,0,0,0,0,0,15,15,0,0,0,0,0,0,0,0,0,0,0,0,0,0,0,0,0,1,69.99,15,1,4,0,0,0,1,0,0,7,109.940034912375,132,177.59350111279
998,2,1,1,0,0,2,0,1,0,0,109,41,2,0,0,0,6,0,0,0,0,0,1,0,14,7,1,1,0,0,13,2,14,0,0,0,0,2,0,1,0,0,0,0,0,19,1,1,1,0,0,0,1,5.09,12,2676.408,126.09,126.09
999,4,2,0,1,0,1,1,0,0,0,95,54,1,37.108,30.487,15.563,3,0,0,1,0,0,0,0,20,20,0,0,0,0,0,0,0,0,0,0,0,0,0,0,0,0,0,1,69.99,20,1,1,1,0,0,0,1,4.658,16,195.448950955333,127,146.986393928146
1000,0,1,1,0,22,2,0,1,0,0,125,26,1,30.929,35.882,15.31,5,0,0,0,0,1,0,0,8,6,1,1,0,0,13,1,14,0,0,0,0,5,0,0,0,0,1,0,0,14,1,1,1,0,0,0,1,2.725,8,3500,139,139
