"frame_axle_mount_inset","frame_underbody_length","frame_underbody_width","offload_generator_height","offload_generator_length","offload_generator_width","running_gear_back_mount_inset","running_gear_front_mount_inset","running_gear_drive_gear_radius","running_gear_track_width","running_gear_road_wheel_radius","running_gear_wheel_radius","winch_stowed_width","back_deck_overhang_in","running_gear_contact_patch_area_in2","smet_fcc_length_in","smet_fcc_ctoc_turning_diameter_in"
10,49,27,24.8283224110492,34.3393774982542,36.7776104272343,9,11,1,14,4,20,7.03279717150144,0,693.224,56.0327971715014,131.807438179446
7,69,53,15.7915123808198,20.7642144663259,17.8928326163441,10,10,2,14,4,14,2.4668682354968,3,1460.816,75,215.910658616191
6,130,24,38.3568272646517,16.695639428217,34.5868778252043,15,11,1,14,3,19,5.73332605697215,9,3224.816,144.733326056972,235.699231212919
3,68,41,18.4882555669174,17.5560828181915,21.721328406129,10,6,1,14,1,12,8.52883949805982,7,1736,83.5288394980598,200.553833349161
9,118,18,17.1032480685972,13.5251344717108,38.9429090940394,16,14,2,15,1,18,2.7113407291472,7,3042.42,130,204.473924756711
10,131,50,34.0571895521134,14.7432643966749,31.7832791130058,7,9,1,14,5,13,4.63053689221852,0,2949.632,135.630536892219,279.056056479949
14,92,27,16.7859143414535,27.5521366437897,16.0277737420984,8,8,1,15,1,11,5.75251623941585,0,1920,97.7525162394159,178.023311844295
12,56,21,11.5326289553195,31.2064148625359,30.6381009775214,15,18,3,15,1,15,5.13134734635241,3,1044.84,65,126.511655922148
7,109,44,29.1217562160455,14.7861943463795,19.9429301614873,14,10,2,15,5,20,4.24347504694015,7,2722.74,120.24347504694,250.300228518875
6,77,24,30.025311994832,10.128858035896,11.3594577880576,20,17,3,14,2,11,8.3794998426456,14,1859.592,102,170.258051091862
6,113,38,27.2552686114796,31.2612311961129,12.0717128179967,10,7,3,14,2,17,6.20442412886769,4,2867.592,123.204424128868,242.708664004278
4,69,55,31.1261635809205,30.4917951999232,14.2535835201852,5,5,3,15,2,12,3.88573734904639,1,1872.42,73.8857373490464,230.319094101594
7,46,40,29.9540844606236,30.0574108911678,32.8205927717499,19,8,1,14,1,12,7.22052651597187,12,896,65.2205265159719,161.511655922148
6,55,19,34.9106487352401,21.3045460451394,14.9879465042613,19,12,2,15,1,15,6.19699193350971,13,1332.42,74.1969919335097,136.093787645386
2,98,28,22.0447197975591,15.396745884791,14.0819740272127,19,19,2,14,4,19,4.6270291924011,17,2552.816,132,214.065489271308
7,78,51,37.2163249109872,20.7641160488129,38.6421386362053,18,8,2,15,1,14,2.59662174503319,11,1962.42,91.5966217450332,226.023311844295
7,80,48,11.1811422347091,23.5516635351814,25.6375117832795,7,20,2,14,3,20,2.52619060524739,0,1808.408,93,219.492790339429
7,119,30,37.3350240732543,37.170686761383,20.0964410090819,6,17,3,15,1,19,5.50195762235671,0,3234.84,129,234.647620994547
11,76,50,39.8817687784322,30.5566464248113,34.4242350687273,8,7,2,14,3,17,2.24137760791928,0,1472.408,78.2413776079193,208.675919368624
8,132,45,21.8863285239786,27.0572170219384,36.4881982235238,17,10,2,15,4,20,8.46817275788635,9,3395.16,149.468172757886,278.229752717785
2,110,31,27.1103147300892,24.1884805494919,36.5267023677006,13,6,3,15,5,13,3.25885915220715,11,3095.16,125,237.882360242114
13,58,35,13.4985076170415,39.9276275746524,17.4003720493056,17,7,3,14,3,18,8.33995154616423,4,896,70.3399515461642,151.511655922148
12,37,53,25.3241353621706,37.966316784732,20.5487431376241,17,8,2,15,1,18,6.97923632804304,5,432.42,48.979236328043,167.051610218372
3,78,17,13.7933098524809,24.1896675946191,15.4656574362889,7,6,2,15,5,16,4.51115781860426,4,2032.74,86.5111578186043,167.901225824832
3,65,54,37.0511879376136,21.1964954761788,27.0739251095802,10,19,3,15,2,18,5.71494058240205,7,1812.42,88,225.84961560646
8,43,51,35.4030063515529,29.110406015534,17.231196758803,20,13,2,15,5,12,8.22979866014794,12,682.74,63.2297986601479,180.337959684312
2,70,33,39.7908136667684,36.887174139265,20.6303475378081,17,13,3,14,1,16,4.21151079726405,15,1927.184,96,189.492790339429
9,62,58,25.1197734219022,26.176848995965,19.1984523506835,18,9,3,15,4,15,8.03051109658554,9,1277.58,79.0305110965855,215.328526892953
2,104,50,23.824015611317,20.6005727057345,28.9303347608075,17,7,3,14,5,18,2.75083201471716,15,2720.816,124,265.473924756711
3,61,28,22.4330760375597,29.5856596739031,28.9773957105353,11,8,1,14,1,13,5.88471006043255,8,1540,74.8847100604326,165.910658616191
4,128,58,28.7590897339396,16.7176879826002,17.7259691176005,9,11,3,14,5,16,8.05820299289189,5,3280.816,141.058202992892,306.168709708053
4,37,50,19.210602324456,18.7510899570771,36.1614471487701,7,10,3,15,3,20,8.02931534731761,3,870,48.0293153473176,180.807438179446
14,34,27,16.879281681031,23.5260244458914,11.6208847728558,19,11,3,15,2,13,3.635051244637,5,222.42,42.635051244637,106.408435485403
4,41,37,14.6010217745788,10.5541118397377,14.5739104039967,12,10,2,15,5,13,5.64862535172142,8,862.74,55,159.746395169715
5,87,38,39.1652726731263,35.6534954137169,30.7930596452206,10,19,1,15,2,18,4.03914899821393,5,2267.58,106,216.074922062667
11,76,33,39.9041078914888,15.3724359208718,36.9950544228777,19,17,3,14,5,18,7.16930024488829,8,1432.816,91.1693002448883,174.675919368624
7,110,50,31.0908797779121,27.4448440293781,28.5777976829559,12,8,2,15,2,13,5.42293586558662,5,2880,120.422935865587,263.534967766443
9,127,30,25.1529225637205,37.7290013851598,10.1382808038034,14,17,1,15,2,12,5.49802609416656,5,3227.58,140,239.586577984815
11,120,49,21.6636287607253,14.7669939137995,27.3705530771986,12,7,3,14,5,16,5.05783800198697,1,2664.816,126.057838001987,261.004446261577
4,98,50,31.4044225867838,16.6053392854519,18.2563602481969,11,6,2,15,3,15,4.02080596238375,7,2657.58,109.020805962384,256.12653228104
2,116,58,22.5625885953195,12.8994674282148,18.001496552024,8,20,2,15,4,12,8.2910940295551,6,3275.16,140,299.290795727516
6,131,57,21.6592688928358,29.0309967310168,28.3469095197506,15,9,3,14,4,18,4.14575746143237,9,3292.408,144.145757461432,302.933970460486
13,57,51,28.7497659423389,26.2290228367783,23.8480298966169,18,18,1,15,2,20,4.79112969478592,5,887.58,67,185.27691667458
13,132,44,10.1795181748457,17.5568682164885,36.0612390306778,5,13,2,14,4,13,6.08463934063911,0,2888.816,138.084639340639,260.882360242114
14,60,50,33.3471264876425,15.5548014421947,25.1079143281095,17,17,2,15,5,15,3.83226855914108,3,832.74,66.8322685591411,184.511655922148
14,101,51,36.3845827430487,12.9765476053581,16.7406234610826,18,19,2,15,1,16,5.32132004247978,4,2232.42,110.32132004248,237.135965072399
13,50,36,26.8630979279988,34.680659188889,10.4513256787322,11,5,1,15,3,14,4.4614447618369,0,635.16,54.4614447618369,146.633741941611
7,113,44,30.3142793988809,13.2392425555736,34.8039564746432,7,14,2,14,2,20,5.2600256705191,0,2772,120,252.239185509144
15,131,49,28.1102399737574,14.3248316110112,24.3542641727254,7,14,1,15,5,17,8.52811274584383,0,2860.32,139.528112745844,267.708664004278
1,83,19,30.402293971274,14.5128568587825,10.087241474539,11,11,2,15,1,18,7.97086822870187,10,2472.42,103,183.013879052936
15,63,19,20.8925709221512,14.8420647042803,36.6078748134896,10,18,1,14,2,16,4.00729431770742,0,884.408,67.0072943177074,120.746395169715
13,35,38,24.4944396289065,36.502232211642,19.3651053099893,19,10,3,14,1,12,3.39778549247421,6,331.184,44.3977854924742,129.112653228104
12,68,32,19.274481695611,26.9330703350715,15.4791950760409,6,18,1,14,2,20,8.74660268123262,0,1192.408,76.7466026812326,160.328526892953
11,52,18,31.5480568562634,38.8453638926148,35.3942981688306,13,15,1,14,5,11,4.29105267673731,2,681.632,58.2910526767373,115.042177427013
15,122,46,13.7163406447507,13.1747262156568,16.7610518983565,17,19,2,14,2,16,6.04173636925407,2,2576,130.041736369254,247.596010776174
6,72,44,31.730927429162,39.3227940727957,26.0157601186074,11,7,1,15,1,11,4.73708611004986,5,1800,81.7370861100499,207.084354854027
9,117,23,12.4301538290456,14.3251344212331,27.9474608437158,19,8,1,14,1,14,6.09878534008749,10,2772,133.098785340087,210.239185509144
9,54,29,15.8732123346999,36.3373330468312,15.9986889222637,13,11,2,15,5,17,8.22375256987289,4,952.74,66.2237525698729,147.450612912416
9,76,39,37.1094590052962,32.9648861521855,37.0090063102543,6,20,1,15,4,14,6.00490379519761,0,1612.74,87,194.614876358892
6,86,45,18.137468798086,11.6839850740507,25.5306803900748,18,18,2,14,3,14,7.88928073318675,12,2032.408,110,223.370704319966
8,130,51,29.1006625210866,17.570451439824,22.120718206279,7,19,1,14,2,14,6.35547460056841,0,3152.408,141,284.760274222651
11,93,21,36.1987954494543,22.3274902999401,28.7025153031573,5,18,3,15,2,19,6.04911395604722,0,2172.42,100,174.666486577265
7,69,49,36.4153844350949,27.0329621690325,23.5018371790648,10,6,2,15,5,15,3.28841008339077,3,1522.74,75.2884100833908,210.910658616191
15,60,18,24.1805853205733,13.7322080344893,35.8927934058011,18,7,2,15,4,14,5.31405571312644,3,815.16,68.3140557131264,118.042177427013
1,106,45,18.8180365809239,17.3516430798918,37.0367162465118,5,5,2,14,1,19,7.36670837807469,4,2951.592,117.366708378075,260.412881746979
9,113,26,15.9455431089737,11.8129469407722,15.0566420401447,11,12,3,14,5,11,4.21332469442859,2,2580.816,119.213324694429,211.300228518875
6,70,41,26.0596919362433,26.5786825399846,12.2377576702274,10,5,3,14,5,12,8.39319537277333,4,1544.816,82.3931953727733,195.614876358892
4,131,51,34.572823762428,34.8756845900789,36.1421021563001,16,20,2,14,1,15,4.17777646146715,12,3483.592,159,295.872927450755
14,50,45,19.6175019745715,17.823077768553,13.0990117229521,13,18,1,14,3,14,2.29914120351896,0,536.816,54,159.164263446476
11,76,55,17.3938408424146,15.6152271758765,17.6611156645231,10,12,2,14,3,13,6.74584190687165,0,1472.408,82.7458419068716,218.675919368624
13,108,48,38.4810465108603,11.7561382218264,37.5120297796093,19,19,3,14,1,12,5.64899143739603,6,2375.184,120,239.248618300503
14,60,23,21.0660849721171,35.6265904475003,31.584523813799,20,18,1,14,2,18,8.18612586706877,6,856.408,74.1861258670688,127.511655922148
8,54,36,29.105724261608,30.938498286996,22.0795046258718,16,12,1,15,3,11,5.21282675745897,8,1055.16,67.212826757459,163.92009140755
3,85,50,15.347359739244,18.0101222428493,13.3538161381148,6,9,3,14,1,11,3.40712810913101,3,2291.184,94,239.544400557802
14,50,28,19.9067301256582,32.2978833061643,36.6692873346619,6,8,3,15,1,19,5.16434871871024,0,744.84,55.1643487187102,128.164263446476
4,71,35,24.0357247926295,38.8928447617218,30.885891772341,7,7,3,15,4,14,5.43018691358157,3,1847.58,79.4301869135816,192.788572596728
3,34,56,21.8201590212993,14.8955683549866,38.2953723520041,20,18,1,14,2,13,5.20628975238651,17,744.408,66,188.572698931879
3,126,47,27.1084858686663,32.1998826880008,39.5774912415072,20,17,2,15,5,11,6.24203749001026,17,3472.74,157,287.168709708053
11,60,23,33.5088151949458,10.1732073980384,24.6818467602134,14,19,3,15,1,11,2.89963983069174,3,1224.84,71,137.92009140755
14,117,52,30.8647788409144,24.9832792277448,34.5984351215884,17,10,2,14,1,13,7.91598637984134,3,2531.592,127.915986379841,255.891793033473
4,74,46,16.9035427644849,32.4578948575072,12.0144355506636,13,7,3,15,1,20,3.93487035972066,9,2064.84,86.9348703597207,218.492790339429
11,52,30,12.0208820234984,22.2657892527059,21.3194151152857,20,11,1,14,2,11,8.34738071495667,9,800.408,69.3473807149567,139.042177427013
14,122,25,29.6163996960968,21.4330838155001,15.0348901282996,9,10,1,14,2,12,6.90693947277032,0,2592.408,128.90693947277,208.065489271308
14,131,56,25.4458358185366,17.3566752392799,34.7850749455392,11,5,1,14,3,11,3.52550554601476,0,2804.816,134.525505546015,281.178142499412
5,60,17,19.8979727760889,30.2622022642754,11.301026144065,16,18,2,15,3,14,5.34552695369348,11,1457.58,84,140.736962378356
15,48,27,12.1003614226356,33.9593331096694,36.9739116448909,16,10,3,14,4,20,7.34086029580794,1,464.408,56.3408602958079,118.225306456208
7,36,16,21.1886513000354,38.6853350047022,24.9919959460385,6,20,2,15,1,19,5.2310390137136,0,702.42,49,104.164263446476
15,93,57,29.8471080395393,27.2349779377691,17.2161730565131,13,5,1,14,2,13,4.62991688633338,0,1724.408,97.6299168863334,233.788572596728
4,76,53,39.7956712590531,21.9179217680357,34.3574495520443,10,11,3,15,5,17,8.43109221081249,6,1955.16,90.4310922108125,234.962268834563
12,54,43,38.1489425571635,36.0414722957648,25.4328594869003,12,5,3,15,2,18,7.14436854049563,0,942.42,61.1443685404956,168.042177427013
3,40,35,31.50689965114,16.5133126312867,12.1882071485743,18,11,3,14,1,12,6.57527315150946,15,1031.184,63,153.981134417282
9,128,44,25.9243812039495,30.8782646316104,22.351334139239,6,19,2,15,3,20,5.23465915443376,0,3257.58,138,268.821317232382
8,66,53,23.366496055387,35.8583981124684,25.3918087948114,18,13,1,15,5,14,2.43250908097252,10,1330.32,81,212.736962378356
6,60,41,23.0812758789398,29.7181890183128,23.208945018705,10,12,3,14,4,15,3.37479622708634,4,1304.408,70,183.267483883221
2,85,46,11.8927703192458,22.9139292682521,39.5826173201203,5,9,2,15,5,14,3.67125866585411,3,2302.74,95,237.013879052936
5,112,48,31.459651386831,21.7758634430356,28.1171195185743,5,13,1,15,1,15,2.38167193299159,0,3060,120,266.943403251845
3,51,27,38.25770764146,34.6209729416296,38.6670029582456,15,18,2,14,2,11,6.1961447102949,12,1260,78,151.56326614052
5,127,17,35.3954517911188,12.6367700053379,24.9124202108942,15,20,1,15,3,20,3.19582507223822,10,3425.16,152,223.464491965352
12,86,22,22.3404845269397,32.8149282815866,10.0831745471805,20,18,2,15,4,11,3.14062715182081,8,1775.16,100,165.553833349161
5,50,39,21.6229024832137,20.2555485093035,19.9891446577385,8,19,3,14,2,14,4.35594072774984,3,1159.592,67,169.389569902684
12,89,24,36.3900531223044,11.3079436868429,39.2297449661419,5,17,3,15,4,20,4.02328570885584,0,1907.58,94,173.258051091862
4,35,38,16.8005115026608,32.1919339965098,30.8555598580278,7,19,1,15,3,14,5.71111138211563,3,725.16,53,154.337959684312
5,73,33,23.1026764353737,12.6435987069272,30.0318185030483,7,18,1,14,4,17,3.56807817518711,2,1645.224,88,185.788572596728
9,130,43,15.122329541482,24.1809575678781,23.2556571415626,10,17,3,15,3,20,2.24374229111709,1,3360,139,269.290795727516
10,115,53,18.9336595917121,35.200036407914,37.1733684674837,7,11,1,14,1,13,4.15950322570279,0,2660,119.159503225703,265.300228518875
15,47,42,18.456537949387,29.5350569928996,38.8045636727475,12,15,1,15,1,15,4.40325416950509,0,510,51.4032541695051,149.990567208641
9,114,25,13.4386650542729,25.2822578302585,34.3345150724053,18,20,2,14,4,11,4.73028096789494,9,2608.816,134,210.534967766443
10,70,39,30.5544422566891,27.7482291101478,27.8235070803203,18,16,3,14,4,18,3.63729050708935,8,1360.408,84,181.736962378356
12,43,47,39.4961311668158,32.9784155078232,35.7519264216535,16,12,2,15,2,13,6.11946408753283,4,570,53.1194640875328,162.460045703775
5,54,49,15.9992534364574,30.5164666823111,39.2061020131223,14,7,2,15,2,15,3.52837015362456,9,1320,66.5283701536246,197.328526892953
10,103,16,14.4464178779162,21.467357382644,30.5106540839188,8,20,1,14,2,19,6.30614590621553,0,2284.408,113,176.48335754807
10,102,19,28.9400586974807,23.1388740194961,19.3221502494998,5,16,3,14,5,11,4.74157420033589,0,2216.816,108,181.248618300503
7,73,51,36.5399805037305,37.5890981103294,28.7133239768445,19,7,2,14,4,13,7.63613925781101,12,1572.816,92.636139257811,216.84961560646
8,81,54,20.2412544446997,38.9079327881336,10.1202246476896,6,9,2,15,4,16,4.40072109550238,0,1865.16,85.4007210955024,233.258051091862
12,101,46,10.1014515664428,11.8101968173869,38.826749662403,19,5,2,15,4,18,3.94433768163435,7,2225.16,111.944337681634,232.074922062667
9,42,37,13.5805658623576,14.0697493986227,23.0775703093968,8,5,1,14,2,11,3.07801102148369,0,632.408,45.0780110214837,145.633741941611
10,93,54,10.2062531351112,29.3638799991459,30.7890941179357,12,10,1,15,4,16,2.33906726818532,2,2062.74,97.3390672681853,243.135965072399
11,121,56,30.5834874860011,12.6295004715212,34.2841482930817,14,16,3,14,1,20,2.73296325327829,3,2851.184,129,276.239185509144
7,95,40,36.4153241203167,34.7401439282112,17.9703761520796,16,17,3,14,4,19,7.5572584962938,9,2228.408,114,222.013879052936
11,124,31,30.6461959471926,27.9766521137208,35.4132534796372,18,8,2,15,2,19,6.44796811556444,7,3060,137.447968115564,232.943403251845
15,103,35,13.9919623127207,10.7351234252565,25.3185666981153,16,17,2,14,1,14,6.06529789674096,1,2083.592,110.065297896741,202.135965072399
3,65,41,39.6031705779023,18.6673177592456,32.570737269707,14,13,1,14,4,14,4.78860692935996,11,1533.224,86,196.84961560646
10,54,49,26.5284363972023,38.1219416949898,16.5142224938609,20,15,3,14,5,11,8.97680976707488,10,872.816,72.9768097670749,181.981134417282
10,105,48,22.1869973791763,32.4478714354336,20.5856847413816,11,19,1,14,2,14,2.30264427629299,1,2340.408,115,242.952836043204
9,62,31,25.4261631495319,29.6886741509661,30.5946707748808,13,12,1,15,5,15,7.92020577890798,4,1150.32,73.920205778908,161.328526892953
15,114,26,32.9806478600949,36.8977307830937,15.3343392140232,15,7,1,14,4,16,7.48935508145951,0,2233.224,121.48935508146,197.718096795637
6,50,24,39.6690812264569,11.1876681121066,11.4478851342574,17,15,3,14,2,11,5.79813482728787,11,1103.592,70,136.92009140755
5,49,41,28.3653991040774,30.8825260261074,16.2875977018848,5,20,1,14,4,12,3.74745186488144,0,973.224,64,172.154830655117
14,76,28,10.2957141585648,16.0538538941182,14.4956012372859,13,5,3,15,1,14,8.4946894927416,0,1524.84,84.4946894927416,160.267483883221
11,104,18,14.9462118628435,30.4944058135152,25.3064151457511,6,10,1,14,4,16,2.43146934732795,0,2177.224,106.431469347328,179.248618300503
2,131,50,28.2083625975065,19.5418879040517,11.2584761460312,14,15,2,15,4,11,4.88094921549782,12,3725.16,156,301.811884441023
8,53,34,34.5043281000108,19.0793606848456,16.628181997221,5,15,2,14,1,13,4.7856313737575,0,1075.592,60,155.685352159983
11,98,55,33.2021841523238,17.2691141697578,33.8709847908467,10,13,2,15,2,16,2.05340754799545,0,2280,100.053407547995,248.8401828151
8,113,55,22.6215821760707,14.0797509718686,35.5367149249651,10,15,3,14,2,12,3.92924215877429,2,2755.592,122,271.76970701401
2,89,19,20.2957068709657,36.5478113107383,31.7694170377217,10,20,1,14,3,12,5.56299774162471,8,2300.816,115,184.952836043204
3,109,43,26.6842170571908,11.1526090907864,21.4887973759323,15,19,2,14,3,16,4.62256839661859,12,2844.408,137,255.178142499412
15,120,34,38.6355354217812,24.3913895287551,32.5464642350562,17,5,2,14,3,11,8.77265848009847,2,2480.408,130.772658480098,221.12653228104
7,126,40,19.6978770638816,15.5259655648842,14.1427168203518,9,11,1,14,1,17,6.26116616814397,2,3136,134.261166168144,260.290795727516
12,97,38,13.6793563631363,29.3959401571192,32.3948427662253,13,13,2,14,2,12,2.79266275558621,1,2044,100.792662755586,208.135965072399
10,104,55,33.2907028472982,26.6770093748346,23.0677254218608,17,16,1,14,3,12,2.91525995335542,7,2272.816,117,255.718096795637
5,81,21,26.572107670363,31.0743284109049,28.5913381096907,15,8,3,15,4,14,5.11247821617872,10,2087.58,96.1124782161787,174.666486577265
7,47,58,32.5060490658507,28.6968902009539,10.1722047408111,14,14,2,14,1,11,6.03671347978525,7,963.592,61,198.746395169715
14,93,37,29.8287565889768,14.1718860110268,13.6374567309394,13,8,2,15,5,17,2.54543283092789,0,1822.74,95.5454328309279,199.258051091862
8,69,32,24.4722507614642,39.726769507397,26.4402898028493,14,19,3,14,4,20,5.21411624224856,6,1444.408,86,171.441180121057
15,101,22,21.2979197246023,13.1825144425966,28.4702661912888,12,13,2,14,4,11,4.02933507179841,0,1908.816,105.029335071798,173.666486577265
1,39,44,32.8615663084202,30.886282089632,27.460456546396,7,18,2,15,2,16,6.09567760163918,6,1110,62,178.685352159983
12,115,25,22.885510425549,31.5069338353351,17.5495045538992,12,16,2,15,3,14,4.46017826069146,0,2687.58,119.460178260691,207.361271528607
14,110,50,21.5191897866316,12.0492816576734,31.5495627140626,17,19,3,15,5,12,8.72782400739379,3,2375.16,121.727824007394,246.248618300503
8,56,42,39.4118712190539,28.8588478136808,25.0336425914429,17,20,2,15,3,12,5.0037085977383,9,1157.58,77,178.389569902684
15,91,22,23.6746044293977,28.9516607113183,33.0565298302099,10,8,3,15,1,17,6.0350580397062,0,1914.84,97.0350580397062,164.319094101594
6,101,30,33.4187331353314,22.2583213541657,35.2924030320719,12,11,3,14,1,19,2.81729270634241,6,2571.184,112,211.891793033473
10,42,36,23.6133386404254,22.4303804524243,34.0141769079491,17,12,1,14,2,17,3.65112167852931,7,576.408,52.6511216785293,141.164263446476
3,57,18,17.0643798145466,29.06336463755,26.9583207066171,5,9,1,15,2,19,3.93981014983729,2,1487.58,65,143.971701625923
6,46,29,16.457096177619,29.912768593058,32.1623662952334,11,12,3,15,2,17,2.30848881066777,5,1062.42,57,144.981134417282
10,124,25,13.6421823361889,14.2861383850686,12.5549899972975,11,17,1,15,2,15,8.84726152778603,1,3077.58,133.847261527786,223.412881746979
6,84,25,19.6961141051725,25.051153358072,39.7916385228746,11,18,2,14,3,18,3.32201145077124,5,1976.408,101,180.901225824832
8,43,29,35.3062217659317,15.3109720465727,14.4250219524838,9,20,3,14,1,19,4.17088390095159,1,835.184,56,133.337959684312
11,49,19,32.0017239567824,36.4854805101641,17.6965323626064,9,19,1,14,1,16,5.93019983265549,0,756,57,113.337959684312
3,63,49,26.6985097527504,35.0296445190907,17.6979264686815,16,19,2,14,2,18,4.70254608849064,13,1596,92,210.380137111325
4,51,53,20.1781234727241,24.1595748788677,13.0365743255243,13,16,1,15,4,19,8.45722399652004,9,1162.74,72,204.093787645386
1,111,27,39.9889099039137,14.1965739917941,11.4915211335756,15,14,2,14,1,18,8.67972028488293,14,3091.592,138,230.586577984815
10,78,21,20.7697321265005,25.6342379027046,23.0838505341671,6,8,1,14,3,15,4.24196484289132,0,1544.816,82.2419648428913,155.614876358892
14,75,41,12.6065910188481,36.3679876574315,31.4765521185473,11,15,1,14,3,19,4.60046362015419,0,1236.816,79.6004636201542,182.032744635654
2,126,47,22.4204882211052,22.8050832077861,38.2540830341168,15,13,3,14,5,18,5.24603973841295,13,3336.816,150,286.638188203187
12,126,53,17.6196396257728,19.6835241164081,22.9785814438947,19,15,2,15,4,11,6.80760356783867,7,2975.16,139.807603567839,276.943403251845
15,46,29,10.0584394601174,30.7894212496467,34.4253486883827,5,7,1,15,2,14,2.17800534307025,0,437.58,48.1780053430703,122.755827961074
12,127,35,12.9003379237838,20.2779326192103,10.4179704817943,16,13,2,14,2,11,3.68765562982298,4,2884,134.687655629823,239.178142499412
13,47,17,24.3788601900451,30.806153176818,18.0786729953252,15,7,3,15,2,13,5.72224504919723,2,672.42,54.7222450491972,104.929524198909
12,96,25,12.0876160543412,16.4687788113952,23.7398443091661,6,17,1,15,3,19,8.99964629602619,0,2075.16,104.999646296026,183.901225824832
5,121,19,21.8591443775222,17.5639225449413,14.5351426210254,15,9,3,15,3,19,3.76847803010605,10,3330,135,220.056056479949
10,63,30,32.2044649557211,37.6542290602811,30.8150603878312,8,5,2,15,1,12,2.36193844536319,0,1332.42,65.3619384453632,158.093787645386
4,92,37,29.4283172488213,22.8223295952193,34.7282282006927,15,13,3,14,4,18,5.53390365396626,11,2312.408,112,219.718096795637
4,50,21,16.1302852351218,20.2799877501093,37.1513931779191,6,7,3,14,1,17,5.46053821896203,2,1255.184,57.460538218962,135.859048397819
9,61,52,37.5457848631777,18.6907460307702,19.8419324611314,15,7,2,15,2,17,6.09608455654234,6,1290,73.0960845565423,202.093787645386
10,123,49,36.771813922096,29.3597894976847,11.0311394650489,19,17,3,15,5,13,4.74063085066155,9,3005.16,139,270.178142499412
11,85,54,39.7304584248923,19.3404848384671,12.9949183552526,20,8,2,15,4,20,7.30857429467142,9,1805.16,101.308574294671,230.788572596728
15,108,26,34.6734394156374,13.2235670485534,25.2945574629121,8,19,3,15,2,16,3.22477066586725,0,2382.42,112,193.309661310235
14,94,16,26.28960698843,22.0133265736513,16.9266689522192,8,14,1,14,2,16,4.58628632174805,0,1808.408,98.586286321748,155.492790339429
7,122,32,39.1238412261009,15.5697333277203,37.499546862673,10,10,2,14,5,16,4.31288982788101,3,2905.224,129.312889827881,239.351838737248
5,90,50,39.2731132614426,37.1619006339461,10.5457611801103,14,8,2,15,1,13,4.96638599224389,9,2442.42,103.966385992244,243.779139805369
7,84,17,12.7217493369244,27.2763517731801,23.9062558556907,9,14,1,15,3,11,7.6290073802229,2,2015.16,93.6290073802229,165.431747329698
9,73,16,18.0587492953055,17.6799003896303,37.5929929921404,6,13,1,14,1,17,2.90521530876867,0,1540,77,141.910658616191
12,89,22,18.3558321557939,33.6382845649496,33.8957129069604,13,16,2,14,1,12,2.42704234248959,1,1859.592,94,166.258051091862
1,118,48,16.0215061111376,22.0545747433789,14.6202310780063,9,12,2,14,2,14,5.44228826346807,8,3248,137,281.229752717785
2,96,21,39.100524217356,14.550066026859,25.5940456013195,10,14,1,14,5,20,7.36645047785714,8,2417.632,116,197.596010776174
8,111,25,22.2002795385197,20.9796583652496,10.3887468506582,16,8,3,14,1,19,5.87949402490631,8,2739.184,124.879494024906,209.300228518875
10,114,44,10.7248083688319,16.2387973675504,10.1239539380185,20,13,1,14,1,13,2.94340866385028,10,2632,127,246.065489271308
5,96,35,39.4795563374646,13.0475527187809,23.2456683856435,11,8,3,14,1,11,3.14360608765855,6,2487.184,105.143606087659,218.187575290771
7,52,43,12.1508097788319,33.4213985106908,20.7829745975323,10,17,3,14,1,17,7.49742497107945,3,1143.184,65,174.92009140755
14,77,43,25.244324633386,26.0373913729563,35.1357584702782,18,19,2,15,5,12,4.10350790875964,4,1342.74,86,191.502223130788
2,117,29,11.3098723837174,33.81353167817,14.9928082316183,10,11,2,14,2,19,6.02520137140527,8,3164,134,239.525534975083
1,82,19,24.2372569744475,14.4819777738303,21.8823587917723,19,17,3,14,4,18,8.1702868049033,18,2200.408,116,178.779139805369
7,55,50,26.2819330347702,27.6499084569514,33.0689974292181,12,10,2,14,2,19,5.15201293141581,5,1148,65.1520129314158,192.624309150252
10,59,43,19.0353144821711,24.9444429855794,30.1230893610045,19,11,2,14,2,13,7.26209684670903,9,1092,75.262096846709,176.154830655117
1,93,51,21.3539690361358,33.5684881848283,31.5665782080032,12,15,1,15,1,11,5.27221988234669,11,2730,118,259.361271528607
4,111,17,28.2269166107289,31.8526076502167,28.7016457645223,16,8,1,14,2,19,5.7532376719173,12,2844.408,128.753237671917,203.178142499412
2,109,30,23.6813365994021,14.3932674615644,27.1508000069298,18,9,1,14,4,16,6.42861161055043,16,2821.224,132,231.647620994547
11,105,44,20.9433165076189,20.6456337752752,29.5337979402393,8,16,2,14,5,12,6.68521416978911,0,2205.224,111.685214169789,232.48335754807
14,109,30,27.4865584005602,29.9176305648871,29.096454763785,8,8,2,14,1,12,3.10779881197959,0,2307.592,112.10779881198,202.013879052936
15,104,39,25.7557166228071,14.847509553656,29.2735512042418,7,14,3,14,5,12,2.01221648813225,0,1992.816,106.012216488132,211.370704319966
2,61,43,37.3228483530693,12.4201402626932,13.6457636859268,20,16,1,14,1,12,7.24225464230403,18,1596,93,198.380137111325
1,52,22,30.8643666608259,24.8182590072975,15.5299509991892,15,16,2,15,3,11,7.26376594463363,14,1457.58,81,150.736962378356
10,36,56,36.3028170960024,39.2806583712809,33.4005090617575,15,5,3,15,1,14,7.80301862815395,5,564.84,48.8030186281539,176.755827961074
9,131,28,26.4014250203036,32.3957412084565,18.5923817916773,11,11,1,14,5,14,7.87315704347566,2,3005.632,140.873157043476,237.525534975083
13,70,19,25.171934843529,32.6458093104884,12.2782550379634,13,13,1,14,2,13,3.87570928619243,0,1192.408,73.8757092861924,134.328526892953
9,124,43,12.9889390827157,16.42677991651,17.1656649932265,7,16,1,15,4,13,5.43256733915769,0,3052.74,131,261.882360242114
13,42,29,21.6824860661291,24.5196999330074,35.4964529490098,17,9,2,14,2,18,2.82653874182142,4,448,48.8265387418214,119.755827961074
14,97,58,37.33928471338,33.1015454418957,24.1032671253197,13,13,3,15,5,17,4.4170494149439,0,1985.16,101.417049414944,246.197008082131
11,126,25,20.5476853414439,29.8513624980114,11.1806806642562,15,16,1,15,4,11,3.54963392787613,4,2992.74,135,223.412881746979
4,47,55,22.2743698977865,10.4731842922047,15.1539488392882,6,16,1,14,2,20,8.24591693398543,2,1052.408,61,200.154830655117
10,78,34,36.0213352064602,28.1793991476297,39.677705205977,7,12,3,14,1,12,2.98831185442396,0,1703.184,80.988311854424,181.614876358892
14,122,29,11.2478092312813,33.8320102123544,25.0044977571815,8,7,1,15,5,12,3.76421235082671,0,2650.32,125.764212350827,219.065489271308
10,66,40,13.6377209145576,26.7086892877705,32.9219578718767,15,10,3,14,4,11,6.30029878206551,5,1248.408,77.3002987820655,178.798005388087
10,75,54,17.9568502958864,38.5273369331844,11.9090459286235,19,12,1,15,1,15,3.00366442021914,9,1650,87.0036644202191,220.910658616191
4,82,36,32.9880801355466,31.9615514297038,26.4749830658548,12,15,2,15,2,20,2.76671179779805,8,2220,101,208.370704319966
15,79,35,22.1490487665869,18.4053706284612,26.175203921739,15,20,1,14,1,11,5.05717957974412,0,1372,84.0571795797441,172.502223130788
15,131,20,18.7146509811282,18.7255773297511,27.5890715140849,16,18,3,14,4,19,5.45193446404301,1,2788.408,137.451934464043,206.708664004278
4,77,44,12.7155143744312,16.5805046982132,11.9028783706017,6,11,3,15,3,19,4.8662367023062,2,2070,86,218.197008082131
2,95,19,35.2800671686418,33.0166285554878,37.4999816669151,19,18,1,15,5,20,7.47609525290318,17,2560.32,128,195.361271528607
13,61,31,27.8815342974849,26.2589361378923,12.7762213908136,5,7,1,14,5,17,6.983224125579,0,821.632,67.983224125579,147.215873664849
15,57,55,23.4434986161068,33.653493206948,10.6375731737353,16,5,2,15,4,20,6.04637250374071,1,725.16,64.0463725037407,188.337959684312
7,76,50,18.7104017753154,36.6999807953835,31.8059564568102,15,5,2,15,5,18,3.12881569704041,8,1732.74,87.1288156970404,221.553833349161
2,89,33,36.7421107972041,20.3979003964923,29.1163134202361,13,16,2,14,2,14,7.11767516308464,11,2380,114,212.952836043204
14,67,52,14.0700620645657,31.8364594108425,23.8347677979618,8,12,1,15,1,15,7.70369735732675,0,1170,74.7036973573267,197.154830655117
6,108,45,22.6336581655778,14.0525937802158,24.5162970339879,9,6,2,15,4,20,3.86445992998779,3,2795.16,114.864459929988,253.534967766443
9,93,17,26.7680076393299,18.0829574260861,23.3699184912257,9,9,2,14,1,12,7.69867949420586,0,2139.592,100.698679494206,168.605443567533
5,81,43,18.718944254797,10.7824336807244,31.5551605122164,10,12,2,14,3,15,6.64318221854046,5,1948.408,93,215.666486577265
4,83,37,37.0811253366992,29.2669267416932,34.6576014254242,8,6,2,14,1,11,3.74574635364115,4,2139.592,90.7457463536412,208.605443567533
11,65,49,30.5333719123155,35.0414312281646,17.14813322993,20,15,1,14,2,16,4.25636912230402,9,1164.408,78.256369122304,193.093787645386
13,105,21,14.6794632845558,29.2039767559618,13.2548799808137,9,7,1,14,2,12,2.5228725685738,0,2172.408,107.522872568574,181.544400557802
6,45,47,25.3933886159211,21.1832098523155,24.7680857311934,20,13,1,15,4,19,2.7477905950509,14,862.74,66,179.746395169715
7,56,48,12.409529639408,30.9789373585954,17.2619348322041,20,5,3,15,3,11,6.74575223610736,13,1260,75.7457522361074,192.859048397819
4,54,40,32.8072051750496,12.0773352938704,39.394493913278,17,18,1,15,3,17,5.21339221834205,13,1295.16,81,181.798005388087
7,79,31,16.122078045737,13.7647455977276,12.057684159372,15,5,2,15,5,13,4.81273805093952,8,1822.74,91.8127380509395,187.258051091862
15,84,29,23.7612669728696,31.6534035070799,27.2364090150222,8,16,1,14,1,12,2.84644967876375,0,1512,86.8464496787637,166.675919368624
14,51,30,19.1262224386446,24.1569824330509,16.4269399619661,5,10,2,14,1,16,4.18477807287127,0,683.592,55.1847780728713,130.399002694044
5,73,28,14.5148874656297,20.3440052689984,26.0367164481431,14,12,2,14,1,18,8.74237650539726,9,1803.592,90.7423765053973,175.788572596728
12,87,40,23.6617700383067,39.5965381665155,13.8788771396503,11,17,2,14,1,19,4.37438685260713,0,1803.592,92,199.788572596728
14,108,52,20.5100837117061,21.8758439924568,25.5536499829032,16,14,3,14,3,15,3.63939940393902,2,2240,113.639399403939,244.779139805369
9,36,30,13.508716719225,22.3476841836236,31.1211498966441,9,6,1,15,3,19,7.10455308645032,0,455.16,43.1045530864503,127.225306456208
5,83,57,23.4965679165907,12.8131849621423,15.5093416315503,7,18,3,15,3,16,4.66656885412522,2,2190,98,249.135965072399
12,114,19,29.1089217690751,22.0545348594896,16.7130886227824,15,13,3,15,1,14,2.93532678694464,3,2784.84,119.935326786945,194.12653228104
11,124,42,12.4751299270429,19.2382334289141,36.0352199687622,20,19,1,15,2,15,6.23166839010082,9,3017.58,141,254.943403251845
3,49,48,30.6775134545751,12.3549260105938,33.3436041814275,16,17,3,15,3,11,6.58963929815218,13,1290,76,194.093787645386
11,84,24,31.9551919749938,37.9578899336047,32.11527378764,18,11,3,14,3,11,2.33572278614156,7,1736,93.3357227861416,166.553833349161
12,103,48,16.5321822441183,21.576637220569,17.5990210031159,20,14,1,14,3,13,5.849279723363,8,2132.816,116.849279723363,235.544400557802
4,121,40,25.3958226228133,24.7465206170455,18.522638224531,6,10,1,15,1,14,7.42844257992692,2,3390,130.428442579927,264.525534975083
10,100,30,15.383449322544,20.3094574529678,23.1762956408784,13,14,3,14,4,20,6.42875755229034,3,2200.408,109.42875755229,200.779139805369
14,88,46,33.2937955809757,27.8012255299836,10.2875706856139,20,20,3,15,4,18,4.9123219891917,6,1757.58,100,211.084354854027
2,126,49,11.3773319590837,37.0194820337929,25.1256852969527,9,20,2,15,4,13,4.1533766258508,7,3575.16,151,293.638188203187
12,64,35,12.3381674010307,12.2414210368879,37.0508804894052,13,15,3,14,3,14,4.67421284224838,1,1120,69.6742128422484,161.389569902684
5,39,36,35.6168501311913,12.8837617323734,32.0062341052108,16,19,2,14,3,18,7.82038719137199,11,772.408,64,149.807438179446
7,131,40,27.7532787807286,30.4295694036409,31.6502891411074,9,15,3,15,2,18,4.6377970802132,2,3552.42,141,269.464491965352
1,100,29,22.6750546810217,25.0873771356419,10.9113624528982,10,14,3,15,4,18,8.54397820774466,9,2897.58,122,224.004446261577
8,101,42,27.3039704724215,13.391767279245,39.2522702133283,7,8,1,14,3,17,2.45063362061046,0,2300.816,103.45063362061,230.952836043204
5,37,31,22.3343161167577,13.1081737647764,22.0648335851729,8,13,2,14,1,15,4.42094252351671,3,795.592,48,137.337959684312
4,92,26,35.1960329595022,32.0083502773196,27.7363347983919,19,6,3,14,2,14,7.52265345002525,15,2391.592,114.522653450025,197.718096795637
7,74,45,24.2318155267276,19.9918869021349,34.6522749285214,17,20,1,15,3,14,6.26235591969453,10,1715.16,97,209.084354854027
8,106,16,36.6684075002559,10.5753011233173,33.4128636517562,6,8,1,14,4,14,6.26708393986337,0,2401.224,112.267083939863,185.12653228104
7,81,26,27.8253387636505,27.5516513246112,24.0288817929104,8,18,2,14,1,18,4.48817411577329,1,1915.592,93,176.727529586996
10,92,42,10.0231720297597,38.9310034457594,11.798414173536,11,6,2,15,5,18,7.46834500087425,1,2032.74,100.468345000874,217.901225824832
5,43,42,18.0342203052714,21.5082911751233,37.0879367575981,5,11,1,14,5,16,2.85479839704931,0,765.632,49,166.746395169715
4,104,38,25.5656056152657,35.8517467579804,17.810613962356,9,13,3,15,4,20,7.57645475305617,5,2837.58,118,239.534967766443
12,95,55,23.7694799597375,32.5462168711238,15.8135505625978,8,6,1,14,4,15,2.99600385688245,0,1869.224,97.9960038568825,239.666486577265
3,80,26,18.4587314166129,11.3088338449597,39.7255683597177,11,20,3,15,5,16,8.73040509899147,8,2135.16,105,188.370704319966
14,128,24,28.4442585287616,13.3521744376048,20.6107460311614,15,6,3,14,5,17,2.13290512748063,1,2720.816,131.132905127481,213.473924756711
4,110,46,29.5328712300397,23.2911336305551,22.927762537729,6,11,1,15,4,14,3.17493874998763,2,2932.74,119,262.943403251845
4,50,56,19.3185139144771,11.9703423464671,13.5959346196614,19,19,3,15,4,19,2.63278824323788,15,1217.58,80,208.859048397819
4,93,46,33.0373897962272,21.478524885606,29.8185083153658,15,7,2,14,5,16,2.3407307236921,11,2261.224,107,238.952836043204
2,67,45,25.7332899747416,29.1480205464177,38.6218535155058,20,10,3,15,5,12,3.54188911616802,18,1805.16,93,212.788572596728
8,111,34,37.5446781446226,17.8546531870961,18.5739839891903,18,7,3,14,5,16,8.79075979813933,10,2580.816,129.790759798139,227.300228518875
1,34,41,17.6253434969112,39.3554139812477,36.7589637311175,13,17,2,14,5,18,3.98950806888752,12,777.224,62,163.511655922148
4,125,23,18.7487516365945,37.0581254712306,39.1889379988424,8,9,1,14,5,20,8.27983481623232,4,3117.632,137.279834816232,232.464491965352
10,113,57,10.0561532960273,30.9764081193134,16.3634802168235,16,8,3,15,3,14,8.58951727370732,6,2790,127.589517273707,273.830750023741
6,114,58,28.2142941700295,25.2876402554102,34.4014241313562,15,15,2,15,2,20,6.80652050068602,9,3060,132,286.943403251845
8,101,38,36.1413770518266,22.3788500204682,26.2017440865748,13,9,3,15,3,17,8.43296765140258,5,2550,114.432967651403,225.952836043204
11,51,19,17.4331351765431,39.2975466279313,25.3456536494195,18,19,1,14,2,17,6.66463599330746,7,772.408,66,115.807438179446
11,64,53,30.7314433180727,14.0333879343234,22.0137241482735,11,10,2,15,5,17,4.6664172031451,0,1132.74,68.6664172031451,202.859048397819
13,55,53,12.750571090728,29.4276388105936,13.1636684737168,18,7,3,14,5,12,5.89169452292845,5,732.816,65.8916945229284,183.807438179446
3,129,49,27.4880100833252,39.2635096050799,16.3388325949199,15,14,2,15,4,15,5.42286337469704,12,3605.16,152,294.872927450755
6,116,45,11.5754057117738,37.6078177569434,11.2306300457567,5,20,1,15,1,17,2.80549910780974,0,3120,130,263.412881746979
10,96,33,14.2070171236992,21.8038461124524,34.7533493721858,5,9,2,14,5,11,6.19958137301728,0,2009.224,102.199581373017,201.8401828151
14,34,50,33.8675414351746,17.6880161184818,27.0299821929075,5,11,2,15,4,13,8.0540836318396,0,95.16,42.0540836318396,152.408435485403
15,65,50,18.2518801558763,31.277170041576,34.4233179837465,13,8,1,14,3,19,8.71904006018303,0,900.816,73.719040060183,185.215873664849
10,59,16,14.7375628794543,36.0467440658249,11.0548512125388,20,14,1,14,4,20,3.89556321548298,10,973.224,73,122.154830655117
14,127,22,33.7550392863341,19.7384292073548,14.2275115405209,19,19,1,15,3,13,3.9022648432292,5,2885.16,137,211.239185509144
3,34,48,23.6217874870636,24.1412310977466,30.6777026131749,14,13,1,15,3,17,8.15507703856565,11,755.16,55,175.572698931879
11,65,42,17.335256759543,17.2308909799904,15.8714579814114,11,10,1,15,4,13,6.02038344088942,0,1162.74,71.0203834408894,182.093787645386
12,118,55,38.2691211183555,27.8220257745124,11.0932543338276,15,19,3,15,3,15,3.82661779341288,3,2820,128,271.065489271308
8,58,55,33.0658497801051,28.0453910538927,15.6687985314056,10,12,2,15,4,12,2.13550448929891,2,1175.16,64,206.859048397819
10,53,43,31.9823780772276,21.6189880925231,14.117794027552,18,15,3,15,5,11,5.68331758165732,8,905.16,66.6833175816573,171.746395169715
12,41,21,14.8453072994016,15.3983213962056,27.59480942972,10,20,3,14,3,11,2.69377877376974,0,476,49,104.990567208641
4,49,27,12.1720181661658,24.7332879737951,32.5886206747964,15,20,1,14,5,17,7.6174388770014,11,989.632,76,146.624309150252
7,57,49,12.8650130215101,39.1008305409923,18.2859834097326,15,11,3,14,2,11,2.78801580891013,8,1243.592,69,193.093787645386
1,62,53,36.0334726492874,36.2702792254277,25.4722311161458,20,17,2,14,3,16,4.15406857174821,19,1640.408,97,222.084354854027
3,43,19,20.0000349851325,35.9582076710649,28.3670044410974,19,20,1,14,2,11,3.56028679967858,16,996.408,76,125.685352159983
9,39,46,13.7049822858535,37.8376541589387,33.8089628075249,13,16,1,15,4,20,2.43483463395387,4,502.74,50,162.929524198909
11,75,38,29.5316475071013,30.9873983031139,19.8678723629564,10,13,2,14,2,11,4.53138890815899,0,1484,79.531388908159,183.441180121057
10,49,29,31.30405488424,23.0954372580163,18.4576885541901,5,13,3,15,1,11,4.76771598495543,0,954.84,53.7677159849554,138.807438179446
7,37,40,18.8379129371606,29.2793410597369,26.7546505038626,7,11,1,14,2,20,4.14510622178204,0,604.408,41.145106221782,150.399002694044
12,89,30,37.7441875077784,18.6931664100848,35.1575552951545,18,18,1,14,2,15,3.13016042602248,6,1780.408,101,182.258051091862
15,123,43,10.3963474417105,24.9386782338843,31.532581334468,15,14,3,15,3,16,7.9028381544631,0,2790,130.902838154463,245.830750023741
7,122,58,25.0640938500874,16.4402413647622,27.8688910836354,11,13,3,15,5,13,6.53804912371561,4,3155.16,132.538049123716,294.351838737248
9,52,44,18.8022987893783,21.215312241111,17.8492971300147,9,5,1,15,5,14,3.20349251013249,0,850.32,55.2034925101325,174.981134417282
14,61,16,25.9528417186812,11.8931275210343,31.1230007535778,5,7,2,15,3,18,3.67160982894711,0,947.58,64.6716098289471,117.746395169715
11,103,39,37.8458968526684,20.7427460164763,22.0595860178582,5,12,3,14,4,20,3.87802819604985,0,2228.408,106.87802819605,220.013879052936
15,68,20,26.2555360188708,13.8427031296305,32.45574435452,8,17,2,14,3,15,3.01182303042151,0,1024.408,71.0118230304215,128.92009140755
3,49,26,26.9589213468134,28.6100905644707,35.8533932222053,13,7,2,15,3,12,6.02939378889278,10,1247.58,65.0293937888928,150.093787645386
1,120,22,37.6087322505191,27.5421371310949,36.4851627033204,14,8,1,14,1,14,4.89954496221617,13,3304,140,231.699231212919
2,67,28,39.0315642813221,18.2423169002868,12.4649915262125,14,12,2,15,1,12,7.41655081277713,12,1932.42,89,178.788572596728
1,69,49,26.1166263348423,39.1571581386961,24.7665582830086,19,10,1,14,2,13,3.68634255183861,18,1836.408,96,222.727529586996
2,41,35,32.8115853690542,14.3410045700148,32.0195441134274,8,5,1,14,3,20,6.53420227090828,6,956.816,53.5342022709083,157.685352159983
13,47,42,33.1863129558042,15.0783494161442,17.0546239707619,5,15,3,14,2,11,8.36201878311113,0,627.592,55.3620187831111,151.929524198909
2,99,19,12.9217892885208,23.1471575750038,30.6096520926803,13,6,3,14,3,13,7.53454606630839,11,2660,117.534546066308,197.300228518875
6,44,52,13.1649905373342,13.5538909723982,17.5111838057637,10,16,2,14,2,17,2.82676151627675,4,896,58,185.511655922148
8,125,29,29.2664990969934,36.2378716934472,12.7790707768872,14,13,1,15,1,18,2.68633350566961,6,3270,136,237.586577984815
12,119,36,11.0080105112866,13.4082375164144,21.4171148650348,5,9,3,14,4,20,7.43792856158689,0,2620.408,126.437928561587,231.300228518875
15,82,54,15.1322942972183,14.7163166338578,31.2371719907969,13,8,3,14,1,18,5.87026266264729,0,1535.184,87.8702626626473,214.20644087349
4,117,29,10.1026682974771,21.2017244356684,10.7449342263862,13,6,1,15,5,19,6.59478859114461,9,3100.32,132.594788591145,237.586577984815
9,65,30,33.5303017497063,10.1037151901983,13.3435306558385,18,5,1,15,2,20,2.79291838873178,9,1367.58,76.7929183887318,163.032744635654
1,92,55,23.5359328542836,30.8942395960912,36.3354014093056,9,15,3,14,2,19,3.63834562129341,8,2559.592,114,263.12653228104
7,69,49,37.4775579106063,21.071513260249,23.1112598883919,8,7,2,15,4,14,4.6149179332424,1,1565.16,74.6149179332424,210.910658616191
15,88,26,10.5715448153205,28.6005184589885,37.748455258552,14,6,2,15,1,11,6.80489277397282,0,1782.42,94.8048927739728,168.614876358892
13,113,22,13.0952058220282,29.4050102075562,36.2401641858742,7,13,2,15,4,17,4.97018821910024,0,2525.16,117.9701882191,196.422314538339
7,124,58,34.1972425766289,27.7721761655994,24.8883612081409,6,17,3,14,1,20,4.15803614165634,0,3159.184,134,293.821317232382
11,58,37,23.13741204096,18.0028996476904,25.2498624590226,5,9,2,15,2,15,8.85871132998727,0,1080,66.8587113299873,163.450612912416
9,43,25,30.6411240086891,12.1934040123597,29.9222514871508,18,15,3,15,4,16,4.46608317317441,9,707.58,58,125.868481189178
7,46,39,10.982657300774,10.4200580436736,33.3408711361699,10,7,1,15,5,14,8.69687469373457,3,790.32,57.6968746937346,162.511655922148
11,54,35,37.6386055420153,22.0302997459657,38.0259363888763,8,14,1,14,4,14,7.3874298739247,0,777.224,61.3874298739247,151.511655922148
12,126,54,24.3423843896016,39.659457069356,17.6863853004761,7,7,3,15,2,16,6.14515424077399,0,3102.42,132.145154240774,278.943403251845
5,47,50,21.8625708995387,19.1972712846473,25.8767591486685,15,18,1,15,3,15,3.46601488976739,10,1025.16,70,190.685352159983
5,82,47,29.493563673459,28.7359043490142,26.7667946941219,9,15,1,15,1,13,4.2309318673797,4,2160,96,227.901225824832
5,119,52,39.84974877676,31.8235482694581,19.5792721700855,19,12,2,14,1,19,3.97540578758344,14,3091.592,140,280.586577984815
13,50,50,10.6653935555369,16.3658125442453,28.7137636356056,19,17,1,14,1,16,7.28805221803486,6,672,63.2880522180349,171.633741941611
10,126,40,12.1895244414918,19.535327940248,30.787403229624,17,18,2,14,5,19,6.91871960577555,7,2849.224,141,252.882360242114
13,100,33,17.1452992176637,31.2058583740145,22.2744938731194,15,19,3,14,5,15,5.14674193202518,2,1992.816,108,199.370704319966
6,78,30,17.9155561514199,39.3506530253217,22.3177471267991,13,16,1,14,2,13,7.11967428540811,7,1808.408,95,183.492790339429
6,124,21,29.3133298866451,12.7386697521433,25.1191078778356,14,8,2,14,1,16,4.91435914649628,8,3175.592,136.914359146496,222.290795727516
8,99,46,33.805618903134,16.1122793424875,28.7388776196167,11,19,1,14,3,18,8.93180776084773,3,2244.816,113,236.48335754807
13,108,33,18.9103755168617,21.0435348236933,22.2755534783937,18,11,1,15,3,14,2.65243190363981,5,2375.16,115.65243190364,212.248618300503
13,44,28,12.0433473470621,29.1578063275665,31.8975829519331,18,12,2,14,2,11,6.15944022987969,5,504,55.1594402298797,120.225306456208
2,126,22,32.7132301963866,21.1533265095204,12.2367093875073,15,18,2,14,1,17,7.24392045778222,13,3455.592,155,236.638188203187
3,80,22,24.9646187783219,30.573858669959,19.4181746873073,13,19,1,15,1,17,3.86626973957755,10,2220,106,180.370704319966
13,116,37,31.1720437230542,25.8715064194985,18.580896880012,16,5,3,14,2,11,5.97495786380023,3,2559.592,124.9749578638,227.12653228104
13,85,28,20.9220903646201,19.5910500152968,12.9726769193076,9,15,1,14,3,13,6.68432663963176,0,1572.816,91.6843266396318,170.84961560646
7,103,54,19.6421364508569,16.7218584404327,30.628112682607,12,19,2,14,3,12,3.12163808196783,5,2452.408,120,259.891793033473
2,121,36,29.9177394318394,34.0756170963868,35.8827462000772,15,10,3,15,5,18,7.54944109264761,13,3425.16,142,261.464491965352
7,121,48,16.5319359279238,31.9243313302286,23.8763680914417,20,9,2,15,2,13,8.70429974398576,13,3210,142.704299743986,273.117099489681
7,42,26,34.4408791465685,29.6342852036469,25.8660991629586,14,19,1,15,2,12,2.76226221676916,7,797.58,61,131.572698931879
9,63,16,36.9983393955044,27.7321977354586,19.4480273732916,13,19,2,14,2,12,2.05208481661975,4,1260,77,129.56326614052
15,54,32,17.0606896467507,11.8804846913554,26.0877141053788,13,8,2,15,2,11,2.25630780402571,0,720,56.2563078040257,138.633741941611
8,114,28,24.8260571667925,11.8573917029426,31.5223137824796,9,7,1,14,2,14,5.34148312802427,1,2704.408,120.341483128024,219.004446261577
9,80,33,37.3205857072026,31.5307075320743,25.6447920738719,11,5,3,15,4,20,7.69853070843965,2,1817.58,89.6985307084396,187.553833349161
15,45,48,14.7041710815392,16.6576195205562,25.3266118094325,8,6,2,14,3,17,2.8475876559969,0,380.408,47.8475876559969,156.521088713507
8,115,39,15.4939175606705,23.3111232682131,31.8854190502316,14,7,3,14,4,15,2.86671309405938,6,2732.408,123.866713094059,242.239185509144
11,114,48,30.5935748340562,17.3592739086598,32.8821604838595,6,8,3,14,2,18,5.05777459894307,0,2615.592,119.057774598943,251.596010776174
12,41,38,33.9349959464744,35.2938335225917,27.5213165045716,13,8,3,15,4,16,4.33837254159153,1,467.58,46.3383725415915,141.990567208641
12,95,46,24.7921429527923,31.0298657114618,14.28808120545,8,11,3,14,4,17,4.83661942137405,0,1948.408,99.8366194213741,221.666486577265
11,121,49,25.2539618662558,25.3443426499143,28.8374616322108,13,12,2,15,4,13,3.15515874745324,2,2885.16,126.155158747453,265.239185509144
13,100,24,12.3676356859505,14.9180373875424,33.138118472416,8,9,3,15,2,16,3.95902650547214,0,2262.42,103.959026505472,184.370704319966
7,36,35,23.0897013191134,26.925269968342,13.5369644733146,9,7,3,15,2,16,3.06156647996977,2,702.42,41.0615664799698,142.164263446476
4,92,49,10.4187750048004,33.697510024067,31.7425923212431,11,8,2,14,1,16,5.99665748304687,7,2391.592,104.996657483047,243.718096795637
7,107,56,35.7261399785057,10.6328168977052,13.6723589827307,20,19,3,15,5,12,2.10732154618017,13,2705.16,132,271.830750023741
11,122,55,27.7293615788221,11.553182171192,28.1060744472779,16,9,1,14,3,12,6.8924551482778,5,2720.816,133.892455148278,275.473924756711
8,48,35,18.5589176649228,18.4532305481844,11.1545156454667,17,18,2,14,5,19,2.76616479782388,9,777.224,67,151.511655922148
2,34,55,12.223333560396,25.4732998367399,18.7007258809172,8,9,3,15,4,20,6.81513973558322,6,857.58,47,192.042177427013
1,42,53,34.964160642121,14.2477592360228,16.7923152795993,17,20,1,14,4,20,2.02071226784028,16,1001.224,77,197.389569902684
7,48,54,36.0678948764689,24.8985201655887,39.6615119418129,8,18,1,14,2,18,7.22989640268497,1,912.408,60,191.981134417282
10,127,30,16.3608622760512,37.8513245051727,29.9117931700312,11,18,3,14,1,18,4.15031174989417,1,3075.184,136,234.117099489681
4,104,32,30.2209601714276,34.3018643604591,31.3158470066264,8,16,1,14,4,11,5.46290341066197,4,2569.224,120,224.534967766443
1,103,21,13.4244757844135,16.6769911814481,38.6223301035352,19,16,2,14,5,14,3.33638313226402,18,2709.224,136,208.708664004278
8,98,34,31.4477477991022,15.4466779157519,30.2153916470706,8,9,1,14,1,14,3.17551167053171,0,2296,101.175511670532,211.248618300503
3,36,42,23.3645345363766,30.6402563070878,18.5259448573925,11,17,2,15,3,19,2.55651651485823,8,857.58,58,166.042177427013
13,40,33,24.8506014887244,10.5819341214374,26.3414863310754,18,5,3,15,5,11,2.83326007565483,5,335.16,47.8332600756548,128.28634946594
3,130,44,23.0587727949023,24.3100175936706,20.0923051335849,18,9,3,15,2,16,5.19823950855061,15,3762.42,151,286.107666698322
7,92,22,29.6810146281496,22.1295840316452,19.1514080460183,5,9,1,14,1,20,7.16525801154785,0,2184,99.1652580115478,182.309661310235
1,53,53,22.5465995701961,14.8367283865809,18.8159064180218,18,17,3,14,1,19,2.69079774525017,17,1507.184,86,210.971701625923
9,35,39,13.4788560424931,19.616949041374,27.7426990377717,10,18,3,14,1,16,2.37751280446537,1,555.184,45,140.990567208641
5,35,32,19.0270743379369,38.4357465710491,22.5928147998638,15,8,1,14,4,17,8.09156325692311,10,581.224,53.0915632569231,136.868481189178
2,121,21,28.3156658080406,33.9676337921992,17.2201276593842,20,7,3,14,3,17,8.92847656831145,18,3276,147.928476568311,228.464491965352
6,61,38,17.1390686556697,36.5279617835768,37.637136571575,8,17,1,15,3,16,8.24637400079519,2,1385.16,74,181.502223130788
7,76,22,21.3973375898786,14.8572249058634,19.1235250444151,8,17,2,14,2,17,3.32037945720367,1,1736,87,162.553833349161
8,96,34,39.9690576735884,11.4183031348512,19.8285755421966,10,6,3,15,3,15,4.45404465589672,2,2400,102.454044655897,211.779139805369
12,94,53,39.8502711090259,27.1949068387039,29.8243825137615,20,18,3,14,5,19,3.11769189196639,8,1880.816,108,234.431747329698
1,85,35,13.7382880784571,27.9748565424234,35.0458966102451,5,11,3,14,2,12,6.72667358350009,4,2363.592,99,214.48335754807
2,104,37,14.3931300193071,29.4387478358112,36.2304610013962,7,5,1,14,4,17,5.38088179612532,5,2681.224,114.380881796125,239.473924756711
13,37,39,20.4017273010686,10.0721791596152,29.2377464729361,10,16,1,15,1,17,7.12149479798973,0,330,44.1214947979897,136.582131723238
2,41,49,32.7790641156025,31.4518902124837,29.4808697910048,7,6,1,14,3,18,7.1968441947829,5,956.816,53.1968441947829,185.685352159983
5,62,54,34.8933468945324,13.7256472185254,34.0951971942559,6,5,3,15,4,19,6.73329732078128,1,1517.58,69.7332973207813,217.20644087349
8,65,32,25.631742826663,23.6065262486227,20.0092221237719,16,15,1,14,2,17,6.77464118227363,8,1332.408,80,166.502223130788
8,121,40,22.6741588930599,23.7099561537616,24.1434406302869,19,15,3,14,3,16,8.18813881999813,11,2940,140.188138819998,251.647620994547
15,56,46,29.5761442021467,18.8494588132016,29.5581558556296,6,16,2,15,5,15,2.32822839869186,0,652.74,58.3282283986919,169.103220436745
3,106,56,13.8348035840318,28.6764961364679,35.4449049080722,12,9,3,15,4,16,4.74797391472384,9,2957.58,121,280.473924756711
1,94,23,39.3511624564417,22.0232082228176,26.187895918265,13,15,2,15,4,13,4.45477305096574,12,2675.16,120,204.596010776174
4,97,45,39.6273881662637,29.9991254904307,29.6009470149875,10,20,3,14,1,17,6.81591819040477,6,2571.184,119,241.891793033473
9,64,41,10.707914007362,25.3565654344857,18.9826617133804,10,20,1,15,2,14,2.59236121596768,1,1337.58,76,183.798005388087
2,46,55,22.0864590979181,26.3901588204317,27.0298864785582,5,18,3,15,1,20,8.62106562405825,3,1344.84,65,206.859048397819
15,50,54,38.9284412655979,23.6412918264978,20.4484542598948,20,13,1,14,3,16,7.96277689235285,5,480.816,62.9627768923528,174.694784951342
15,58,38,19.9282332905568,17.6389915542677,10.409259092994,8,16,2,15,3,14,8.14524933206849,0,797.58,66.1452493320685,155.572698931879
8,81,44,23.5703610535711,39.0875549474731,38.4546889457852,5,5,3,14,2,13,7.07974010426551,0,1859.592,88.0797401042655,210.258051091862
14,97,44,36.2162517406978,19.7538146586157,23.0775506119244,17,17,3,14,2,19,4.10477912658826,3,1971.592,104.104779126588,215.197008082131
5,56,30,31.451729524415,27.396539261099,24.8632329679094,17,18,2,14,5,17,4.02470174548216,12,1169.224,81,158.798005388087
14,124,52,35.3835796285421,30.0996815483086,29.8938352218829,8,9,3,15,3,11,5.23303462378681,0,2880,129.233034623787,267.534967766443
3,97,41,13.7697898689657,31.800936080981,28.7623521871865,10,17,3,14,3,15,8.98296220274642,7,2548,118,236.361271528607
5,68,52,17.7237454336137,17.8170085791498,31.0453721764497,18,10,3,14,3,19,2.50165291666053,13,1624,86,217.614876358892
3,83,23,27.8975081583485,15.6615489185788,39.2668720614165,17,17,1,15,2,17,8.70384559943341,14,2267.58,111,186.074922062667
10,52,56,11.8150267843157,37.5294429040514,14.9466521642171,8,20,1,14,1,11,3.87622603680938,0,896,62,193.511655922148
2,107,48,12.8345403820276,21.489479362499,18.2429704372771,16,13,3,15,5,20,2.2901042830199,14,3005.16,132,268.178142499412
13,74,20,34.3825357989408,28.6157085630111,36.9544871081598,16,5,1,14,3,16,8.97686979477294,3,1264.816,85.9768697947729,141.267483883221
7,131,47,31.0832149675116,37.5849163788371,30.1562751666643,19,9,3,15,1,19,6.36128554935567,12,3594.84,149.361285549356,283.464491965352
7,76,40,21.2223559664562,21.3207407551818,20.2203058614396,16,18,2,14,3,15,6.27940717595629,9,1696.408,96,198.553833349161
14,74,39,33.7945093819872,39.0660623088479,16.720114313066,16,17,2,14,5,14,2.50606528087519,2,1169.224,79,176.798005388087
1,118,18,30.1148234633729,14.1319457534701,23.513956007082,20,9,3,15,2,17,6.69298316794448,19,3522.42,145,224.229752717785
13,112,47,31.4879845455289,15.3552103484981,32.6943968283013,7,15,1,14,1,18,7.12497571343556,0,2408,119.124975713436,242.187575290771
5,66,31,32.1869496069849,36.7151833884418,25.2666339767165,18,12,2,15,4,15,2.64897220348939,13,1595.16,86,176.145397863758
3,105,21,13.7173523125239,19.5748835452832,19.47019536281,5,10,1,14,2,18,5.39200824149884,2,2732.408,114,206.239185509144
2,79,40,20.9129279456101,27.6316796545871,22.9956182558089,10,16,2,14,3,15,6.73893384519033,8,2060.408,101,214.605443567533
9,111,18,30.9941588388756,36.455240342766,36.5089523885399,8,11,1,14,1,19,7.29641246725805,0,2604,118.296412467258,192.830750023741
10,97,52,33.3025391842239,25.1568048028275,29.1620499454439,11,16,2,14,4,15,4.73824636684731,1,2076.816,104,241.074922062667
5,70,23,35.8534020860679,34.106324785389,28.4195498377085,7,14,3,14,5,19,4.83879034896381,2,1600.816,81,162.084354854027
1,82,31,17.7496092906222,23.851602228824,21.8869146076031,18,12,3,15,3,11,2.7654150146991,17,2400,110,205.779139805369
11,89,46,30.5090206535533,35.7796293660067,16.3942169770598,14,17,2,15,1,15,2.21237192791887,3,2052.42,98,219.727529586996
2,65,48,22.8514671162702,24.0450180671178,37.8750803484581,13,10,1,15,2,20,6.67566583794542,11,1787.58,84,216.319094101594
5,132,26,23.1157904816791,14.3964944034815,23.2899655983783,20,19,3,14,1,18,7.86118106218055,15,3495.184,161,244.638188203187
14,124,37,38.3923163614236,22.1780932485126,15.8437631395645,5,11,3,14,1,14,4.40804850682616,0,2767.184,128.408048506826,234.534967766443
8,129,34,11.3497974281199,17.3854727903381,22.3155782674439,6,10,3,15,2,15,7.39321610168554,0,3432.42,136.393216101686,252.525534975083
5,63,26,21.2200537719764,13.3359498460777,27.5581608503126,8,15,3,14,2,13,4.29786524758674,3,1523.592,76,159.441180121057
13,125,47,17.8492930019274,16.1405753833242,30.436115313787,8,16,2,15,2,19,4.46553376270458,0,2970,129.465533762705,261.239185509144
5,54,37,24.5800545532256,32.0680960081518,26.9713940029033,8,14,2,15,2,18,7.41706711682491,3,1320,66,173.328526892953
4,129,18,34.4560074340552,35.6033074762672,34.7057187394239,5,14,3,14,4,14,7.05290347756818,1,3348.408,140,227.40344895562
1,40,57,27.2623379225843,21.3286689319648,17.5134636834264,9,16,3,15,3,14,8.36723938211799,8,1140,63,205.92009140755
4,45,53,37.9593223240227,29.7134580486454,11.6859337477945,16,19,3,15,1,11,2.47228040616028,12,1194.84,72,196.685352159983
12,99,28,31.4487175922841,33.6286962334998,16.7169587570243,16,7,3,15,2,13,4.96392793697305,4,2292.42,107.963927936973,193.605443567533
15,102,49,26.2856086180545,29.0658881003037,34.2489175405353,11,16,3,14,1,12,8.17376218223944,0,2095.184,110.173762182239,228.901225824832
1,92,18,35.4635990667157,39.4353558938019,38.5569241363555,14,13,2,14,2,20,3.98097006557509,13,2520,117,189.12653228104
6,107,49,37.4463887210004,25.9032219625078,34.3553751148283,19,5,1,15,2,15,4.51109447912313,13,2807.58,124.511094479123,260.300228518875
8,72,51,16.6749604209326,34.4425791641697,37.5690484582447,7,5,3,14,2,12,7.81665507261641,0,1607.592,79.8166550726164,213.145397863758
9,87,22,26.1092868610285,14.1093737143092,23.5468357685022,6,9,1,14,5,15,2.72956560831517,0,1773.632,89.7295656083152,171.197008082131
4,37,30,17.704701051116,16.9351665815338,19.3243378144689,7,10,3,14,3,15,5.31275271228515,3,812,46,137.807438179446
6,59,43,11.5008411114104,34.8002110840753,39.8631808464415,18,12,2,14,5,14,5.4591385293752,12,1197.224,77,186.032744635654
13,62,48,20.9213900985196,16.816113255918,13.7997415103018,13,8,2,14,2,16,8.22316741105169,0,1008,70.2231674110517,182.450612912416
15,75,24,21.6072401637211,30.1780678424984,20.9407714544795,14,11,3,14,5,19,3.40358794503845,0,1180.816,78.4035879450385,145.56326614052
2,36,39,15.9756525605917,37.8892340720631,28.6258886219002,5,11,1,15,1,15,7.09146121353842,3,960,48,162.511655922148
8,96,48,34.5854020444676,11.4043067744933,13.320817919448,12,5,2,14,1,12,2.23920816997997,4,2279.592,102.23920816998,236.779139805369
5,125,20,20.1008049910888,18.5131396003999,26.638953522779,14,9,3,14,1,16,4.62487403163686,9,3299.184,138.624874031637,223.995013470218
10,62,24,19.4228988955729,20.0794403650798,12.2200586879626,19,7,3,14,5,20,3.04486532579176,9,1096.816,74.0448653257918,141.859048397819
5,102,33,11.2432697671466,29.1417253878899,10.7129980647005,7,18,2,14,3,14,8.29902258492075,2,2536.408,117,221.596010776174
5,87,31,28.1439232523553,26.5078497165814,23.4405127656646,8,12,1,15,5,16,4.16268159053288,3,2140.32,97,202.074922062667
13,59,54,25.6020266469568,19.6405360731296,37.9358120844699,5,7,1,14,1,18,5.26764158019796,0,924,64.267641580198,190.746395169715
1,92,18,34.3400462972932,33.8623493770137,35.3625083132647,14,12,3,15,3,11,2.82432745513506,13,2700,116,192.12653228104
9,82,30,26.9032176351175,29.0884201298468,22.2788760857657,9,6,2,14,3,13,2.27041432773694,0,1752.408,84.2704143277369,181.023311844295
12,75,51,24.7392931045033,33.6173397605307,33.9399495185353,17,17,1,15,5,15,3.62147939298302,5,1360.32,85,209.971701625923
11,53,16,38.5761779756285,32.5004966906272,10.7032394967973,9,8,1,15,3,15,6.32242329395376,0,845.16,59.3224232939538,115.27691667458
15,48,48,34.2477431590669,32.0588968344964,31.9408342987299,7,13,1,14,2,14,8.48406004300341,0,464.408,56.4840600430034,160.225306456208
10,102,50,38.6769067845307,38.0590941431001,21.0520534287207,19,18,1,14,4,16,2.60489327530377,9,2177.224,119,243.248618300503
10,65,32,19.2151459376328,19.6485822740942,24.4304280471988,17,8,1,15,3,20,4.26101439190097,7,1265.16,76.261014391901,164.56326614052
3,121,44,20.8188265818171,21.569800961297,13.4231931017712,14,10,2,14,3,16,3.34540373669006,11,3180.408,139,271.995013470218
1,58,49,37.2343750949949,12.7773473388515,28.6709957011044,5,17,1,15,4,11,4.31687434948981,4,1552.74,78,212.145397863758
9,65,17,10.5811650049873,37.0742521062493,33.6724754446186,15,9,1,14,1,15,6.56807799800299,6,1316,77.568077998003,134.032744635654
11,81,57,13.9007284049876,13.4991515986621,21.3705338421278,10,17,1,14,4,11,2.97449749452062,0,1533.224,87,228.84961560646
11,35,40,38.2549774181098,30.4298688820563,18.8043703418225,10,5,2,14,2,20,7.83019784349017,0,364,42.8301978434902,138.051610218372
12,130,27,10.2494527306408,38.9184309053235,21.6844249959104,16,13,3,14,4,17,8.61476565268822,4,2928.408,142.614765652688,226.882360242114
10,84,25,29.2558728903532,35.5302368593402,12.6508614444174,16,17,3,14,2,14,6.38837016862817,6,1831.592,97,171.023311844295
10,106,26,33.6814890499227,29.3485791701823,22.2088051494211,7,18,3,15,2,13,6.86837922851555,0,2622.42,114,203.187575290771
5,51,48,26.5174765558913,34.9628074537031,11.209687134251,9,12,3,14,4,13,5.67268308438361,4,1108.408,62,188.624309150252
6,51,33,38.8229302386753,12.840081511531,37.0914756599814,19,11,1,14,2,11,4.33642350346781,13,1052.408,69,156.154830655117
8,97,54,25.0090948469006,11.6041526990011,13.5781314712949,17,13,3,14,1,15,8.86009972984903,9,2347.184,114.860099729849,250.013879052936
14,61,42,35.3293710388243,33.6342653166503,27.3266361304559,17,10,3,14,2,18,3.81487818411551,3,963.592,67.8148781841155,166.746395169715
7,70,23,27.6924098958261,35.7631600648165,16.6848419723101,16,19,1,15,5,13,8.1764713821467,9,1510.32,91,160.145397863758
2,82,36,27.5767490826547,31.2329682288691,35.0926534016617,11,19,2,15,2,19,7.51687957951799,9,2340,108,213.309661310235
4,87,26,20.9351421124302,33.8065043464303,39.8906795727089,5,10,2,14,5,15,3.13252000138164,1,2093.224,94,191.544400557802
8,121,43,18.7791396467946,17.8055368550122,17.0592891355045,19,10,1,15,5,19,4.80149537534453,11,2980.32,136.801495375345,260.647620994547
2,43,33,33.6213987600058,28.9948062994517,15.6058702268638,11,14,3,14,2,15,5.76865117973648,9,1131.592,64,156.154830655117
6,61,54,31.6113508143462,19.1615833761171,30.1574412290938,8,14,3,14,5,20,3.14085430069827,2,1292.816,71,210.502223130788
7,99,21,32.649506253656,13.6475826357491,27.149575278163,17,6,2,14,4,20,7.74266897002235,10,2300.816,116.742668970022,188.952836043204
7,69,19,36.4184952317737,38.7451226380654,12.3732340568677,8,19,3,15,3,13,5.84853620524518,1,1650,82,150.910658616191
5,115,50,28.4345237654634,13.8168136379682,16.7840855289251,12,18,1,15,1,11,7.14060313603841,7,3150,135,274.647620994547
10,78,39,33.6438734224066,21.2667777412571,34.9490857473575,12,8,2,14,5,20,3.07446746411733,2,1505.224,83.0744674641173,191.614876358892
15,83,48,20.6175984116271,20.1943994453177,10.3749996772967,8,7,3,15,4,16,4.61880792235024,0,1547.58,87.6188079223502,206.441180121057
4,98,49,28.4774006018415,29.7164272260852,11.2909020693041,19,19,3,15,2,20,7.64569379598834,15,2742.42,128,254.12653228104
6,53,56,17.575961954426,15.427090707235,29.9726994382218,17,18,2,14,2,14,7.65635964926332,11,1148,76,204.624309150252
12,58,45,28.5108111193404,14.0426386357285,25.9843728458509,12,13,1,15,1,19,6.82707022712566,0,1020,64.8270702271257,176.981134417282
8,91,28,10.7574874116108,30.8394690277055,16.9077239441685,18,20,1,15,4,12,6.04657352343202,10,2122.74,113,193.605443567533
10,124,36,24.3286333465949,14.9407767574303,19.6113580535166,14,6,1,15,4,19,5.06945685506798,4,2992.74,133.069456855068,245.412881746979
1,68,28,35.6989484420046,20.3511254792102,18.4730787621811,17,13,2,15,4,19,4.9583782996051,16,1895.16,96,182.492790339429
3,90,47,35.8023095037788,31.7977064847946,19.9155547958799,14,16,3,15,2,13,5.21008945466019,11,2562.42,114,242.718096795637
10,92,28,33.8615811476484,38.2108601578511,33.1489234371111,17,5,2,15,1,18,2.04115665447898,7,2202.42,101.041156654479,189.901225824832
5,71,34,33.6218386841938,31.8542122398503,14.2287643975578,13,6,3,15,2,18,3.21258317376487,8,1872.42,82.2125831737649,188.319094101594
3,79,58,30.115466543939,17.4151400197297,18.5351572325453,8,18,3,14,3,12,6.45451794727705,5,2044,99,248.135965072399
13,114,26,18.2626222074032,25.7317582028918,33.7957101175562,17,20,1,15,1,12,8.19432058907114,4,2640,126.194320589071,205.657053785906
6,47,29,28.7421215418726,24.6453632973135,18.7449098052457,11,6,2,15,3,20,5.48858379642479,5,1007.58,57.4885837964248,146.215873664849
12,91,40,35.0694762868807,38.166339546442,23.7206449452788,15,18,3,15,1,18,7.76020597293973,3,2094.84,101.76020597294,207.727529586996
5,71,27,36.997206308879,35.4449983173981,36.8683781125583,10,18,2,15,4,14,7.38020861241966,5,1745.16,89,174.319094101594
1,39,27,20.0338990334421,22.4078381271102,38.6454465193674,5,16,2,14,3,17,5.93112396355718,4,996.408,58,141.685352159983
4,106,23,32.9238582029939,13.1022172980011,16.4194575068541,17,12,2,15,5,15,3.02590726967901,13,2812.74,127,212.004446261577
4,116,25,21.8247862509452,18.3204760868102,35.9507806552574,18,14,3,15,5,16,5.89467517170124,14,3155.16,140,228.351838737248
13,80,43,18.7563218222931,30.7189194415696,11.8245235295035,17,7,2,15,5,18,6.87622234737501,4,1492.74,90.876222347375,197.675919368624
11,38,57,38.9282545866445,27.0772993844002,25.2293667430058,16,12,2,15,3,19,3.20622440683655,5,437.58,46.2062244068366,178.755827961074
15,57,18,17.9751540324651,13.4287954331376,33.9713098783977,13,17,2,14,1,14,2.81920266803354,0,795.592,59.8192026680335,111.337959684312
13,113,21,10.7134964386933,18.5791201330721,19.6660022228025,7,16,3,15,4,17,6.48762620612979,0,2567.58,119.48762620613,194.422314538339
4,75,20,33.7944890419021,30.8823460596614,30.3487701271661,15,13,3,14,5,15,7.4246772765182,11,1796.816,95,164.727529586996
11,83,58,25.3712895116769,18.0303308437578,29.9619214073755,5,7,3,15,1,19,3.15420104237273,0,1914.84,86.1542010423727,236.319094101594
15,112,21,31.9218466547318,30.0193677656353,16.5416405093856,20,9,1,14,2,14,4.6503872522153,5,2256.408,121.650387252215,185.248618300503
6,94,28,12.4705081456341,32.2390366462059,36.6445973352529,11,12,3,14,5,18,4.31598151102662,5,2216.816,105,199.248618300503
10,124,42,38.4571986133233,33.7344925734214,24.2520473524928,8,19,2,14,1,14,6.30306808790192,0,2951.592,133,254.412881746979
4,55,49,32.5650534243323,32.680742694065,30.5691571347415,5,12,1,15,2,20,7.24000671575777,1,1367.58,64,201.032744635654
10,88,16,26.902118830476,38.6328465631232,13.8973241997883,9,11,2,14,4,14,3.15419930987991,0,1824.816,91.1541993098799,157.962268834563
2,99,44,28.1274093384854,31.9400387303904,35.7991817686707,12,14,2,14,3,15,3.08169792266563,10,2620.408,121,247.300228518875
12,129,45,20.0780954468064,35.8195151481777,36.3531216676347,11,16,2,15,3,17,5.10088920011185,0,3107.58,134.100889200112,264.647620994547
11,51,55,26.5810320293531,24.2683801194653,17.4724874366075,20,20,1,15,2,14,8.09988618991338,9,827.58,69,190.807438179446
15,101,18,14.9063176289201,20.8919879887253,21.7849938082509,17,5,2,15,5,13,5.02625775779597,2,2002.74,108.026257757796,168.666486577265
1,69,48,20.8697327924892,27.7953807939775,28.1672808015719,6,13,1,15,5,19,6.94927729130723,5,1840.32,86,223.727529586996
10,85,31,32.6559537113644,19.0353355696425,37.9570970265195,11,13,3,14,5,11,3.41329153464176,1,1740.816,89.4132915346418,184.258051091862
7,118,23,11.3876482169144,16.0849812091328,34.4254697090946,14,10,1,15,5,12,7.63138127676211,7,2950.32,132.631381276762,219.412881746979
9,102,19,19.6858638897538,39.0650018583983,24.3182858731598,14,14,1,14,5,16,4.68780153640546,5,2193.632,112,183.718096795637
1,80,24,19.736981394235,28.2952639902942,35.520705608651,12,20,3,15,1,17,3.93789296969771,11,2424.84,110,189.309661310235
8,52,51,35.9104793472216,18.2364196097478,28.1222822330892,11,6,2,14,2,14,3.43043848709203,3,1008,58.430438487092,188.450612912416
10,55,39,31.0121848760173,31.0687680519186,17.4173364066519,9,7,3,15,1,16,2.77021527476609,0,1134.84,57.7702152747661,166.215873664849
3,52,19,11.8510069558397,23.9471679599956,23.4496327722445,8,8,2,15,5,18,2.4906381200999,5,1252.74,62,139.798005388087
6,132,41,14.7579721570946,35.6311613786966,13.3541662571952,16,15,1,14,3,15,4.15898318286054,10,3280.816,151,272.168709708053
7,50,46,27.8474248759449,27.8240652522072,29.9672134546563,8,8,3,15,3,15,2.32205676380545,1,1080,53.3220567638054,181.450612912416
10,50,27,17.1150420978665,16.1141228862107,39.136099787429,6,18,2,15,3,11,4.75340498797596,0,857.58,58,136.042177427013
11,96,28,10.9924718458205,15.2737338212319,26.1754764104262,15,9,2,14,4,11,5.7570679821074,4,1992.816,105.757067982107,189.370704319966
4,77,34,36.6743519180454,28.9274449390359,30.2137148054317,19,19,1,15,1,14,6.17080897651613,15,2070,107,198.197008082131
3,80,54,39.360843708273,17.5784816383384,24.7751582134515,10,8,2,15,5,17,6.08122847951017,7,2092.74,93.0812284795102,244.370704319966
9,80,35,20.7966817123815,31.4124268712476,29.2134958948009,9,17,1,15,4,12,6.27174481819384,0,1732.74,88,191.553833349161
5,91,52,15.0027185678482,15.8894791430794,19.1934393858537,19,8,1,14,3,19,5.88470282731578,14,2188.816,110.884702827316,246.013879052936
8,132,29,15.3552211052738,30.6228686915711,24.6632829122245,15,18,3,14,2,17,3.36713953781873,7,3287.592,149,243.229752717785
5,79,41,14.8730263928883,35.990423578769,38.0423011537641,20,11,3,15,3,16,2.99021405819803,15,2070,100,212.197008082131
1,107,29,29.2018759786151,17.5464199576527,15.6429502367973,15,5,2,14,2,13,8.00332269561477,14,2940,129.003322695615,229.647620994547
9,43,28,20.050841702614,32.516896778252,11.5862464532256,15,6,3,15,1,12,8.73685290105641,6,834.84,57.7368529010564,131.868481189178
12,103,38,30.050445208326,35.1967207924463,12.7353740925901,13,16,3,15,3,11,6.73329938738607,1,2370,110.733299387386,218.544400557802
11,54,28,16.3143245526589,20.1290013012476,25.1031885901466,20,19,2,15,1,15,7.24548365199007,9,1002.42,71,140.511655922148
15,74,54,34.9224928324111,24.0280052134767,26.5113415406086,18,6,1,14,2,17,8.52560517191887,3,1192.408,85.5256051719189,204.328526892953
1,96,51,27.2920025396161,15.6990977842361,35.0468996725976,6,19,3,14,3,20,8.55980769637972,5,2632,119,260.065489271308
9,41,24,38.0656070145778,38.9591355575249,30.2600078610703,10,18,3,14,5,18,2.64329938637093,1,564.816,51,118.399002694044
5,59,58,20.5985075305216,27.8421600558795,12.5615173345432,9,18,1,14,1,14,2.79849838954397,4,1372,76,218.502223130788
10,43,40,21.3786773290485,38.6552863498218,15.3879147185944,20,12,2,14,1,12,6.64290970866568,10,683.592,59.6429097086657,150.399002694044
3,54,25,12.2839621151797,29.8940688325092,11.3539230357856,10,8,3,14,2,13,4.19176037423313,7,1383.592,66,151.267483883221
1,64,22,21.2052466371097,13.2640711497515,18.0243487982079,10,13,3,14,1,19,3.40051818778738,9,1815.184,85,162.553833349161
4,129,18,38.0613888707012,21.8377982545644,27.49305420788,15,9,3,15,1,13,6.87935726949945,11,3714.84,146.879357269499,230.40344895562
15,62,35,17.3179470887408,27.028922343161,36.5923610073514,17,17,3,15,3,19,8.6076847051736,2,960,72.6076847051736,154.511655922148
1,38,19,33.9382960973307,24.5620157825761,25.8475091634318,18,10,1,14,1,18,5.42873135069385,17,1008,64,124.450612912416
6,86,33,16.6701229452156,24.5620942302048,20.2001225110143,8,6,3,14,2,18,3.64458897453733,2,2111.592,91.6445889745373,199.370704319966
5,132,30,10.445458884351,21.5014561661519,22.8377415053546,15,16,3,14,3,17,2.97755691222847,10,3416,153,252.638188203187
15,132,57,36.0260415123776,25.0795360119082,14.9209179054014,16,6,2,14,2,19,4.18484205449931,1,2856,137.184842054499,281.943403251845
6,84,29,26.9817477627657,26.9051508163102,20.3748169634491,6,20,2,14,5,12,4.63091243081726,0,1897.224,98,188.901225824832
7,64,55,21.7192253586836,32.9908302100375,21.9851540331729,9,13,1,14,4,15,8.62695682002231,2,1281.224,74.6269568200223,213.736962378356
5,79,49,36.8853110657074,37.1628252067603,10.8915696293116,13,14,1,15,2,12,7.83253875910304,8,2027.58,96,228.197008082131
6,65,58,27.0788057730533,30.2298501506448,12.6581624452956,9,13,2,14,4,17,7.94636682141572,3,1404.816,75.9463668214157,223.441180121057
7,48,37,15.3322961111553,24.5474077318795,14.5312910946086,7,7,2,15,2,20,7.74835141282529,0,1020,55.7483514128253,160.981134417282
1,39,33,28.6468062759377,15.4545062500983,16.2673622439615,14,10,2,14,3,16,8.03725163452327,13,996.408,61,153.685352159983
13,99,44,39.2388485651463,39.2912690714002,38.0156609369442,19,10,3,15,1,15,3.5803351381328,6,2274.84,108.580335138133,223.135965072399
10,67,40,21.5963724115863,13.7439739634283,39.3428419297561,8,18,2,14,3,13,3.57704920228571,0,1276.408,75,180.032744635654
4,73,20,37.2329904115759,15.7723547727801,32.3537929123268,9,15,2,14,5,11,6.84027020074427,5,1701.224,89,162.258051091862
11,122,40,36.6470659803599,28.239298874978,20.5474250693806,8,13,3,14,4,14,6.29905628156848,0,2760.408,128.299056281568,245.473924756711
13,52,21,20.2537166303955,20.231410569977,34.5007929415442,5,15,1,14,5,11,8.11832895735279,0,569.632,60.1183289573528,116.103220436745
10,106,51,13.7852258142084,30.6817774265073,19.5417992305011,14,18,2,14,4,15,3.08804094232619,4,2328.816,118,250.187575290771
5,52,30,39.640065075364,38.3916633133776,37.2328677633777,16,7,2,15,4,16,6.70836021192372,11,1175.16,69.7083602119237,156.859048397819
10,40,23,28.3971384586766,35.3714723256417,33.070078024175,16,8,1,14,1,17,5.21750907273963,6,560,51.2175090727396,112.694784951342
5,132,22,10.2990053337999,39.8029497894458,35.1926617929712,16,8,3,14,4,14,6.34062764560804,11,3376.408,149.340627645608,236.638188203187
13,117,42,32.4501240230165,29.7974099684507,19.1966034704819,17,20,3,14,2,12,7.71592444251291,4,2587.592,128.715924442513,238.361271528607
14,94,42,34.1649792552926,26.17302284576,16.7047591065057,19,5,2,14,4,16,8.54429444228299,5,1768.816,107.544294442283,207.492790339429
10,64,47,15.6016044598073,27.4298155074939,18.8792198081501,17,7,2,14,1,12,3.71320159337483,7,1271.592,74.7132015933748,190.328526892953
2,46,28,39.8052399209701,33.2846042723395,14.1406768886372,11,14,3,15,4,18,3.4203741804231,9,1217.58,67,152.859048397819
2,79,57,21.1847304971889,32.806859924458,13.5602115350775,7,5,2,15,1,11,8.08883011178114,5,2292.42,92.0888301117811,251.605443567533
8,104,55,12.4273252580315,13.5833755880594,19.2682624841109,6,9,2,15,1,19,7.42457693209872,0,2682.42,111.424576932099,263.657053785906
10,38,25,28.1211624317802,24.3453026958741,26.4917398872785,11,15,2,14,3,12,8.05915087345056,1,464.408,47.0591508734506,114.225306456208
2,62,21,32.2467024764046,21.5289182215929,39.7660339600407,15,8,2,14,4,17,4.07064529391937,13,1544.816,81,155.614876358892
3,85,26,35.8487531612627,35.3929559257813,26.971215964295,10,14,3,14,1,17,3.22374605690129,7,2291.184,103,191.544400557802
1,92,25,13.9295740542002,29.4805770530365,17.8124872129411,6,13,3,15,2,20,7.35687747551128,5,2742.42,109,206.12653228104
7,62,45,39.4083301862702,29.4551187334582,23.335362363141,7,11,3,15,3,18,2.74116873368621,0,1440,66,194.267483883221
7,132,43,20.2423380920663,23.790608313866,26.9059135764837,15,6,2,14,2,16,3.13352126488462,8,3304,143.133521264885,273.699231212919
2,61,30,20.8047809638083,29.3872999586165,37.1501886006445,19,20,2,15,5,19,4.89290823694319,17,1582.74,96,175.380137111325
5,42,56,11.8119911104441,36.5107332286425,12.3061924660578,10,12,3,14,5,19,7.63166494760662,5,816.816,54.6316649476066,193.511655922148
4,43,19,17.4716953048483,13.5597283602692,18.0860339477658,11,5,2,15,5,20,8.46570409252308,7,922.74,58.4657040925231,126.215873664849
10,72,43,38.541928443592,20.6689371075481,11.8459016643465,13,20,2,14,4,16,6.90829260181636,3,1376.816,85,192.20644087349
6,84,30,16.5860892040655,12.6854693586938,30.1971014891751,10,9,3,15,1,19,8.09085858054459,4,2244.84,96.0908585805446,193.901225824832
1,87,44,16.0336707881652,20.5304283997975,35.3725660243072,19,9,3,15,3,16,5.01560962223448,18,2550,113,237.952836043204
14,50,25,13.9048321079463,17.0300515345298,27.745981796179,13,7,2,15,1,15,7.98090168461204,0,702.42,57.980901684612,122.164263446476
12,35,39,17.3463109391741,28.208987545222,26.7855583457276,17,7,2,15,2,12,8.54324629716575,5,330,48.5432462971658,136.582131723238
4,129,33,30.6737882224843,18.0475622904487,31.9777568685822,15,19,2,15,4,17,6.9073583628051,11,3545.16,155,260.40344895562
9,129,46,17.353849420324,35.2410001517273,11.4293751958758,18,8,2,14,3,17,5.56880922010168,9,3068.408,143.568809220102,271.056056479949
13,105,41,23.5647144168615,11.0951967141591,11.7761759646237,18,19,1,14,2,13,2.92593095358461,5,2172.408,116,221.544400557802
8,113,43,29.489837680012,21.4295801031403,22.2225135494955,8,11,2,15,5,18,5.49482661345974,0,2782.74,118.49482661346,250.76970701401
13,92,20,14.8638657759875,10.0360087468289,17.5963649107143,11,15,3,14,3,17,7.03144095721655,0,1848,99.0314409572165,163.492790339429
14,86,28,14.7328397678211,33.8092358340509,29.7318030940369,9,15,1,14,1,17,3.38741450686939,0,1624,89.3874145068694,169.614876358892
7,79,20,39.1662477958016,22.5550724798813,36.5848257113248,17,11,3,15,2,11,8.20346034760587,10,1992.42,97.2034603476059,165.258051091862
8,56,55,38.5519330971874,29.7510764421895,20.5558767728508,14,15,3,15,3,12,2.88307022373192,6,1200,69,204.389569902684
14,126,46,39.0641730837524,19.882643497549,14.2259796359576,20,16,1,14,2,11,2.87121484708041,6,2704.408,134.87121484708,255.004446261577
13,38,33,36.5562650677748,12.2808290575631,37.1633290639147,5,14,2,14,2,20,2.68127930583432,0,336,40.6812793058343,122.816870970805
10,89,56,30.5956459115259,26.5118650044315,28.9760614302941,12,6,1,15,5,18,2.56999888643622,2,1900.32,93.5699988864362,242.197008082131
13,79,47,15.4670916916803,22.5731699238531,26.8123503308743,5,16,1,14,2,15,6.03464867756702,0,1444.408,85.034648677567,201.441180121057
3,132,45,29.5884768525138,29.1469702171162,33.2664553076029,12,8,1,15,1,13,8.90216385689564,9,3780,149.902163856896,290.577145193456
9,80,26,19.6702317241579,39.7115566744469,11.2840851512738,20,5,1,14,2,19,6.6515501360409,11,1696.408,97.6515501360409,170.553833349161
15,58,25,38.7114343862049,21.8534272280522,13.8753216550685,18,12,2,15,2,20,4.20188550068997,3,840,65.20188550069,129.572698931879
12,84,40,22.0199282164685,22.1951032942161,13.1950113642961,19,12,3,15,4,11,6.49169881921262,7,1757.58,97.4916988192126,199.084354854027
1,97,31,37.5704140937887,37.4360740068369,20.0161157851107,15,11,1,15,4,20,5.06800493970513,14,2722.74,121,224.300228518875
12,102,48,28.6706794379279,17.1034554229118,19.2607726389542,20,12,1,15,2,14,4.48981717252173,8,2297.58,114.489817172522,237.309661310235
5,102,36,10.2361170458607,11.0382946976461,35.6315929698758,10,18,3,15,1,11,2.25620745797642,5,2844.84,120,230.596010776174
7,64,35,35.1475916709751,27.9941145097837,14.5693373074755,5,16,3,14,5,14,8.2391731494572,0,1320.816,73,173.736962378356
14,77,17,36.5697539318353,15.9623601613566,31.5280773327686,20,7,2,14,3,19,7.2362581260968,6,1332.408,90.2362581260968,136.502223130788
1,41,46,11.7342814034782,38.3896660804749,21.3885023165494,8,18,3,14,1,17,4.5994811761193,7,1171.184,65,182.154830655117
8,106,43,27.5120972422883,26.4476762223057,14.4404856627807,13,17,2,14,2,14,7.32084301835857,5,2520,120,239.12653228104
1,55,54,39.1166499932297,22.7390128280967,32.267934542615,6,12,3,15,5,18,4.23342637182213,5,1505.16,71,218.441180121057
9,96,46,18.1325182085857,13.6603041016497,38.2921791123226,19,15,1,15,1,13,2.01143766986206,10,2340,112,233.309661310235
11,124,19,27.8444110928103,35.6561461347155,13.3726953272708,20,10,1,14,1,12,5.99622002616525,9,2856,138.996220026165,205.943403251845
9,85,29,30.3724333643913,36.1948015773669,16.9867699150927,6,5,3,14,5,18,8.47704126639292,0,1796.816,93.4770412663929,182.727529586996
8,103,28,30.2703952044249,18.0548245459795,36.0388709162362,9,5,2,15,3,15,3.70107688498683,1,2567.58,107.701076884987,208.422314538339
15,104,36,37.1059499774128,16.5045039495453,23.2923547481187,13,5,3,14,4,11,2.40833869716153,0,2032.408,106.408338697162,205.370704319966
15,112,49,15.2248062356375,29.6641943627037,25.4272684222087,16,17,2,15,3,13,7.37147805956192,1,2417.58,120.371478059562,244.248618300503
12,45,48,20.0358465546742,39.9827755521983,10.2261112257838,19,18,2,14,2,17,2.92146573285572,7,588,58,163.929524198909
4,74,44,30.2050377544947,25.7174759008922,37.623870910611,12,9,2,14,3,12,3.5957004930824,8,1808.408,87,211.492790339429
9,43,17,18.4956152620725,23.4235834376886,16.9131408678368,7,20,1,14,4,11,8.36206356226467,0,581.224,54,106.868481189178
10,127,58,17.5517923804,23.1804848671891,19.9139039311558,11,16,3,15,4,17,3.63807775313035,1,3167.58,134,293.117099489681
5,111,52,18.8315805280581,22.1220344444737,37.4425543076359,8,11,3,14,5,14,2.06424522772431,3,2748.816,120,270.708664004278
6,51,41,18.9892352628522,32.2594650415704,20.8172122831456,5,13,1,15,5,15,7.98876009439118,0,1000.32,58.9887600943912,175.154830655117
9,112,47,35.5115958000533,21.4623564947397,29.6206546854228,20,6,3,14,2,12,3.106050390983,11,2671.592,126.106050390983,252.065489271308
4,129,42,15.7612968492322,15.9472447051667,31.9534540083259,6,11,2,14,1,20,3.24041053699329,2,3427.592,138,275.40344895562
11,55,35,32.8789056511596,19.1770940739661,11.2556897220202,10,5,3,15,5,11,4.64273845939897,0,905.16,59.642738459399,155.746395169715
8,124,26,35.9771086461842,38.3631867612712,24.4543439848348,10,6,1,15,1,17,4.64425354311243,2,3240,130.644253543112,230.351838737248
12,132,16,10.1067280443385,10.1403627358377,20.6919472268783,19,9,2,15,4,14,7.64329000702128,7,3155.16,146.643290007021,210.351838737248
9,93,40,22.6365616568364,23.9361922070384,30.0097473524511,16,8,3,14,3,18,4.01149031263776,7,2100,104.011490312638,214.605443567533
5,120,48,14.9568141810596,12.8983722347766,22.4695159704424,10,7,3,14,3,12,8.80714376596734,5,3080,133.807143765967,273.821317232382
7,114,57,12.4733105581254,36.1997427442111,24.515896665398,17,12,2,15,3,16,7.07650694670156,10,2957.58,131.076506946702,282.473924756711
2,46,27,24.8874634155072,35.5962597765028,25.0625931331888,13,12,2,15,4,19,4.34193575615063,11,1175.16,67,150.859048397819
10,107,44,15.8540449407883,10.9747197083198,27.1701708436012,6,6,1,14,2,12,8.91539205401205,0,2396.408,115.915392054012,237.422314538339
6,59,39,15.8211983367801,18.1639229925349,25.977822507266,10,10,3,14,5,18,8.6697044831235,4,1236.816,71.6697044831235,178.032744635654
8,95,38,29.5017128949985,11.0373610025272,11.7650621058419,15,13,3,14,2,14,7.2533941261936,7,2251.592,109.253394126194,215.544400557802
3,62,28,34.8984205094166,15.2947147586383,17.6135282195173,15,8,3,14,1,19,4.62929756334051,12,1647.184,79,167.145397863758
15,114,39,15.8788826572709,17.031907888595,28.3830406074412,6,18,1,14,2,19,2.8706874048803,0,2312.408,117,223.718096795637
9,112,54,13.3510140748695,17.4167578178458,35.1592062995769,7,16,1,15,1,13,2.43813244788907,0,2820,119,269.065489271308
4,83,34,27.911087393295,26.1057470366359,33.7061417358927,12,9,2,14,1,12,3.34437026805244,8,2139.592,96,202.605443567533
15,82,55,14.8412686400115,13.5711820353754,14.0124724735506,6,8,2,14,4,15,5.64814013475552,0,1376.816,87.6481401347555,216.20644087349
12,96,23,23.1919322768226,20.1142564089969,27.3028717585839,16,11,1,14,4,12,7.57670658873394,4,1897.224,107.576706588734,176.901225824832
15,63,50,33.3177823526785,39.5847467845306,33.3440877683461,20,10,3,15,5,13,5.28823750698939,5,905.16,73.2882375069894,185.746395169715
4,43,57,15.6421665637754,19.0013125375845,25.3837601700798,17,13,2,15,5,11,6.17035198956728,13,922.74,65,202.215873664849
3,34,37,39.4876468088478,31.5538440854289,28.3918428770266,8,14,2,15,5,17,2.94976697443053,5,712.74,50,153.572698931879
13,106,43,22.2665500012226,36.1583292973228,14.8499146988615,15,20,1,15,2,15,6.3144023003988,2,2357.58,115,229.779139805369
5,53,41,13.4269949304871,38.5755442478694,17.5621022679843,9,19,1,14,4,17,5.75164772104472,4,1085.224,71,177.093787645386
8,81,34,19.4782481016591,18.0768107250333,32.5083934352733,5,10,3,15,3,16,8.24334709625691,0,1950,89.2433470962569,193.258051091862
12,126,31,37.3296560160816,14.5343420864083,11.7978576011956,13,18,1,15,4,17,5.32993914373219,1,2932.74,133,232.943403251845
5,103,41,32.6083879894577,25.1350469118915,19.6644026623107,7,14,2,14,2,20,5.187072559027,2,2604,114,238.830750023741
4,118,40,16.6269481531344,39.8429575841874,22.3034114809707,18,15,1,15,1,18,8.78093021409586,14,3300,143,260.821317232382
14,48,50,29.7081937803887,34.8332279385068,15.3727998980321,5,9,3,14,4,14,5.08729454735294,0,520.408,53.0872945473529,166.694784951342
13,71,54,39.4064471847378,35.5302972788922,34.2043477273546,13,12,2,14,3,19,6.88889032020234,0,1220.408,77.8888903202023,205.56326614052
11,88,17,38.5827767476439,17.1230060863309,32.0463904622011,15,20,3,14,1,14,4.67592255841009,4,1927.184,101,157.492790339429
10,74,52,30.9005492343567,22.0999344461598,38.8464533025399,19,5,1,15,5,20,4.19647740782239,9,1450.32,87.1964774078224,215.675919368624
9,82,31,15.943391083274,39.498165496625,27.8666957444511,10,19,1,15,1,14,6.86540291341953,1,1920,93,186.023311844295
8,125,30,17.1940370928496,13.3902259729803,20.8863385091536,20,6,1,15,3,20,3.55357228661887,12,3185.16,140.553572286619,239.586577984815
14,123,27,21.2537638167851,28.0923961941153,38.8814969430678,6,7,2,14,2,12,3.53414324834011,0,2660,126.53414324834,213.300228518875
14,47,34,30.9296829276718,36.3157529919408,14.9306703265756,16,14,2,15,5,14,2.17967466264963,2,442.74,51.1796746626496,136.460045703775
12,35,48,23.4461340331472,18.0783379147761,28.4233606071211,16,14,3,15,5,13,7.87989333737642,4,245.16,46.8798933373764,154.582131723238
13,48,23,33.0300540244207,11.273622601293,32.2199573740363,11,18,1,15,4,17,8.90488987974823,0,532.74,56.9048898797482,118.164263446476
1,34,35,25.9321155352518,33.2103856489994,10.3585142199881,11,20,1,14,1,16,2.97664078534581,10,896,63,151.511655922148
15,61,30,37.6032232725993,27.705366180744,10.6881661247462,5,7,2,14,5,12,4.73861529817805,0,749.224,65.738615298178,140.27691667458
12,112,58,23.0470153526403,36.401849463582,15.3677193261683,15,15,2,14,2,18,8.77848257985897,3,2464,123.778482579859,266.657053785906
9,39,40,29.5929449796677,27.0528862741776,39.2151716374792,12,8,2,14,2,16,3.11122638196684,3,588,45.1112263819668,147.929524198909
14,85,58,17.6860128575936,19.89381585503,24.237221616786,17,7,2,14,1,16,6.51324545429088,3,1635.592,94.5132454542909,228.380137111325
2,78,23,16.655286361929,11.9348920229822,23.4214435657486,18,20,2,15,1,11,4.62927564396523,16,2262.42,112,182.370704319966
13,109,53,15.4243153333664,34.7766554984264,25.9336481941864,13,8,2,14,5,13,3.12008633394726,0,2205.224,112.120086333947,250.48335754807
6,35,26,11.7832253826782,13.3524846378714,25.7667636778206,20,17,1,14,1,13,4.09833098878153,14,644,60,122.399002694044
6,80,26,37.8047876758501,36.9208873482421,26.6511466912925,16,20,3,15,1,14,3.21852406440303,10,2124.84,104,180.962268834563
12,56,57,28.5934555740096,34.0585881844163,20.4921319941059,5,11,1,14,5,19,7.46248852647841,0,737.632,63.4624885264784,195.511655922148
11,61,33,23.664649836719,18.5254823300056,35.7660541334189,7,12,3,15,3,14,4.35168500011787,0,1170,65.3516850001179,159.154830655117
9,125,56,22.9439113917761,26.1852394416928,30.3122624964453,9,13,3,15,2,13,7.14043777994812,0,3252.42,132.140437779948,289.117099489681
13,56,34,19.1050332249142,18.7385180871934,30.003410410136,19,11,3,14,3,17,7.48844705638476,6,840,69.4884470563848,147.042177427013
14,65,49,13.1556446314789,39.0468350541778,33.9596382668242,12,5,2,15,3,13,4.17436719266698,0,1067.58,69.174367192667,188.685352159983
15,112,56,27.5806392915547,27.0807356783189,31.5311520872638,9,20,2,14,5,15,6.73144850484096,0,2177.224,118.731448504841,255.248618300503
4,90,34,16.1207162379287,30.7578923227265,10.2241362887435,8,8,1,14,2,11,4.12654878385365,4,2256.408,98.1265487838537,211.248618300503
6,107,31,26.8684251164086,29.4780764449388,36.869573595468,14,20,3,14,4,15,5.19853329239413,8,2620.408,129,221.300228518875
6,115,21,37.2247155592777,39.6104904799722,19.5416446472518,12,12,3,14,3,20,3.55671653943136,6,2884,127,211.178142499412
1,118,41,14.4508099043742,13.5377526865341,26.1039892048575,6,18,2,14,4,18,7.54497626470402,5,3168.816,140,267.229752717785
1,70,32,39.6980246994644,32.4947010236792,38.7765132705681,7,5,3,14,5,13,6.68183696269989,6,1824.816,82.6818369626999,189.962268834563
4,46,23,25.2449161792174,19.5798796834424,12.7111244085245,15,11,3,14,3,11,6.33667306532152,11,1064,64,134.92009140755
2,121,42,25.4533816408366,39.1229571169242,25.5629656370729,13,11,2,15,2,17,4.21754250931554,11,3510,141,273.464491965352
1,95,31,26.5907929302193,22.195402730722,34.6673243143596,9,10,2,15,1,16,3.31854500155896,8,2832.42,112,221.830750023741
8,86,52,30.6295742839575,30.5524136126041,33.4011434810236,18,8,3,14,5,19,4.61137979989871,10,1880.816,100.611379799899,232.431747329698
2,120,33,25.6819765781984,33.9352714107372,14.240377957467,7,6,3,15,1,14,6.83659907290712,5,3564.84,131.836599072907,254.229752717785
14,71,39,20.9678387921304,34.3642507540062,34.4632028508931,8,6,1,15,2,18,5.34244407480583,0,1247.58,76.3424440748058,176.093787645386
8,70,31,17.5353055261075,30.5466882698238,30.0847434671596,15,5,1,15,3,15,2.88227281579748,7,1535.16,79.8822728157975,173.675919368624
4,118,43,15.2825951133855,14.957460090518,20.7915306626819,7,17,1,14,1,12,2.85193114099093,3,3080,134,263.821317232382
8,34,56,29.6477491455153,34.5358575996943,33.001987892203,14,9,2,14,4,16,5.1674278229475,6,424.816,45.1674278229475,176.225306456208
13,65,45,34.8126308154315,18.793529223185,27.9394641937688,9,12,1,15,5,13,7.17642091098242,0,1000.32,72.1764209109824,183.154830655117
6,43,54,15.8346933545545,11.588902992662,29.0457266126759,20,14,2,14,3,20,3.24553190800361,14,828.408,65,188.27691667458
5,89,31,25.5147388833575,20.8192339353263,15.6295154918917,6,7,3,15,2,14,2.0904450500384,1,2412.42,92.0904450500384,204.544400557802
10,84,32,19.3638396076858,18.7350683892146,15.677373141516,11,18,3,14,1,14,7.03978282213211,1,1871.184,93,185.023311844295
1,130,52,15.6410238519311,10.6959064840339,23.3438743115403,14,8,1,15,5,18,2.17076952732168,13,3670.32,150,307.04662368859
6,77,34,12.5176587048918,30.3120112908073,27.7541134506464,9,8,3,15,5,17,3.87197973765433,3,1865.16,83.8719797376543,193.258051091862
14,72,40,27.6773425727151,11.2935569742694,39.1266202181578,17,13,3,15,4,20,6.52145399875008,3,1277.58,81.5214539987501,179.328526892953
12,96,44,31.0130681470037,33.1227292004041,17.946102747228,10,17,2,15,1,13,5.95899700070731,0,2202.42,101.958997000707,221.901225824832
3,55,57,10.2370615047403,36.2125432654284,32.0076948963106,9,13,2,15,5,20,5.04815943329595,6,1342.74,71,219.502223130788
10,77,22,32.5922375568189,24.9003690807149,31.5528953098692,13,19,3,15,4,16,2.30566080380231,3,1667.58,89,159.380137111325
10,51,47,11.8669318663888,30.9790933527984,25.1713105873205,12,14,2,15,3,13,8.92756373528391,2,887.58,61.9275637352839,177.27691667458
3,112,48,33.4641251293942,23.2568315998651,22.3528878437355,8,14,2,15,5,12,4.6982472978998,5,3052.74,128,271.882360242114
6,115,28,33.379706882406,34.9289344158024,14.4088209280744,9,18,2,15,2,17,6.29809274664149,3,3090,130,228.178142499412
5,39,42,17.0532859605737,35.4114463482983,39.076726345811,10,12,1,15,1,18,7.81737669254653,5,870,51.8173766925465,164.807438179446
4,114,39,23.3836033381522,36.7042559711263,38.4582977951504,17,20,3,15,5,16,7.97393934521824,13,3095.16,143,253.882360242114
1,59,46,20.5518122832291,13.8525147899054,18.7272289278917,12,17,2,14,4,17,7.42073236918077,11,1516.816,86,204.380137111325
3,59,23,31.2136641261168,14.5746702305041,37.8253678325564,17,15,3,15,5,15,4.92461413657293,14,1505.16,85,156.441180121057
3,115,42,18.1689737387933,31.9797714659944,20.1193845830858,9,11,2,14,3,20,2.71749250474386,6,3012.408,129,260.586577984815
1,38,22,38.8191219419241,39.060459418688,15.9416210837662,11,17,2,15,2,16,5.78083586855792,10,1080,64,133.450612912416
8,114,23,33.5707571101375,13.8424238725565,15.2815725491382,13,20,2,14,1,19,8.99029078753665,5,2783.592,131,209.004446261577
8,125,33,13.5670689656399,37.5967110367492,17.3862184793688,17,7,3,14,5,12,4.11237050429918,9,2972.816,138.112370504299,242.586577984815
1,81,29,21.3304864708334,32.8232547175139,20.9513220353983,14,6,2,14,2,18,5.56976081011817,13,2212,99.5697608101182,197.544400557802
12,60,39,27.9412116110325,30.9130925638601,29.1535724326968,13,10,3,15,2,13,8.32466236059554,1,1122.42,69.3246623605955,167.450612912416
8,59,56,20.2851219032891,30.2042597322725,14.6137021342292,14,11,2,14,5,20,5.09345531626604,6,1085.224,70.093455316266,207.093787645386
6,44,43,38.8866301253438,17.0333854504861,30.2047849283554,18,20,1,14,3,18,5.15522380615585,12,816.816,70,167.511655922148
15,98,40,25.1867627794854,20.3308814857155,16.1717308894731,12,9,2,15,4,15,8.86390037578531,0,1955.16,106.863900375785,208.962268834563
6,84,44,19.0631796582602,30.8556446130387,19.5665722456761,5,7,2,15,4,17,2.68979059974663,0,2075.16,86.6897905997466,221.901225824832
11,62,22,21.2617701967247,21.6095642908476,38.762554503046,19,7,3,15,3,17,2.57413275772706,8,1200,72.5741327577271,138.389569902684
4,112,35,28.0066482420079,35.5677049304359,13.0965658696368,13,16,2,14,4,11,6.39310969039798,9,2832.816,133,240.412881746979
14,46,43,25.9724694746546,12.7573301037773,37.8599094110541,7,9,2,15,2,15,5.74526450689882,0,540,51.7452645068988,153.225306456208
2,109,16,14.0857030032203,21.1592405149713,19.4920231238939,17,12,2,14,5,11,3.79558816901408,15,2821.224,134,203.647620994547
10,53,40,12.5502550182864,27.1274713054299,24.9061110685579,8,9,1,14,5,14,4.85353727405891,0,765.632,57.8535372740589,162.746395169715
6,111,34,26.5386307332665,11.7153626587242,17.1360446466133,15,6,1,15,2,15,2.6670953806024,9,2927.58,122.667095380602,235.239185509144
5,95,54,20.8445043535903,29.1513519617729,16.6011929675005,13,15,3,15,3,13,5.82317382073961,8,2550,113,257.952836043204
5,128,25,39.4350642594509,18.7719050166197,15.1577041903511,17,11,3,15,1,18,7.0498730216641,12,3624.84,147.049873021664,240.699231212919
9,43,28,11.2185945198871,14.1429196763784,38.422557527665,8,12,1,14,2,18,5.09190990659408,0,660.408,48.0919099065941,128.868481189178
3,66,16,34.7376418253407,18.1532579078339,26.143615944311,16,10,3,15,5,17,5.12504927208647,13,1715.16,86,151.084354854027
1,61,55,39.9728784803301,17.3191165877506,27.0991038018838,18,12,2,14,1,15,5.21756618306972,17,1691.592,89,224.84961560646
11,42,41,24.9059244804084,27.2572151059285,15.2264440525323,14,7,3,15,5,15,2.27582796197385,3,515.16,47.2758279619738,151.694784951342
10,49,35,38.4171271510422,20.4342043050565,23.6474063480273,15,6,1,15,1,19,2.7916432430502,5,870,56.7916432430502,150.807438179446
8,114,48,23.9215308404528,32.8679579566233,31.1134822643362,18,8,1,14,4,18,3.97076389822178,10,2625.224,127.970763898222,259.004446261577
12,86,56,34.635989505332,36.2323711183853,38.1781015638262,7,5,3,15,4,12,2.18834214983508,0,1817.58,88.1883421498351,233.553833349161
13,113,58,14.7453393856995,34.6995152509771,33.4256441122852,19,17,3,14,1,17,3.34289474482648,6,2515.184,123,265.422314538339
3,62,44,37.0747680822387,28.3805025252514,35.9034056845121,16,15,2,14,4,20,2.46081929141656,13,1488.816,87,199.145397863758
7,59,47,39.8835477954708,16.6658587218262,20.1066124904901,11,14,1,14,2,19,7.07739712693729,4,1220.408,70.0773971269373,191.56326614052
5,58,26,17.1776869893074,16.6709910798818,30.5599106941372,12,9,1,14,3,16,5.24448359804228,7,1264.816,70.2444835980423,153.267483883221
8,88,22,10.9629973303527,29.4126750179566,17.3940059170127,15,8,2,14,1,19,4.45270985737443,7,2055.592,99.4527098573744,174.901225824832
14,132,26,36.2673936923966,15.8584730583243,14.9121309327893,9,13,1,14,2,14,2.49332703207619,0,2872.408,134.493327032076,222.412881746979
3,36,41,23.3826314844191,30.5762202292681,32.9776598862372,13,9,2,15,2,13,6.38787124981172,10,900,52.3878712498117,164.042177427013
6,118,56,15.9955947007984,10.8943011099473,21.1794163216837,7,16,1,14,1,12,3.66817066119984,1,2968,129,284.882360242114
3,91,33,11.7003840440884,34.9067727476358,37.9459305014461,7,16,2,14,5,20,8.61214542109519,4,2261.224,108,212.952836043204
15,66,58,11.9750088173896,34.0850414638408,18.6692134174518,17,15,1,14,4,18,4.21123258955777,2,889.224,72.2112325895578,202.450612912416
11,42,24,34.8793044546619,17.1642471943051,22.5274123321287,15,13,2,14,5,15,5.76070217345841,4,441.224,51.7607021734584,114.694784951342
3,69,27,19.2420580564067,19.7653719549999,24.0211499063298,14,10,3,14,2,13,7.20079240575433,11,1803.592,87.2007924057543,173.788572596728
10,36,51,25.4663432203233,25.3217580588534,37.5901551451534,11,11,2,15,5,18,6.79870023182593,1,352.74,43.7987002318259,166.755827961074
9,56,22,25.9236459084786,10.9598244377412,36.1543256882578,12,16,2,14,4,17,5.77581310621463,3,984.816,66,132.92009140755
6,120,26,39.0682506770827,15.6154449866153,33.2236413983628,14,17,1,15,2,16,8.06287802453153,8,3197.58,139,230.351838737248
14,90,44,35.2581902476959,15.8258708845824,24.578031944111,20,15,1,14,5,18,8.68932019872591,6,1577.632,104.689320198726,206.553833349161
1,104,37,32.5265297503211,21.3493335153908,19.4433088088408,17,17,2,14,1,12,6.71278926869854,16,2895.592,136,241.943403251845
10,66,22,37.1552689280361,19.5081597194076,31.812201756984,20,16,2,15,4,14,2.01656157523394,10,1295.16,82,145.798005388087
4,103,36,39.2096192692406,28.6099162278697,23.9984512934461,13,8,1,15,3,14,4.30728165246546,9,2765.16,116.307281652465,234.300228518875
13,91,49,10.5441811564378,20.9254065109417,24.0251396363601,6,12,2,15,1,20,2.71599197201431,0,1992.42,93.7159919720143,223.258051091862
2,104,42,18.0574805336073,33.1658184132539,32.5332915154286,18,15,2,15,1,17,4.59182608406991,16,3042.42,133,252.473924756711
6,82,30,34.3008504505269,16.9419459137134,29.1397897270508,19,14,3,15,4,18,3.23057251540013,13,2057.58,103,191.431747329698
6,127,29,20.6236370629631,19.581001510378,11.9430888048373,11,8,3,15,5,13,7.82417486561462,5,3365.16,139.824174865615,244.995013470218
2,60,18,27.1029488742352,34.8541976581328,38.0997702828608,12,5,3,14,3,11,7.99980082944967,10,1568,77.9998008294497,147.145397863758
2,53,17,31.4783255406655,18.1294290581718,13.4025878272951,14,11,1,15,2,19,2.4768735950347,12,1427.58,74,139.502223130788
9,70,20,13.4713343461044,25.2212081407197,37.4699435941875,14,13,2,15,2,16,3.85220108297653,5,1560,79,149.20644087349
2,36,46,14.4865348190069,13.2130626938306,27.2553835762665,17,5,2,15,4,18,7.91606958187185,15,875.16,58.9160695818719,176.511655922148
11,109,50,37.2561488766223,30.8322586771101,22.4765878799371,19,16,2,15,2,13,8.59847391606309,8,2610,125.598473916063,252.422314538339
5,49,17,18.1496410747059,23.2716237101704,31.0590743040666,10,7,3,14,3,20,3.29018527409062,5,1092,57.2901852740906,124.154830655117
3,54,55,19.3128821556456,30.6108410516754,39.9707015184686,6,12,3,15,3,19,6.69394884607755,3,1440,66,214.267483883221
10,119,16,13.6820436222479,14.0744984941557,38.5378158418462,17,11,1,15,4,18,5.22160311625339,7,2842.74,131.221603116253,199.239185509144
13,93,58,19.3924486078322,32.5170635990798,36.7691374127753,5,18,2,15,4,11,8.68137038405985,0,1925.16,101.68137038406,243.727529586996
3,101,31,29.8227545525879,15.5900463252328,34.3072901130654,5,12,1,14,5,12,4.64542344515212,2,2501.632,112,221.300228518875
6,75,26,17.8022143035196,35.8349243621342,29.6425466029905,20,19,2,15,1,17,4.69469389482401,14,1932.42,102,174.788572596728
5,103,38,12.9017634410411,39.9560637399554,22.6006965059787,6,5,1,15,2,16,3.74531913688406,1,2747.58,107.745319136884,235.830750023741
6,46,38,12.0823197043501,15.4914699611254,34.5919147902168,20,10,2,15,5,19,7.93153919279575,14,892.74,67.9315391927958,162.981134417282
14,92,45,21.4811449078843,10.2442636131309,30.3312077769078,19,10,3,14,5,13,6.87827712949365,5,1712.816,103.878277129494,211.023311844295
13,125,55,24.1001176880673,26.3062097155489,38.7159774196334,7,16,3,15,2,20,6.59335382794961,0,3012.42,131.59335382795,277.239185509144
14,35,28,15.7442628243007,19.9083841266111,18.3038619253784,14,14,1,14,4,20,7.05791267659515,0,77.224,42.0579126765952,106.64317473297
3,69,36,27.8380148415454,18.8685989938676,25.7527515105903,8,6,1,14,5,13,3.46469999128021,5,1605.632,77.4646999912802,191.788572596728
14,88,50,30.7805536012165,21.0371376783587,22.7891449071467,6,9,3,15,4,18,2.94042293168604,0,1757.58,90.940422931686,219.084354854027
2,35,24,38.2816049153917,31.2152716913261,21.4322388218716,5,19,1,15,3,11,6.05804512277246,3,845.16,55,131.27691667458
8,103,41,15.2568322233856,24.7883767541498,29.8401875211857,11,19,2,14,3,12,3.09809753997251,3,2396.408,117,231.422314538339
14,43,44,31.1360346199945,24.0249962429516,14.8603381402791,11,9,1,14,5,14,7.30230652517639,0,261.632,50.3023065251764,148.521088713507
12,38,48,35.3273849748075,38.6273363418877,20.7792056258768,20,18,3,14,2,12,6.46934978407808,8,431.592,52.4693497840781,155.28634946594
4,109,32,18.7101149745286,16.3686806079932,25.646777341608,20,14,2,14,4,13,6.40567822661251,16,2748.816,135,230.708664004278
1,47,27,14.8589836596511,39.9096755986102,35.4846691177227,18,11,1,14,1,13,6.63916883454658,17,1260,74,151.56326614052
8,81,23,29.9446192383766,30.7106506731361,26.7086109519005,7,20,1,15,3,17,7.41097802715376,0,1865.16,93,171.258051091862
6,64,40,23.9824076113291,11.9269531522878,38.3189405803569,7,12,2,14,2,12,8.3611718271859,1,1456,73.3611718271859,186.20644087349
6,56,26,24.0058348840103,19.0278026764281,38.1396272033453,6,10,2,15,1,16,6.97243161126971,0,1362.42,62.9724316112697,151.328526892953
5,50,34,12.656914931722,34.4146944163367,11.7896966519766,12,17,1,14,3,11,7.3998715437483,7,1040.816,69,159.389569902684
9,38,16,17.4813308683224,18.2102271262556,33.3028559503146,6,5,1,14,3,16,8.80740422336385,0,480.816,46.8074042233638,98.6947849513422
6,41,35,10.3302163560875,34.1394850751385,26.2467326037586,9,20,2,14,2,19,7.41537656402215,3,812,58,147.807438179446
8,132,23,33.1948530813679,29.0859161200933,28.0506143486127,20,20,3,15,1,13,5.52336951252073,12,3564.84,156,234.229752717785
3,105,22,33.249690271914,37.6071175257675,26.8364153336734,18,17,2,15,2,15,3.83242040732875,15,2970,134,211.239185509144
7,60,26,19.3417096650228,29.8078290163539,14.1308706137352,19,10,1,14,4,16,4.24847955047153,12,1169.224,76.2484795504715,150.798005388087
2,124,46,22.3712020786479,10.0201175385155,21.1518139252439,17,16,2,14,4,20,5.56953408499248,15,3280.816,153,282.168709708053
1,78,41,22.6711916853674,24.0388806979172,17.375413402915,5,11,3,15,4,18,2.56412579282187,4,2237.58,92,220.8401828151
1,98,18,28.3625871990807,17.6447396469302,32.3082207632251,17,18,3,15,3,19,8.31578515050933,16,2880,131,199.534967766443
11,55,20,16.8670584214851,18.4792250371538,37.7983118593693,5,19,2,14,3,18,3.78582354774699,0,884.408,63,122.746395169715
10,34,38,35.5223451298662,35.4470684588887,22.6854023919441,7,18,1,15,3,19,3.7353104101494,0,335.16,42,138.28634946594
10,83,26,12.9171782080084,29.6876192954369,19.4823002140038,8,7,2,15,4,15,8.55340479407459,0,1805.16,91.5534047940746,174.788572596728
12,86,56,34.3790546897799,10.8792803622782,37.8148870170116,13,10,2,14,5,17,7.66845404799096,1,1617.224,94.668454047991,230.553833349161
14,95,38,30.2301323693246,16.1016397317871,25.4045980563387,5,19,3,14,3,11,5.26359389349818,0,1876,100.263593893498,200.727529586996
6,108,21,23.178593092598,37.6988819660619,13.9657551120035,14,5,2,14,1,17,2.12347114505246,8,2727.592,118.123471145052,202.534967766443
7,124,55,22.3267233348452,39.5688729546964,24.136119778268,19,14,2,15,5,16,6.64590012817644,12,3172.74,143,290.821317232382
1,84,48,32.5671769026667,28.2260528206825,16.7653914610855,13,5,2,14,5,18,2.47926575853489,12,2177.224,100,239.248618300503
9,109,48,31.3942962978035,22.9156378493644,10.0828484073281,5,17,1,14,5,19,7.2259306369815,0,2389.632,117,250.361271528607
5,116,17,17.112267317716,22.451377985999,11.2349805538543,17,5,1,14,5,15,4.2524100355804,12,2809.632,132.25241003558,206.882360242114
6,98,18,16.7982194153592,15.5320126819424,23.7501052953303,19,11,1,15,2,13,7.01906167343259,13,2537.58,118.019061673433,187.187575290771
12,38,40,10.6700124870986,19.8268571333028,11.5954618039541,18,18,2,14,1,12,8.97107110871002,6,431.592,52.97107110871,139.28634946594
9,114,50,29.348582313396,19.3223822326399,32.3496902780607,6,12,1,15,2,12,5.44422204326838,0,2837.58,119.444222043268,263.534967766443
13,117,29,28.2051294809207,16.4054089342244,18.6169270984828,13,8,1,14,2,18,4.63694730144925,0,2508.408,121.636947301449,212.361271528607
10,98,35,39.5482015470043,23.2892982731573,13.6199263576418,16,16,1,15,5,19,3.46530375769362,6,2170.32,110,211.309661310235
12,70,53,34.577861817088,14.7641614452004,22.0867215632461,18,10,1,15,3,14,4.41926904791035,6,1295.16,80.4192690479103,207.798005388087
13,103,36,27.3088700510561,24.3134052306414,13.1848424323834,15,14,2,14,5,19,4.93466149480082,2,2037.224,109.934661494801,209.074922062667
6,86,21,34.9612488877028,31.5293758083135,20.9796708542854,13,9,2,15,2,20,7.02629285398871,7,2220,100.026292853989,178.370704319966
3,101,54,24.578138939105,16.0696236835793,27.508154429961,11,18,2,15,3,16,3.71059437911026,8,2807.58,124,270.300228518875
4,76,33,24.6363921114244,32.4112643254921,34.1364588658325,16,11,1,14,4,17,5.54448679415509,12,1785.224,95,191.962268834563
13,72,34,10.2929108659737,30.5841140891425,11.6048909630626,14,20,1,14,4,17,4.39761336846277,1,1169.224,80,166.798005388087
6,105,16,32.2163918381557,36.1761786020361,18.2494239648804,13,6,1,15,4,13,2.9099239569623,7,2662.74,114.909923956962,191.830750023741
14,97,45,16.3386758882552,33.9246012619697,28.2110647065565,11,8,2,15,3,18,2.8298989564646,0,2027.58,99.8298989564646,220.197008082131
1,80,41,11.2303909030743,15.196083674673,20.2039474947378,11,7,2,14,3,16,5.43611313425936,10,2144.408,96,220.309661310235
11,119,20,31.6195192793384,13.8635306223296,35.421612681821,18,5,1,14,5,15,5.99082271778025,7,2557.632,131.99082271778,201.76970701401
3,57,52,14.1887872875668,17.5357952597551,15.4914078232832,16,12,1,14,3,19,7.92486164881848,13,1348.816,79,208.971701625923
11,72,21,32.1612187358551,15.5310042062774,12.214298218023,8,9,2,15,1,16,5.13851635274477,0,1542.42,77.1385163527448,148.736962378356
1,99,42,22.6417823741212,28.1833584792912,25.2595650986768,17,10,2,15,3,18,4.89014231297188,16,2867.58,124,248.76970701401
2,48,27,24.954998337198,25.3772162995301,39.3018118711188,17,18,2,15,5,11,2.53338512801565,15,1192.74,79,153.328526892953
12,107,46,20.8846783125773,14.4016554555856,14.6598914847709,14,10,3,14,5,12,5.00571639393456,2,2244.816,114.005716393935,236.48335754807
14,95,43,22.7012045006268,39.758048709482,29.5728964870796,13,15,1,14,4,13,4.29306930163875,0,1757.224,99.2930693016388,210.727529586996
4,67,37,24.2399807157926,19.0902223740704,29.9252224597149,5,19,1,14,5,14,6.31199551257305,1,1493.632,83,188.84961560646
8,55,30,12.3715824307874,30.3334232885391,10.245943737682,16,13,3,14,5,12,4.39687796682119,8,1012.816,68,150.154830655117
11,89,31,18.6220777221024,31.8948668101802,16.7764655966312,17,10,2,14,1,20,8.25668616150506,6,1915.592,103.256686161505,186.727529586996
2,98,47,16.2353390781209,22.9685321566649,39.918699178379,19,9,2,14,1,14,6.20634509832598,17,2671.592,122,252.065489271308
14,51,23,36.5834168670699,19.395076117944,39.3311563972384,16,8,3,15,4,19,2.98685134015977,2,647.58,55.9868513401598,119.399002694044
14,70,56,11.4790976862423,24.7251250478439,19.7075526439585,17,18,1,15,3,18,7.61847636965103,3,1175.16,80.618476369651,208.859048397819
10,80,44,35.3705005487427,25.8264524117112,33.8141654478386,5,18,2,14,5,11,8.35490773618221,0,1561.224,88.3549077361822,204.084354854027
6,56,52,37.5318598467857,29.727473652456,28.4331513545476,15,7,3,14,5,17,3.23749587289058,9,1152.816,68.2374958728906,200.328526892953
10,81,46,19.566420072224,18.6515884613618,13.8103521964513,20,5,2,14,5,17,4.52697842475027,10,1589.224,95.5269784247503,209.319094101594
4,89,31,24.8117027804255,26.0433861240745,33.2302172039635,12,17,2,15,4,15,8.34445213386789,8,2345.16,110,207.013879052936
9,120,27,10.436441374477,15.8688533259556,33.6673903116025,8,9,3,15,5,11,8.63354751118459,0,2975.16,128.633547511185,224.943403251845
2,38,44,34.896309254691,22.0059436326846,25.9419795125723,13,15,3,14,4,19,5.95638397941366,11,912.408,62,171.981134417282
9,113,52,36.9997761584818,26.198013657704,22.5933806272224,18,7,1,15,3,12,2.82784572266974,9,2765.16,124.82784572267,266.300228518875
6,64,40,24.2490474064834,18.6347059533,17.7454808261245,19,14,1,15,4,20,5.34457328077406,13,1432.74,85,189.20644087349
10,68,43,10.726244985126,39.9476546235383,14.0581083949655,12,13,3,14,4,18,8.19361987477168,2,1304.408,78.1936198747717,187.267483883221
11,77,24,38.5260298522189,12.987012732774,22.093264979776,7,5,2,14,1,15,6.79545726440847,0,1579.592,83.7954572644085,157.910658616191
10,61,32,38.1725650443695,28.1196594028734,22.3901123087853,5,18,2,15,1,11,3.84071506955661,0,1272.42,69,159.624309150252
14,130,35,32.455834124703,18.4594615153037,37.2858159383759,17,17,2,15,3,17,4.3176825044211,3,3017.58,137.317682504421,240.943403251845
7,123,43,39.9019023403525,35.8244771580212,22.4828357994556,9,18,1,15,1,12,5.47013924107887,2,3270,136,265.586577984815
15,126,26,29.7117890091613,20.1547948899679,26.6329956240952,20,12,3,15,1,18,4.70096545363776,5,2964.84,135.700965453638,215.534967766443
14,122,18,23.2443234953098,10.1400707592256,10.210230613593,8,15,1,15,3,20,5.79222342162393,0,2735.16,127.792223421624,197.065489271308
14,76,36,27.636850066483,16.0641485755332,10.2032320736907,9,10,3,14,5,13,3.96657181810588,0,1264.816,79.9665718181059,173.267483883221
2,34,49,12.6446459698491,10.4429140337743,22.2364889481105,11,12,2,14,1,12,2.08896725159138,9,879.592,53,177.042177427013
2,112,51,24.04793249676,23.7032760842703,32.2940750862472,7,19,3,15,4,15,2.0944896612782,5,3197.58,134,280.351838737248
12,53,45,22.2620044951327,35.7438254868612,15.7553351856768,11,12,3,14,3,15,6.99314864305779,0,812,59.9931486430578,167.807438179446
15,81,33,33.1618558615446,13.8931788108312,25.2894687047228,10,7,3,14,2,18,7.722975037992,0,1467.592,88.722975037992,170.971701625923
3,114,39,27.055268920958,14.1705333534628,16.605599054601,8,19,2,15,5,12,7.42883354634978,5,3112.74,135,256.351838737248
8,112,49,32.7186100860126,23.5369822056964,20.5805525300093,20,15,2,14,5,18,6.94186328467913,12,2569.224,131,258.534967766443
14,128,24,36.7988725774921,21.2690710299648,14.7651797276922,11,19,3,15,4,18,7.48673830833286,0,2957.58,135.486738308333,216.473924756711
4,58,33,31.9274919223972,24.2428565886803,28.0820414074697,17,16,2,15,1,18,3.91271709953435,13,1542.42,83,172.736962378356
3,107,37,28.9808607194573,38.4861547360197,36.8824637471698,19,19,3,15,3,13,5.12925835279748,16,3030,139,243.708664004278
15,45,25,24.1715730563737,29.5432240748778,13.08128393488,7,19,2,14,2,15,2.47604051046073,0,420,49,110.521088713507
7,49,32,13.0353784863837,13.2644263189286,12.1885196049698,11,5,1,14,1,16,5.83769090939313,4,980,58.8376909093931,149.215873664849
3,109,20,20.310242054984,36.9642184698023,25.4786914400756,7,9,2,15,2,13,7.09804425761104,4,3090,120.098044257611,212.178142499412
7,42,45,17.1941783139482,33.4278294350952,14.3154424405657,18,20,3,14,3,19,6.09753244952299,11,784,66,166.572698931879
1,99,48,34.3333453219384,31.5164000354707,21.5596187999472,9,10,2,15,5,20,6.44072353467345,8,2782.74,116,260.76970701401
5,105,57,36.0334456176497,22.5362700480036,17.5715168984607,8,15,3,15,3,17,2.82963353465311,3,2850,118,276.300228518875
14,92,57,15.2052809693851,17.1282185474411,17.0772552210838,18,6,1,15,4,19,6.51242022379301,4,1792.74,102.512420223793,238.023311844295
7,112,24,39.5952652557753,19.2930633202195,39.9024805799127,6,10,3,14,4,18,5.94968428788707,0,2704.408,117.949684287887,211.004446261577
7,111,51,25.7224332308397,24.5129928458482,32.0704672555439,17,14,1,14,4,11,4.20324424770661,10,2597.224,128,263.76970701401
7,103,52,37.8557464201003,23.1569643807597,21.7587536945939,16,17,2,14,2,14,8.19123342866078,9,2492,122,255.891793033473
3,55,49,11.8169576395303,32.9571330104955,33.6424275022,12,12,3,15,4,15,3.48634088505059,9,1427.58,73,203.502223130788
11,58,47,21.0622031940147,36.1817540274933,37.2746822214685,8,18,3,14,4,18,7.44732102286071,0,968.408,65.4473210228607,180.450612912416
14,97,41,23.1717721722089,24.3540586903691,34.881657178048,15,5,2,15,5,20,8.20362350833602,1,1942.74,106.203623508336,212.197008082131
8,54,31,35.872581040021,33.2217181427404,28.6196165834554,18,5,2,15,1,18,6.84754479466937,10,1182.42,70.8475447946694,153.92009140755
1,39,22,17.2205099021085,38.2120577571914,35.1499252556823,11,6,2,15,5,17,7.10245453077368,10,982.74,56.1024545307737,134.685352159983
8,44,27,10.0924614723772,16.9677623920143,27.1986701246351,17,10,2,14,4,11,4.1437880913727,9,704.816,57.1437880913727,130.572698931879
12,129,28,25.1902909530327,27.8370527038351,10.7759995362721,16,18,2,15,2,11,6.91615645191632,4,3150,139.916156451916,230.647620994547
4,53,46,21.8392128893174,39.8298746626824,21.6798633267172,18,5,3,14,2,13,8.44342566095293,14,1299.592,75.4434256609529,189.56326614052
13,130,50,23.2385269831866,11.8097279267386,19.5967413554899,6,8,3,15,1,14,5.74202773277648,0,3204.84,135.742027732776,273.412881746979
4,128,48,22.4226006143726,10.2487183082849,12.9567967960611,13,10,3,14,1,12,7.61203878489323,9,3439.184,144.612038784893,286.168709708053
3,128,33,29.6624622005038,39.7791856480762,32.5480930972844,10,18,1,14,4,11,7.63240294228308,7,3297.224,150,258.638188203187
14,74,29,26.5888147591613,32.8371546440758,32.5588463246822,12,20,3,14,3,12,8.17299457220361,0,1288,82.1729945722036,156.798005388087
11,81,50,17.2282720194198,23.2932217163034,25.3005808312446,5,15,1,15,5,17,4.14462715410627,0,1600.32,85.1446271541063,217.84961560646
15,48,35,34.0242249867879,37.4903632863425,17.6964217913337,13,10,2,15,5,16,6.88201615866274,0,412.74,54.8820161586627,137.225306456208
9,51,20,36.9749977020547,12.886550524272,34.6918586757965,18,9,3,14,3,11,8.98004784341902,9,924,68.980047843419,122.746395169715
2,123,30,31.2815599306487,26.6470716963522,10.4245520220138,5,7,2,15,3,18,2.19337740470655,3,3527.58,131,251.933970460486
13,101,26,21.3239565002732,24.6414271835238,33.2834255741909,8,20,1,15,4,19,2.54910071869381,0,2122.74,108,189.605443567533
14,119,56,28.7114204466343,13.1810236233287,10.5806354782544,7,12,1,14,3,14,6.67325836559758,0,2468.816,125.673258365598,266.361271528607
9,101,50,31.5259993402287,15.0034836470149,18.2229555910453,5,6,1,15,2,11,2.82068169210106,0,2447.58,103.820681692101,247.48335754807
5,45,39,33.9493663073517,29.9191944813356,32.7344164135866,6,8,1,14,5,14,2.48482280503958,1,821.632,49,163.215873664849
15,103,42,22.1181367896497,35.0988410692662,19.1889105318114,12,9,3,15,1,19,7.73744461103342,0,2274.84,110.737444611033,219.135965072399
4,64,42,33.9721619547345,16.0818975768052,19.7967256861739,6,10,1,15,3,18,7.17830412252806,2,1595.16,73.1783041225281,198.145397863758
4,82,32,13.7997100292705,18.130198859144,24.7572857886553,11,12,2,14,2,11,2.60564242606051,7,2072,97,197.370704319966
8,124,56,26.4771287073381,30.7883306313306,20.763224165421,16,10,3,15,4,20,8.61029229592532,8,3197.58,140.610292295925,290.351838737248
8,94,48,18.1746583315544,21.5274959173985,32.4924472835846,15,17,1,14,5,19,5.15789933735505,7,2025.632,110,234.309661310235
1,111,55,34.6390785300173,37.8564703301527,25.7362152589485,7,5,3,15,1,13,4.51286260783672,6,3354.84,121.512862607837,289.586577984815
8,40,18,20.0728261354379,18.0655527184717,15.2478559035808,13,15,2,15,3,16,8.66542732506059,5,677.58,53.6654273250606,110.633741941611
4,64,36,32.773339911364,16.6252250433899,19.3094386602752,7,8,2,14,1,16,6.66626093629748,3,1607.592,73.6662609362975,183.145397863758
15,67,40,19.4774388778023,29.0569855622016,39.1836433601566,6,7,3,15,3,13,4.67166879633442,0,1110,71.6716687963344,170.685352159983
10,66,44,19.2759667173959,10.3259571478702,33.4756290121004,17,14,1,14,3,13,4.07527393125929,7,1208.816,77.0752739312593,186.798005388087
9,110,20,26.3542432175018,10.3659615060315,22.0025340560824,5,13,2,14,2,13,8.87550722854212,0,2576,118.875507228542,195.596010776174
12,63,39,10.5918953637592,28.188283755444,30.4863539687358,10,11,3,14,2,17,5.32446806994267,0,1131.592,68.3244680699427,168.154830655117
11,86,32,29.9108838592656,12.5020616175607,12.4681196035817,13,11,1,15,1,13,6.20156368217431,2,1920,94.2015636821743,188.023311844295
3,103,22,14.6497283224016,31.4779105666094,23.6756810499355,9,14,3,15,5,13,7.7818988871295,6,2825.16,120,208.76970701401
1,46,34,37.4007574934512,12.2189346048981,26.4837320335209,15,14,1,15,3,12,8.00833750120364,14,1235.16,73,167.328526892953
13,86,18,13.3319144835696,22.1493015158921,13.0530491168611,12,9,1,14,3,13,5.24133187253028,0,1600.816,91.2413318725303,152.084354854027
1,62,38,15.8688342850655,36.5466186078265,34.2207195819356,20,7,1,14,4,14,2.90195089462213,19,1561.224,87,192.084354854027
14,37,34,38.7233039853163,14.7529192664661,13.2082769274712,12,19,3,15,2,19,7.16602570633404,0,312.42,44.166025706334,124.112653228104
15,52,57,32.6300400309265,34.0195534657687,16.5310337208211,10,18,3,15,3,12,3.11497843335383,0,660,55.1149784333538,186.164263446476
2,123,29,19.6575601724908,32.6961986580864,27.0714319404215,14,5,3,15,3,11,3.5062769879587,12,3570,138.506276987959,249.933970460486
14,103,19,31.3478687824681,28.5013811010867,11.1099301930517,20,7,1,15,3,13,3.5417813740205,6,2165.16,112.541781374021,175.605443567533
4,64,49,32.7251520426944,18.317312693689,13.5032840934582,5,6,2,15,4,19,2.52164722513407,1,1595.16,67.5216472251341,212.145397863758
11,98,49,16.5624278108589,12.4325991375372,15.7309478288516,13,13,1,14,5,11,4.49794424744323,2,1969.632,104.497944247443,233.8401828151
15,40,35,33.3515856112354,15.6183329713531,18.4413910470903,13,18,1,14,4,18,3.76952929468825,0,161.224,43.7695292946883,124.347392475671
11,46,33,15.0031610904261,22.6740185311064,13.6105790059082,8,12,3,14,4,14,4.05412068124861,0,632.408,50.0541206812486,137.633741941611
9,108,39,18.8320781337097,16.8881324888207,13.2842453848571,13,14,2,14,3,19,3.58319179387763,4,2480.408,117,231.12653228104
15,78,36,14.3137646559626,27.8063450357877,38.6121128499508,6,14,3,15,1,20,4.10999834351242,0,1524.84,82.1099983435124,176.267483883221
1,100,20,13.7450951337814,35.084243894089,34.6174409193918,5,8,3,14,1,19,6.65576145122759,4,2823.184,111,203.004446261577
9,129,56,23.065888590645,16.7480752943084,18.4531160094775,14,12,1,14,2,18,6.08037570514716,5,3068.408,140.080375705147,291.056056479949
11,111,39,32.3317702440545,27.6385063864291,38.41405170504,11,14,1,14,2,14,4.73398392274976,0,2452.408,115.73398392275,229.891793033473
5,106,25,20.8819879312068,24.3733747862279,26.4768488076515,7,5,2,14,4,19,7.47436655918136,2,2608.816,115.474366559181,210.534967766443
2,50,16,18.9923474006355,12.184049654752,10.6448682653718,12,19,1,14,1,11,6.77710668416694,10,1288,77,130.798005388087
5,78,32,32.2322718636133,11.1198859591968,21.7673510545865,9,16,1,14,5,18,3.26008678879589,4,1745.632,93,189.962268834563
14,62,52,39.6618665102869,33.3934961049818,22.0677606016397,10,7,2,15,1,11,4.72789582237601,0,1062.42,66.727895822376,190.981134417282
11,131,20,35.6016533006914,29.8449858464301,35.8055009762757,11,8,3,14,1,13,2.37728285556659,0,3131.184,133.377282855567,216.586577984815
3,99,21,34.9542945623398,10.866968834307,34.5979083678685,12,14,3,14,1,14,8.72014397429302,9,2683.184,119,198.830750023741
14,99,21,22.0478417421691,35.021623687353,38.1527908495627,20,15,2,15,4,15,3.50158815667965,6,2045.16,108.50158815668,174.666486577265
1,125,37,34.5366988703609,17.6975222234614,11.5549045894295,20,17,1,15,3,14,2.75985905039124,19,3605.16,160,270.872927450755
1,40,50,31.0897484794259,33.5825993772596,15.7818569382653,5,14,3,15,1,20,6.2500637951307,4,1224.84,57,191.92009140755
13,86,44,10.9785509365611,34.4582922081463,14.050105381757,17,10,2,14,5,11,2.11800966924056,4,1561.224,92.1180096692406,204.084354854027
8,70,49,30.1986309560016,12.9225634760223,15.196654223837,17,16,3,15,3,15,2.42436260799877,9,1620,87,209.675919368624
3,68,44,28.7312191864476,18.9010696974583,19.0018610772677,7,15,2,15,5,18,7.20545483729802,4,1732.74,84,209.553833349161
2,101,16,27.2087245318107,22.8532362217084,21.4024783368222,16,5,2,15,1,18,3.25535019254312,14,2952.42,118.255350192543,196.76970701401
5,85,25,31.4846163406037,20.0006582844071,25.8615852985531,7,18,3,15,2,13,4.70262918784283,2,2292.42,100,187.605443567533
7,84,33,17.0714603224769,16.5537262917496,39.7435636632144,12,10,2,15,5,19,6.92158546345308,5,1972.74,95.9215854634531,197.431747329698
8,72,46,29.5214918465354,23.6792309675366,10.2807900751941,19,5,3,14,4,19,2.41772804548964,11,1528.408,85.4177280454896,203.145397863758
13,121,57,17.4296687915921,21.5486142691225,24.1795128071681,12,16,3,14,2,19,7.06787165487185,0,2699.592,128.067871654872,273.300228518875
10,103,49,26.6184428310953,39.0047378954478,17.6974419946782,6,9,1,15,5,15,6.72507306491025,0,2320.32,109.72507306491,245.48335754807
7,63,20,14.3828919017687,39.7510731499642,28.3788367337547,14,15,2,14,2,19,3.69544544233941,7,1372,78,142.502223130788
4,100,24,34.8050106386654,17.1658839704469,29.7307710791938,14,17,1,14,3,18,3.73995896545239,10,2496.816,123,203.596010776174
4,90,16,13.3734936616383,28.708132065367,15.1482502697036,8,12,2,14,5,13,4.44254869571887,4,2177.224,102,175.248618300503
5,34,55,10.2852383651771,10.7099979929626,18.1025788397528,18,5,2,15,4,16,7.29325061570853,13,635.16,54.2932506157085,184.633741941611
4,62,58,15.7417445792817,24.731770073995,26.5847065299749,20,18,3,15,3,19,2.99383725970984,16,1620,92,227.675919368624
11,59,22,37.4248906970024,16.4164922968484,20.8366445661522,19,7,2,15,3,12,2.99680440383963,8,1067.58,69.9968044038396,134.685352159983
13,71,34,38.737064646557,32.7089850837365,12.6342528639361,20,13,3,15,3,20,8.42309949127957,7,1350,86.4230994912796,168.56326614052
12,129,40,34.178069664631,38.2476081326604,14.7288621566258,6,19,2,15,3,18,3.82507880195044,0,3107.58,136,254.647620994547
5,128,22,29.4508593156934,10.3757002088241,39.0143737802282,9,8,2,15,2,20,2.47872865968384,4,3540,135,234.699231212919
8,102,54,34.569356427528,26.7045814427547,20.033620398026,20,20,2,15,2,20,3.22811146290042,12,2580,126,259.187575290771
15,102,43,35.864613133017,16.4737395499833,35.5547765432857,15,13,2,14,4,15,4.81737802037969,0,1936.816,106.81737802038,216.901225824832
15,66,28,17.2042285301723,23.2967551634647,10.3022000542842,10,12,2,14,2,12,4.00835326197557,0,1008,70.0083532619756,142.450612912416
6,81,41,17.7674336591735,32.7506048092619,21.4318245812319,7,17,1,14,1,13,5.7107335308101,1,1932,93,209.197008082131
1,46,37,20.17803813098,18.4679140918888,17.3480355436914,12,18,1,15,3,17,6.19711713423021,11,1235.16,74,173.328526892953
5,48,53,17.9230635706335,25.733138367068,22.5363784958608,18,11,2,14,1,17,4.44797118799761,13,1103.592,67,194.92009140755
13,68,53,39.6560862590559,17.4023568839766,20.0543026532978,14,15,2,14,4,13,7.33544526970945,1,1096.816,76.3354452697095,199.859048397819
14,109,49,20.069390044082,39.2403818736784,12.7223428455181,18,19,1,14,1,17,8.781817833893,4,2268,121.781817833893,240.013879052936
1,63,35,35.5340992752463,33.7285196292214,14.4175989110954,19,9,2,14,1,19,2.97644527279772,18,1747.592,89,187.319094101594
3,64,21,27.3499503103085,27.6718494575471,37.2606850368902,10,11,1,15,3,13,7.52154202247038,7,1655.16,79,158.614876358892
10,52,52,18.1546664168127,26.3268934236839,32.7409098809585,17,18,1,14,3,18,2.29575558006763,7,816.816,67,185.511655922148
8,85,18,23.2243157178164,28.4564747754484,27.7922788960859,17,16,2,15,3,13,6.10164086311124,9,2027.58,102,166.197008082131
2,45,57,29.5696754963137,26.7382150446065,33.1175825162791,6,20,2,15,1,12,2.63701216503978,4,1272.42,67,209.624309150252
9,71,40,23.8967969408259,36.4528860058635,22.7345337765291,18,8,2,14,1,20,5.14208242273889,9,1523.592,85.1420824227389,187.441180121057
13,124,47,36.8443365721032,23.877576852683,23.9506393601187,16,7,2,15,1,17,8.46771774627268,3,2982.42,135.467717746273,260.004446261577
12,55,54,35.0147097208537,10.1663730316795,25.3317853435874,10,11,3,15,1,14,8.55826789978892,0,1014.84,63.5582678997889,191.27691667458
3,58,48,15.996779371053,26.3559889513999,32.7131818048656,13,19,2,14,2,20,2.38818615651689,10,1456,84,202.20644087349
6,113,30,37.5019714399241,16.6675486881286,13.2791330106556,15,6,1,14,1,20,7.66326876543462,9,2828,129.663268765435,226.708664004278
4,90,29,34.6159774111584,25.3652905276977,24.9813265097328,12,17,2,14,1,15,7.26562366099097,8,2335.592,111,201.248618300503
13,131,58,21.4881218224764,29.2120582866482,28.4553503082134,20,8,3,14,4,12,7.2060147030279,7,2900.408,145.206014703028,287.647620994547
2,39,58,24.1914939135313,19.0579643542878,25.7363096671179,7,6,1,14,1,12,5.90634924615733,5,980,49.9063492461573,201.215873664849
2,102,42,19.286568518728,24.3172003189102,24.1422215732746,8,11,3,14,5,12,5.4056866064202,6,2664.816,117,247.004446261577
6,99,16,10.5741046415642,26.1708963639103,34.9258475075476,7,8,1,14,4,11,8.88146011950448,1,2317.224,108.881460119504,181.422314538339
3,52,53,16.9175427919254,32.6724833971821,33.4772434644401,15,10,2,14,4,16,2.43757793772966,12,1208.816,71,204.798005388087
9,71,58,28.9543818193488,24.0617266506888,39.4039906444959,14,5,3,15,1,11,3.61347045842558,5,1674.84,79.6134704584256,226.441180121057
2,107,17,15.7288781763054,36.9462797860615,37.0325469761156,13,9,2,14,5,19,3.91211408283561,11,2765.224,125,203.178142499412
9,86,46,35.8425262593664,39.0414689178579,30.6374225812033,18,14,1,15,1,12,7.75659124646336,9,2040,102.756591246463,220.962268834563
4,52,18,32.5871526054107,36.2738908547908,20.9971864125691,10,15,2,15,3,12,7.81496888771653,6,1277.58,69,135.328526892953
7,34,28,26.6672381083481,36.931136851199,34.8391290218569,17,5,3,14,1,13,6.52606585877948,10,639.184,50.5260658587795,122.694784951342
1,83,48,30.7427359558642,33.7566871405579,24.1534806974232,5,9,3,14,4,20,2.84438128117472,4,2228.408,95,238.013879052936
1,115,36,20.9745663939975,20.0223514391109,24.7284419136122,11,15,3,15,3,15,7.78506847866811,10,3390,139,256.525534975083
14,60,24,10.4131694324315,19.3136405572295,28.0401585111395,15,18,1,14,4,12,5.72762776096351,1,777.224,66.7276277609635,129.511655922148
10,106,46,28.0964182363823,15.8814564603381,37.8078874782659,17,7,1,15,2,18,7.42615791247226,7,2537.58,120.426157912472,243.187575290771
4,44,22,15.603139786981,34.8960082186386,37.9358337097801,12,17,1,14,3,19,4.96026753005572,8,928.816,65,130.450612912416
3,71,18,29.8644868959673,29.6698751137592,28.2513535884209,10,11,3,15,5,12,2.03772278525867,7,1865.16,86,161.258051091862
4,75,37,21.2090116553009,34.7593538532965,39.3612401862629,20,12,3,15,3,11,6.53830546094105,16,2010,99,201.727529586996
9,54,16,20.5402501951903,39.446373891551,32.4125112453476,13,19,3,15,4,14,8.66899978229776,4,1037.58,68,121.450612912416
4,73,44,18.0255964305252,36.2000314518809,21.4790030173026,6,14,2,14,3,13,5.12066774233244,2,1780.408,85,210.258051091862
3,40,36,16.478764382191,27.7807603171095,14.9549540551379,15,8,3,15,1,14,2.62230946007185,12,1104.84,57,158.981134417282
9,64,16,10.5627179238945,29.4201943953522,11.9386729248799,5,13,1,14,2,20,7.67539180326276,0,1248.408,71.6753918032628,130.798005388087
7,90,20,33.4805677062832,18.2742947340012,31.9140954338945,9,6,2,15,3,12,8.70853448775597,2,2237.58,100.708534487756,178.8401828151
1,93,29,30.1659069512971,22.1900725876912,26.2561427149922,9,14,1,15,1,16,2.39584634662606,8,2730,114,215.361271528607
6,111,24,19.070353792049,38.7181591102853,23.8343368424103,7,19,3,14,1,13,5.40288510685787,1,2851.184,125,212.239185509144
2,37,43,12.9641559883021,19.250835319981,13.1932289805263,13,14,1,14,5,20,4.53827760112472,11,765.632,60,168.746395169715
8,73,21,11.4840577472933,10.5503038992174,33.4543757117353,18,8,1,15,2,20,6.38949777372181,10,1667.58,89.3894977737218,157.380137111325
15,105,22,22.4243321758695,22.6864750590175,37.2992254607379,18,17,1,15,3,13,2.858494192129,3,2165.16,110.858494192129,181.605443567533
3,43,24,38.5421380889602,37.9950304259546,22.5142602110282,14,19,1,15,5,14,6.626806671964,11,940.32,70,138.685352159983
1,39,16,14.7638658853248,21.8720192462206,39.2488581500947,13,15,2,15,1,15,3.10608612140641,12,1152.42,65,122.685352159983
3,81,47,32.0927990344353,27.9832398355938,28.3955239364877,8,6,2,14,5,19,4.27306883898564,5,1981.224,90.2730688389856,228.605443567533
6,106,23,16.7718441854231,14.8494142643176,19.3086793995462,13,15,2,15,4,13,6.56257928907871,7,2735.16,122,207.065489271308
10,93,30,33.5375405708328,27.9224702971987,14.3113737180829,9,10,3,14,1,16,3.62525789951906,0,2123.184,96.6252578995191,192.135965072399
15,37,39,21.5821605804376,27.5523104495369,34.9397382908501,16,12,1,14,2,12,6.93367246934213,1,156.408,44.9336724693421,128.64317473297
15,66,20,10.7064272393472,36.538038647268,35.3679968602955,18,12,2,14,1,17,8.75979303568602,3,1047.592,77.759793035686,126.450612912416
9,41,18,22.0904750493355,37.8543561906554,32.6308151194826,17,8,2,14,1,20,2.50313770864159,8,683.592,51.5031377086416,106.399002694044
14,47,35,10.6386059010401,17.1846144855954,38.3070654142648,11,6,2,14,4,15,5.06545445765369,0,452.816,52.0654544576537,135.460045703775
1,36,47,26.1734292074107,39.1119701601565,11.7200845619664,14,20,1,14,3,17,6.90752809983678,13,872.816,68,177.981134417282
13,49,25,21.2700345995836,23.2921363017522,11.3934152387083,7,11,3,14,3,20,5.94906653929502,0,644,54.949066539295,120.399002694044
2,46,47,20.057756465394,38.3834870182909,36.8741067661904,18,5,3,15,1,11,5.74577557598241,16,1344.84,67.7457755759824,190.859048397819
13,115,16,13.6721376446076,21.4619337115437,35.7071123598143,19,12,3,14,4,19,6.77359633590095,6,2452.408,127.773596335901,183.891793033473
4,126,45,16.5533041651361,21.9338517216966,10.8395570982248,11,17,1,14,4,12,7.17624818324111,7,3185.224,146,277.699231212919
4,37,31,10.1596323959529,25.6059343391098,33.5588366747834,7,11,3,15,4,18,6.22095860843547,3,827.58,47,142.807438179446
12,63,22,34.9119074386545,11.8092669500038,23.0740547296591,9,13,1,14,4,16,8.17591922543943,0,973.224,71.1759192254394,134.154830655117
14,130,28,14.1870208643377,26.6227427194826,12.3320964095183,10,8,1,15,4,19,6.56747174775228,0,2932.74,136.567471747752,226.943403251845
11,112,27,34.3924526311457,23.2417211867869,27.6295808679424,9,17,2,15,1,12,7.19354855665006,0,2742.42,119.19354855665,210.12653228104
13,38,45,21.9632940087467,19.48089560261,33.3225627965294,20,10,2,15,4,16,2.98742338223383,7,275.16,47.9874233822338,149.816870970805
11,63,50,34.5304986927658,18.8486476894468,33.3077955106273,20,5,3,15,1,12,4.267024458386,9,1314.84,76.267024458386,195.624309150252
13,68,49,25.5992531310767,34.0958704706281,24.8562607052736,8,8,1,14,5,17,6.95610186900012,0,1017.632,74.9561018690001,191.859048397819
